/* SPDX-License-Identifier: GPL-2.0-or-later */
/*
 * Reconstructed from dramc_pi_calibration_api.o.
 * This file preserves section bytes, symbols and ELF relocations.
 * Replace raw encodings with equivalent mnemonics as they are audited.
 */

.globl gDramcSwImpedanceResule
.comm gDramcSwImpedanceResule,16,4
.globl Another_Rank_CKE_low_another_rank
.comm Another_Rank_CKE_low_another_rank,1,1
.globl Another_Rank_CKE_low_backup_rank
.comm Another_Rank_CKE_low_backup_rank,1,1
.globl Another_Rank_CKE_low_backup_another_reg0x24
.comm Another_Rank_CKE_low_backup_another_reg0x24,4,4
.globl DlyPerBit
.comm DlyPerBit,320,4

.section .text,"ax",@progbits
.balign 16
.set mips16
.set __recon_dramc_pi_calibration_api_1_start, .
.local Round_Operation
.type Round_Operation, @function
Round_Operation:
.insn
.byte 0x11, 0x25, 0xbb, 0xec, 0x01, 0x2d, 0xe5, 0xe8, 0x12, 0xea, 0x31, 0xea, 0xb8, 0xea, 0x12, 0xeb
.byte 0x6f, 0xe4, 0xc1, 0x42, 0xd8, 0xed, 0x12, 0xed, 0x93, 0xe5, 0x82, 0xeb, 0x05, 0x61, 0x46, 0x67
.byte 0x20, 0xe8, 0x31, 0xea, 0xff, 0xf7, 0x1f, 0x6a, 0xa0, 0xe8, 0x00, 0x65
.local TxWinTransferDelayToUIPI
.type TxWinTransferDelayToUIPI, @function
TxWinTransferDelayToUIPI:
.insn
.byte 0x3f, 0x6b, 0xac, 0xeb, 0x06, 0x92, 0x60, 0xc2, 0xba, 0x35, 0xa4, 0x35, 0xb5, 0xe6, 0xab, 0x32
.byte 0x48, 0x33, 0x77, 0xe5, 0x05, 0x93, 0xa0, 0xc3, 0x49, 0xe7, 0x04, 0x93, 0x20, 0xe8, 0x40, 0xc3
.local Set_RX_DQM_DelayLine_Phy_Byte
.type Set_RX_DQM_DelayLine_Phy_Byte, @function
Set_RX_DQM_DelayLine_Phy_Byte:
.insn
.byte 0xc3, 0x64, 0x03, 0x25, 0x01, 0x75, 0x0c, 0x60, 0x15, 0x10, 0x3f, 0x6a, 0x4c, 0xee, 0xc0, 0x35
.byte 0x0a, 0xb4, 0xcd, 0xed, 0x27, 0xf7, 0x1f, 0x6e, 0x00, 0x18, 0x00, 0x00, 0x00, 0x65, 0x0a, 0x10
.byte 0x3f, 0x6a, 0x4c, 0xee, 0xc0, 0x35, 0x06, 0xb4, 0xcd, 0xed, 0x27, 0xf7, 0x1f, 0x6e, 0x00, 0x18
.byte 0x00, 0x00, 0x00, 0x65, 0x43, 0x64, 0xa0, 0xe8, 0x18, 0x0e, 0x04, 0x00, 0x68, 0x0e, 0x04, 0x00
.local Set_RX_DQ_DelayLine_Phy_Byte
.type Set_RX_DQ_DelayLine_Phy_Byte, @function
Set_RX_DQ_DelayLine_Phy_Byte:
.insn
.byte 0xf4, 0x64, 0x06, 0x67, 0x03, 0x25, 0x01, 0x75, 0x43, 0x60, 0x83, 0x10, 0x60, 0xa6, 0x3f, 0x69
.byte 0x2c, 0xeb, 0x41, 0xa6, 0x2c, 0xea, 0x60, 0x35, 0x00, 0xf6, 0x40, 0x34, 0x8d, 0xed, 0x6d, 0xed
.byte 0x40, 0x32, 0x40, 0x32, 0x3d, 0xb4, 0x3e, 0xb6, 0x00, 0x18, 0x00, 0x00, 0x4d, 0xed, 0x62, 0xa0
.byte 0x2c, 0xeb, 0x43, 0xa0, 0x2c, 0xea, 0x60, 0x35, 0x00, 0xf6, 0x40, 0x34, 0x8d, 0xed, 0x6d, 0xed
.byte 0x40, 0x32, 0x40, 0x32, 0x37, 0xb4, 0x36, 0xb6, 0x00, 0x18, 0x00, 0x00, 0x4d, 0xed, 0x64, 0xa0
.byte 0x2c, 0xeb, 0x45, 0xa0, 0x2c, 0xea, 0x60, 0x35, 0x00, 0xf6, 0x40, 0x34, 0x8d, 0xed, 0x6d, 0xed
.byte 0x40, 0x32, 0x40, 0x32, 0x30, 0xb4, 0x2e, 0xb6, 0x00, 0x18, 0x00, 0x00, 0x4d, 0xed, 0x46, 0xa0
.byte 0x2c, 0xea, 0x67, 0xa0, 0x6c, 0xe9, 0x40, 0x35, 0x00, 0xf6, 0x20, 0x33, 0x6d, 0xed, 0x4d, 0xed
.byte 0x20, 0x31, 0x20, 0x31, 0x29, 0xb4, 0x26, 0xb6, 0x00, 0x18, 0x00, 0x00, 0x2d, 0xed, 0x41, 0x10
.byte 0x60, 0xa6, 0x3f, 0x69, 0x2c, 0xeb, 0x41, 0xa6, 0x2c, 0xea, 0x60, 0x35, 0x00, 0xf6, 0x40, 0x34
.byte 0x8d, 0xed, 0x6d, 0xed, 0x40, 0x32, 0x40, 0x32, 0x21, 0xb4, 0x1d, 0xb6, 0x00, 0x18, 0x00, 0x00
.byte 0x4d, 0xed, 0x62, 0xa0, 0x2c, 0xeb, 0x43, 0xa0, 0x2c, 0xea, 0x60, 0x35, 0x00, 0xf6, 0x40, 0x34
.byte 0x8d, 0xed, 0x6d, 0xed, 0x40, 0x32, 0x40, 0x32, 0x1a, 0xb4, 0x15, 0xb6, 0x00, 0x18, 0x00, 0x00
.byte 0x4d, 0xed, 0x64, 0xa0, 0x2c, 0xeb, 0x45, 0xa0, 0x2c, 0xea, 0x60, 0x35, 0x00, 0xf6, 0x40, 0x34
.byte 0x8d, 0xed, 0x6d, 0xed, 0x40, 0x32, 0x40, 0x32, 0x13, 0xb4, 0x0d, 0xb6, 0x00, 0x18, 0x00, 0x00
.byte 0x4d, 0xed, 0x46, 0xa0, 0x2c, 0xea, 0x67, 0xa0, 0x6c, 0xe9, 0x40, 0x35, 0x00, 0xf6, 0x20, 0x33
.byte 0x6d, 0xed, 0x4d, 0xed, 0x20, 0x31, 0x20, 0x31, 0x0c, 0xb4, 0x05, 0xb6, 0x00, 0x18, 0x00, 0x00
.byte 0x2d, 0xed, 0x74, 0x64, 0xa0, 0xe8, 0x00, 0x65, 0x08, 0x0e, 0x04, 0x00, 0x3f, 0x3f, 0x3f, 0x3f
.byte 0x0c, 0x0e, 0x04, 0x00, 0x10, 0x0e, 0x04, 0x00, 0x14, 0x0e, 0x04, 0x00, 0x58, 0x0e, 0x04, 0x00
.byte 0x5c, 0x0e, 0x04, 0x00, 0x60, 0x0e, 0x04, 0x00, 0x64, 0x0e, 0x04, 0x00
.local ExecuteMoveDramCDelay
.type ExecuteMoveDramCDelay, @function
ExecuteMoveDramCDelay:
.insn
.byte 0xf5, 0x64, 0x05, 0x67, 0x04, 0xd6, 0x44, 0xa5, 0x08, 0x72, 0x04, 0x61, 0x00, 0x18, 0x00, 0x00
.byte 0x80, 0x9d, 0x0f, 0x10, 0x00, 0x18, 0x00, 0x00, 0x80, 0x9d, 0x61, 0x98, 0x62, 0x33, 0x83, 0x67
.byte 0x11, 0xec, 0x62, 0x33, 0x6b, 0xeb, 0x01, 0x69, 0x2b, 0xe9, 0x26, 0xeb, 0x24, 0xec, 0x2c, 0xea
.byte 0x46, 0xec, 0x05, 0x6b, 0x6b, 0xeb, 0x22, 0x67, 0x6c, 0xe9, 0x4c, 0xa0, 0x08, 0x72, 0x04, 0x61
.byte 0x00, 0x18, 0x00, 0x00, 0x82, 0x98, 0x10, 0x10, 0x00, 0x18, 0x00, 0x00, 0x82, 0x98, 0x63, 0x98
.byte 0x62, 0x33, 0x83, 0x67, 0x11, 0xec, 0x62, 0x33, 0x6b, 0xeb, 0x01, 0x6d, 0xab, 0xed, 0xa6, 0xeb
.byte 0x65, 0x67, 0x64, 0xec, 0x6c, 0xea, 0x46, 0xec, 0x48, 0x32, 0x25, 0xe2, 0x04, 0x93, 0x29, 0xe3
.byte 0x00, 0x52, 0x06, 0x61, 0x4b, 0x31, 0x28, 0x35, 0xb7, 0xe2, 0x00, 0x6a, 0x04, 0xd2, 0x04, 0x10
.byte 0x01, 0x6b, 0x04, 0xd3, 0x00, 0x69, 0xb1, 0x67, 0xc1, 0x98, 0x46, 0x67, 0x11, 0xea, 0x08, 0x72
.byte 0x04, 0x61, 0x00, 0x18, 0x00, 0x00, 0x80, 0x98, 0x0e, 0x10, 0xc2, 0x36, 0x46, 0x67, 0x11, 0xea
.byte 0xc2, 0x36, 0xcb, 0xee, 0x01, 0x6b, 0x6b, 0xeb, 0x66, 0xee, 0xc3, 0x67, 0x80, 0x98, 0xa4, 0xea
.byte 0x00, 0x18, 0x00, 0x00, 0xc4, 0xea, 0xc3, 0x98, 0x46, 0x67, 0x11, 0xea, 0x08, 0x72, 0x05, 0x61
.byte 0x82, 0x98, 0x00, 0x18, 0x00, 0x00, 0xb1, 0x67, 0x0f, 0x10, 0xc2, 0x36, 0x46, 0x67, 0x11, 0xea
.byte 0xc2, 0x36, 0xcb, 0xee, 0x01, 0x6b, 0x6b, 0xeb, 0x66, 0xee, 0xc3, 0x67, 0x82, 0x98, 0xb1, 0x67
.byte 0xa4, 0xea, 0x00, 0x18, 0x00, 0x00, 0xc4, 0xea, 0x04, 0x92, 0x75, 0x64, 0xa0, 0xe8, 0x00, 0x65
.local MoveDramC_TX_DQS
.type MoveDramC_TX_DQS, @function
MoveDramC_TX_DQS:
.insn
.byte 0xc5, 0x64, 0x03, 0x25, 0x01, 0x75, 0x0c, 0x60, 0x15, 0x10, 0x0c, 0xb2, 0x04, 0xd2, 0x0c, 0xb2
.byte 0x05, 0xd2, 0x0c, 0xb3, 0x06, 0xd3, 0x07, 0xd2, 0x00, 0x18, 0x00, 0x00, 0x04, 0x05, 0x0a, 0x10
.byte 0x06, 0xb2, 0x04, 0xd2, 0x08, 0xb2, 0x05, 0xd2, 0x06, 0xb3, 0x06, 0xd3, 0x07, 0xd2, 0x00, 0x18
.byte 0x00, 0x00, 0x04, 0x05, 0x45, 0x64, 0xa0, 0xe8, 0xa4, 0x08, 0x03, 0x00, 0x0b, 0x00, 0x03, 0x00
.byte 0xa0, 0x08, 0x03, 0x00, 0x0b, 0x04, 0x03, 0x00
.local MoveDramC_TX_DQS_OEN
.type MoveDramC_TX_DQS_OEN, @function
MoveDramC_TX_DQS_OEN:
.insn
.byte 0xc5, 0x64, 0x03, 0x25, 0x01, 0x75, 0x0c, 0x60, 0x15, 0x10, 0x0c, 0xb2, 0x04, 0xd2, 0x0c, 0xb2
.byte 0x05, 0xd2, 0x0c, 0xb3, 0x06, 0xd3, 0x07, 0xd2, 0x00, 0x18, 0x00, 0x00, 0x04, 0x05, 0x0a, 0x10
.byte 0x06, 0xb2, 0x04, 0xd2, 0x08, 0xb2, 0x05, 0xd2, 0x06, 0xb3, 0x06, 0xd3, 0x07, 0xd2, 0x00, 0x18
.byte 0x00, 0x00, 0x04, 0x05, 0x45, 0x64, 0xa0, 0xe8, 0xa4, 0x08, 0x03, 0x00, 0x0d, 0x10, 0x03, 0x00
.byte 0xa0, 0x08, 0x03, 0x00, 0x0d, 0x14, 0x03, 0x00
.local MoveDramC_TX_DQ
.type MoveDramC_TX_DQ, @function
MoveDramC_TX_DQ:
.insn
.byte 0xf6, 0x64, 0x04, 0x67, 0x26, 0x67, 0x03, 0x25, 0x01, 0x75, 0x34, 0x60, 0x65, 0x10, 0x34, 0xb2
.byte 0x04, 0xd2, 0x34, 0xb2, 0x05, 0xd2, 0x34, 0xb2, 0x06, 0xd2, 0x32, 0xb2, 0x07, 0xd2, 0x00, 0x18
.byte 0x00, 0x00, 0x04, 0x05, 0x2e, 0xb2, 0x04, 0xd2, 0x30, 0xb2, 0x05, 0xd2, 0x2e, 0xb2, 0x06, 0xd2
.byte 0x2e, 0xb2, 0x07, 0xd2, 0x90, 0x67, 0x04, 0x05, 0x00, 0x18, 0x00, 0x00, 0xd1, 0x67, 0x2c, 0xb2
.byte 0x04, 0xd2, 0x28, 0xb2, 0x05, 0xd2, 0x2b, 0xb2, 0x06, 0xd2, 0x26, 0xb2, 0x07, 0xd2, 0x90, 0x67
.byte 0x04, 0x05, 0x00, 0x18, 0x00, 0x00, 0xd1, 0x67, 0x25, 0xb2, 0x04, 0xd2, 0x23, 0xb2, 0x05, 0xd2
.byte 0x24, 0xb2, 0x06, 0xd2, 0x21, 0xb2, 0x07, 0xd2, 0x90, 0x67, 0x04, 0x05, 0x00, 0x18, 0x00, 0x00
.byte 0xd1, 0x67, 0x32, 0x10, 0x1a, 0xb2, 0x04, 0xd2, 0x1f, 0xb2, 0x05, 0xd2, 0x1a, 0xb2, 0x06, 0xd2
.byte 0x1d, 0xb2, 0x07, 0xd2, 0x00, 0x18, 0x00, 0x00, 0x04, 0x05, 0x15, 0xb2, 0x04, 0xd2, 0x1b, 0xb2
.byte 0x05, 0xd2, 0x15, 0xb2, 0x06, 0xd2, 0x19, 0xb2, 0x07, 0xd2, 0x90, 0x67, 0x04, 0x05, 0x00, 0x18
.byte 0x00, 0x00, 0xd1, 0x67, 0x12, 0xb2, 0x04, 0xd2, 0x13, 0xb2, 0x05, 0xd2, 0x11, 0xb2, 0x06, 0xd2
.byte 0x11, 0xb2, 0x07, 0xd2, 0x90, 0x67, 0x04, 0x05, 0x00, 0x18, 0x00, 0x00, 0xd1, 0x67, 0x0c, 0xb2
.byte 0x04, 0xd2, 0x0e, 0xb2, 0x05, 0xd2, 0x0b, 0xb2, 0x06, 0xd2, 0x0c, 0xb2, 0x07, 0xd2, 0x90, 0x67
.byte 0x04, 0x05, 0x00, 0x18, 0x00, 0x00, 0xd1, 0x67, 0x76, 0x64, 0xa0, 0xe8, 0x38, 0x0a, 0x03, 0x00
.byte 0x0b, 0x00, 0x03, 0x00, 0x30, 0x0a, 0x03, 0x00, 0x0d, 0x10, 0x03, 0x00, 0x34, 0x0a, 0x03, 0x00
.byte 0x2c, 0x0a, 0x03, 0x00, 0x0b, 0x04, 0x03, 0x00, 0x0d, 0x14, 0x03, 0x00
.local vSetDramMRWriteLevelingOnOff
.type vSetDramMRWriteLevelingOnOff, @function
vSetDramMRWriteLevelingOnOff:
.insn
.byte 0xf4, 0x64, 0x04, 0x67, 0x25, 0x67, 0x07, 0x25, 0x25, 0xb2, 0x80, 0xa2, 0x80, 0x6b, 0x6b, 0xeb
.byte 0x8d, 0xeb, 0x60, 0xc2, 0x05, 0x10, 0x22, 0xb2, 0x80, 0xa2, 0x7f, 0x6b, 0x8c, 0xeb, 0x60, 0xc2
.byte 0x42, 0x98, 0x04, 0x72, 0x08, 0x61, 0x3c, 0x36, 0x90, 0x67, 0x01, 0x6d, 0x40, 0x6a, 0x00, 0x18
.byte 0x00, 0x00, 0x4d, 0xee, 0x30, 0x10, 0x05, 0x72, 0x2e, 0x61, 0x3c, 0x37, 0x90, 0x67, 0x00, 0x6d
.byte 0x01, 0x6e, 0xff, 0x6a, 0x04, 0x4a, 0x00, 0x18, 0x00, 0x00, 0x4d, 0xef, 0x24, 0x29, 0x4c, 0x98
.byte 0x40, 0xf6, 0x00, 0x72, 0x08, 0x61, 0x90, 0x67, 0x00, 0x6d, 0x00, 0xf3, 0x10, 0x6f, 0x00, 0x18
.byte 0x00, 0x00, 0xc5, 0x67, 0x0a, 0x10, 0x40, 0xf7, 0x0a, 0x72, 0x07, 0x61, 0x90, 0x67, 0x00, 0x6d
.byte 0x20, 0xf5, 0x00, 0x6f, 0x00, 0x18, 0x00, 0x00, 0xc5, 0x67, 0x00, 0x18, 0x00, 0x00, 0x64, 0x6c
.byte 0x08, 0xb0, 0x90, 0x67, 0x10, 0x6d, 0x00, 0x18, 0x00, 0x00, 0xc5, 0x67, 0x90, 0x67, 0x00, 0x6d
.byte 0x00, 0x18, 0x00, 0x00, 0x08, 0x6e, 0x74, 0x64, 0xa0, 0xe8, 0x00, 0x65, 0x00, 0x00, 0x00, 0x00
.byte 0xc0, 0x08, 0x03, 0x00
.globl vSetRankNumber
.type vSetRankNumber, @function
vSetRankNumber:
.insn
.byte 0x01, 0x6a, 0x20, 0xe8, 0x40, 0xdc, 0x00, 0x65
.globl vSetRank
.type vSetRank, @function
vSetRank:
.insn
.byte 0x11, 0xed, 0x20, 0xe8, 0xa1, 0xdc, 0x00, 0x65
.globl u1GetRank
.type u1GetRank, @function
u1GetRank:
.insn
.byte 0x20, 0xe8, 0x44, 0xa4
.globl vSetCalibrationResult
.type vSetCalibrationResult, @function
vSetCalibrationResult:
.insn
.byte 0x11, 0xee, 0x41, 0x9c, 0x01, 0x6b, 0x64, 0xed, 0xa7, 0x42, 0x0d, 0x4d, 0xa8, 0x35, 0xb5, 0xe4
.byte 0xe0, 0x9d, 0x6d, 0xef, 0xe0, 0xdd, 0x08, 0x2e, 0x12, 0x4a, 0x48, 0x32, 0x51, 0xe4, 0x6f, 0xeb
.byte 0x41, 0x9c, 0x4c, 0xeb, 0x20, 0xe8, 0x61, 0xdc, 0x12, 0x4a, 0x48, 0x32, 0x51, 0xe4, 0x41, 0x9c
.byte 0x4d, 0xeb, 0x20, 0xe8, 0x61, 0xdc, 0x00, 0x65
.globl vGetCalibrationResult_All
.type vGetCalibrationResult_All, @function
vGetCalibrationResult_All:
.insn
.byte 0x11, 0xed, 0x47, 0x45, 0x0d, 0x4a, 0x48, 0x32, 0x49, 0xe4, 0x40, 0x9a, 0x40, 0xde, 0x12, 0x4d
.byte 0xa8, 0x35, 0xb1, 0xe4, 0x41, 0x9c, 0x20, 0xe8, 0x40, 0xdf, 0x00, 0x65
.globl vPrintCalibrationBasicInfo
.type vPrintCalibrationBasicInfo, @function
vPrintCalibrationBasicInfo:
.insn
.byte 0xa0, 0xe8, 0x00, 0x65
.globl vApplyConfigAfterCalibration
.type vApplyConfigAfterCalibration, @function
vApplyConfigAfterCalibration:
.insn
.byte 0xf4, 0x64, 0x31, 0xb0, 0x90, 0x67, 0x00, 0x6d, 0x00, 0x18, 0x00, 0x00, 0x03, 0x6e, 0x2f, 0xb1
.byte 0x91, 0x67, 0x00, 0x6d, 0x00, 0x18, 0x00, 0x00, 0x03, 0x6e, 0x2d, 0xb4, 0x00, 0x6d, 0x00, 0x18
.byte 0x00, 0x00, 0x03, 0x6e, 0x90, 0x67, 0x04, 0x6d, 0x00, 0x18, 0x00, 0x00, 0xc5, 0x67, 0x91, 0x67
.byte 0x04, 0x6d, 0x00, 0x18, 0x00, 0x00, 0xc5, 0x67, 0x25, 0xb4, 0x04, 0x6d, 0x00, 0x18, 0x00, 0x00
.byte 0xc5, 0x67, 0x24, 0xb4, 0x24, 0xb6, 0x00, 0x18, 0x00, 0x00, 0x00, 0x6d, 0x23, 0xb4, 0x00, 0x6d
.byte 0x00, 0x18, 0x00, 0x00, 0x0f, 0x6e, 0x22, 0xb1, 0x22, 0xb4, 0x00, 0x6d, 0x00, 0x18, 0x00, 0x00
.byte 0xd1, 0x67, 0x21, 0xb0, 0x90, 0x67, 0x21, 0xb6, 0x00, 0x18, 0x00, 0x00, 0x00, 0x6d, 0x20, 0xb6
.byte 0x20, 0xb4, 0x00, 0x18, 0x00, 0x00, 0xa6, 0x67, 0x1f, 0xb6, 0x20, 0xb4, 0x00, 0x18, 0x00, 0x00
.byte 0xa6, 0x67, 0x1f, 0xb4, 0x1f, 0xb6, 0x00, 0x18, 0x00, 0x00, 0x00, 0x6d, 0x1e, 0xb4, 0x00, 0x6d
.byte 0x00, 0x18, 0x00, 0x00, 0xf0, 0x6e, 0x1d, 0xb4, 0x1d, 0xb6, 0x00, 0x18, 0x00, 0x00, 0x00, 0x6d
.byte 0x1c, 0xb6, 0x1d, 0xb4, 0x00, 0x18, 0x00, 0x00, 0xa6, 0x67, 0xc0, 0xf7, 0x10, 0x6c, 0x00, 0x18
.byte 0x00, 0x00, 0x00, 0x65, 0x90, 0x67, 0x00, 0x6d, 0x00, 0x18, 0x00, 0x00, 0xd1, 0x67, 0x74, 0x64
.byte 0xa0, 0xe8, 0x00, 0x65, 0xb0, 0x00, 0x04, 0x00, 0x30, 0x01, 0x04, 0x00, 0xb0, 0x01, 0x04, 0x00
.byte 0x2c, 0x02, 0x03, 0x00, 0x00, 0x00, 0x80, 0x03, 0x84, 0x02, 0x04, 0x00, 0x00, 0x00, 0x00, 0x80
.byte 0x9c, 0x02, 0x04, 0x00, 0xa0, 0x02, 0x04, 0x00, 0x00, 0x00, 0x00, 0x02, 0x00, 0x00, 0x00, 0x20
.byte 0x64, 0x00, 0x03, 0x00, 0x00, 0x00, 0x00, 0x11, 0xc8, 0x00, 0x03, 0x00, 0xd0, 0x00, 0x03, 0x00
.byte 0x80, 0x00, 0x70, 0x00, 0x24, 0x00, 0x03, 0x00, 0x38, 0x00, 0x03, 0x00, 0x00, 0x00, 0x00, 0x04
.byte 0x00, 0x00, 0x20, 0x00, 0xb8, 0x01, 0x04, 0x00
.globl vApplyConfigBeforeCalibration
.type vApplyConfigBeforeCalibration, @function
vApplyConfigBeforeCalibration:
.insn
.byte 0xf4, 0x64, 0x04, 0x67, 0x00, 0x18, 0x00, 0x00, 0x00, 0x6d, 0x29, 0xb4, 0x3e, 0x6d, 0x00, 0x18
.byte 0x00, 0x00, 0xc5, 0x67, 0xe0, 0xf1, 0x1f, 0x6e, 0x26, 0xb4, 0x00, 0x18, 0x00, 0x00, 0xa6, 0x67
.byte 0x25, 0xb4, 0x26, 0xb6, 0x00, 0x18, 0x00, 0x00, 0x00, 0x6d, 0x25, 0xb4, 0x25, 0xb6, 0x00, 0x18
.byte 0x00, 0x00, 0x00, 0x6d, 0xa6, 0x98, 0x24, 0xb1, 0x24, 0xb4, 0x40, 0xf7, 0xa0, 0x35, 0x00, 0x18
.byte 0x00, 0x00, 0xd1, 0x67, 0xa5, 0x98, 0x22, 0xb4, 0xbc, 0x35, 0x00, 0x18, 0x00, 0x00, 0x80, 0x6e
.byte 0xa5, 0x98, 0x20, 0xb4, 0xbc, 0x35, 0x00, 0x18, 0x00, 0x00, 0x80, 0x6e, 0x1e, 0xb4, 0xb1, 0x67
.byte 0x00, 0x18, 0x00, 0x00, 0xd1, 0x67, 0x1c, 0xb4, 0x1c, 0xb6, 0x00, 0x18, 0x00, 0x00, 0x00, 0x6d
.byte 0x19, 0xb4, 0x1b, 0xb6, 0x00, 0x18, 0x00, 0x00, 0x00, 0x6d, 0x90, 0x67, 0x00, 0x18, 0x00, 0x00
.byte 0x00, 0x6d, 0x18, 0xb4, 0x18, 0xb6, 0x00, 0x18, 0x00, 0x00, 0x00, 0x6d, 0x17, 0xb4, 0x80, 0x6d
.byte 0x00, 0x18, 0x00, 0x00, 0xc5, 0x67, 0x16, 0xb4, 0x08, 0xb6, 0x00, 0x18, 0x00, 0x00, 0x00, 0x6d
.byte 0x90, 0x67, 0x00, 0x18, 0x00, 0x00, 0x00, 0x6d, 0x74, 0x64, 0xa0, 0xe8, 0xc8, 0x08, 0x03, 0x00
.byte 0x4c, 0x08, 0x03, 0x00, 0x04, 0x00, 0x03, 0x00, 0x00, 0x00, 0x04, 0x00, 0x58, 0x00, 0x03, 0x00
.byte 0x00, 0x00, 0x00, 0xc0, 0x00, 0x00, 0x00, 0x20, 0xc0, 0x08, 0x03, 0x00, 0x1c, 0x0c, 0x04, 0x00
.byte 0x9c, 0x0c, 0x04, 0x00, 0x64, 0x00, 0x03, 0x00, 0x00, 0x00, 0x00, 0x80, 0x00, 0x00, 0x00, 0x40
.byte 0x0c, 0x02, 0x03, 0x00, 0x00, 0x00, 0x00, 0x10, 0xa0, 0x02, 0x04, 0x00, 0x4c, 0x00, 0x03, 0x00
.globl DramPhyReset
.type DramPhyReset, @function
DramPhyReset:
.insn
.byte 0xf6, 0x64, 0x2e, 0xb1, 0x00, 0x18, 0x00, 0x00, 0x91, 0x67, 0x2d, 0xb4, 0x00, 0x18, 0x00, 0x00
.byte 0x04, 0xd2, 0x2c, 0xb4, 0x00, 0x18, 0x00, 0x00, 0x05, 0xd2, 0x06, 0xd2, 0x2a, 0xb6, 0x91, 0x67
.byte 0x00, 0x18, 0x00, 0x00, 0xa6, 0x67, 0x29, 0xb6, 0x25, 0xb4, 0x00, 0x18, 0x00, 0x00, 0xa6, 0x67
.byte 0x24, 0xb4, 0x27, 0xb6, 0x00, 0x18, 0x00, 0x00, 0x00, 0x6d, 0x00, 0x18, 0x00, 0x00, 0x04, 0x6c
.byte 0x24, 0xb4, 0x01, 0x6d, 0x00, 0x18, 0x00, 0x00, 0xc5, 0x67, 0x23, 0xb4, 0x02, 0x6d, 0x00, 0x18
.byte 0x00, 0x00, 0xc5, 0x67, 0xff, 0x68, 0x11, 0x48, 0x20, 0xb4, 0x00, 0x6d, 0x00, 0x18, 0x00, 0x00
.byte 0xd0, 0x67, 0x1f, 0xb4, 0x00, 0x6d, 0x00, 0x18, 0x00, 0x00, 0xd0, 0x67, 0x00, 0x18, 0x00, 0x00
.byte 0x01, 0x6c, 0x1b, 0xb4, 0xb0, 0x67, 0x00, 0x18, 0x00, 0x00, 0xd0, 0x67, 0x17, 0xb4, 0xb0, 0x67
.byte 0x00, 0x18, 0x00, 0x00, 0xd0, 0x67, 0x14, 0xb4, 0x00, 0x6d, 0x00, 0x18, 0x00, 0x00, 0x02, 0x6e
.byte 0x10, 0xb4, 0x00, 0x6d, 0x00, 0x18, 0x00, 0x00, 0x01, 0x6e, 0x91, 0x67, 0x00, 0x18, 0x00, 0x00
.byte 0x04, 0x95, 0x07, 0xb4, 0x00, 0x18, 0x00, 0x00, 0x05, 0x95, 0x06, 0xb4, 0x00, 0x18, 0x00, 0x00
.byte 0x06, 0x95, 0x76, 0x64, 0xa0, 0xe8, 0x00, 0x65, 0x64, 0x00, 0x03, 0x00, 0xc8, 0x00, 0x03, 0x00
.byte 0xd0, 0x00, 0x03, 0x00, 0x00, 0x00, 0x00, 0x20, 0x00, 0x00, 0x00, 0x11, 0x80, 0x00, 0x70, 0x00
.byte 0x00, 0x00, 0x03, 0x00, 0xa0, 0x02, 0x04, 0x00, 0xa4, 0x00, 0x04, 0x00, 0x24, 0x01, 0x04, 0x00
.local SetRxDqDqsDelay
.type SetRxDqDqsDelay, @function
SetRxDqDqsDelay:
.insn
.byte 0xf6, 0x64, 0x24, 0x67, 0x06, 0xd5, 0x01, 0x55, 0x05, 0x61, 0x48, 0x9c, 0x08, 0x5a, 0x00, 0x68
.byte 0x18, 0x60, 0x3c, 0x10, 0x06, 0x92, 0x4b, 0xeb, 0x7f, 0x6a, 0x6c, 0xea, 0x40, 0x30, 0x00, 0x30
.byte 0x00, 0xf6, 0x40, 0x32, 0x4d, 0xe8, 0x1b, 0xb4, 0x1b, 0xb6, 0x00, 0x18, 0x00, 0x00, 0xb0, 0x67
.byte 0x1a, 0xb4, 0x19, 0xb6, 0x00, 0x18, 0x00, 0x00, 0xb0, 0x67, 0x00, 0x18, 0x00, 0x00, 0x91, 0x67
.byte 0x25, 0x10, 0x91, 0x67, 0xb0, 0x67, 0x7d, 0x67, 0x00, 0x18, 0x00, 0x00, 0xd8, 0x83, 0x01, 0x48
.byte 0x11, 0xe8, 0x48, 0x99, 0x4e, 0x33, 0x63, 0xe8, 0xf4, 0x61, 0x08, 0x5a, 0x17, 0x61, 0x00, 0x68
.byte 0x7d, 0x67, 0x58, 0xa3, 0x11, 0xea, 0x50, 0xc3, 0x51, 0xc3, 0x52, 0xc3, 0x53, 0xc3, 0x54, 0xc3
.byte 0x55, 0xc3, 0x56, 0xc3, 0x57, 0xc3, 0x91, 0x67, 0xb0, 0x67, 0x00, 0x18, 0x00, 0x00, 0x04, 0x06
.byte 0x01, 0x48, 0x11, 0xe8, 0x48, 0x99, 0x4e, 0x32, 0x43, 0xe8, 0xea, 0x61, 0x76, 0x64, 0xa0, 0xe8
.byte 0x18, 0x0e, 0x04, 0x00, 0x00, 0x00, 0x7f, 0x7f, 0x68, 0x0e, 0x04, 0x00
.local dle_factor_handler
.type dle_factor_handler, @function
dle_factor_handler:
.insn
.byte 0xe3, 0x64, 0x04, 0x67, 0x03, 0x5d, 0x01, 0x60, 0x03, 0x6d, 0x8e, 0x45, 0x1f, 0x6b, 0x6c, 0xec
.byte 0x80, 0x34, 0x4d, 0x45, 0x6c, 0xea, 0x80, 0xf6, 0x40, 0x32, 0x8d, 0xea, 0x6c, 0xed, 0x06, 0xb4
.byte 0x06, 0xb6, 0x00, 0x18, 0x00, 0x00, 0x4d, 0xed, 0x00, 0x18, 0x00, 0x00, 0x90, 0x67, 0x63, 0x64
.byte 0xa0, 0xe8, 0x00, 0x65, 0x44, 0x08, 0x03, 0x00, 0x1f, 0x1f, 0x00, 0x7c
.globl DramcRankSwap
.type DramcRankSwap, @function
DramcRankSwap:
.insn
.byte 0xe3, 0x64, 0x05, 0x67, 0x11, 0xe8, 0x0c, 0x32, 0x60, 0x9c, 0x02, 0x5b, 0x78, 0x67, 0x01, 0x73
.byte 0x78, 0x67, 0x6d, 0xea, 0x0d, 0xb4, 0x50, 0x35, 0x00, 0x18, 0x00, 0x00, 0xf0, 0x6e, 0x06, 0x28
.byte 0x0a, 0xb4, 0x00, 0x6d, 0x00, 0x18, 0x00, 0x00, 0x08, 0x6e, 0x05, 0x10, 0x07, 0xb4, 0x08, 0x6d
.byte 0x00, 0x18, 0x00, 0x00, 0xc5, 0x67, 0x05, 0xb4, 0xb0, 0x67, 0x00, 0x18, 0x00, 0x00, 0x03, 0x6e
.byte 0x63, 0x64, 0x20, 0xe8, 0x00, 0x6a, 0x00, 0x65, 0x34, 0x00, 0x03, 0x00
.globl DramcSwImpedanceSaveRegister
.type DramcSwImpedanceSaveRegister, @function
DramcSwImpedanceSaveRegister:
.insn
.byte 0xf4, 0x64, 0x21, 0xb1, 0x21, 0xb0, 0xa0, 0x98, 0xb4, 0x35, 0x41, 0x98, 0x4d, 0xed, 0x00, 0xf5
.byte 0xa0, 0x35, 0x1f, 0xb6, 0x00, 0x18, 0x00, 0x00, 0x91, 0x67, 0xa0, 0x98, 0xb4, 0x35, 0x41, 0x98
.byte 0x4d, 0xed, 0x1c, 0xb4, 0xa0, 0x35, 0x1c, 0xb6, 0x00, 0x18, 0x00, 0x00, 0xa8, 0x35, 0xa0, 0x98
.byte 0xb4, 0x35, 0x41, 0x98, 0x91, 0x67, 0xe0, 0xf3, 0x1f, 0x6e, 0x00, 0x18, 0x00, 0x00, 0x4d, 0xed
.byte 0xa0, 0x98, 0xb4, 0x35, 0x41, 0x98, 0x4d, 0xed, 0x91, 0x67, 0xa0, 0x35, 0x12, 0xb6, 0x00, 0x18
.byte 0x00, 0x00, 0xa8, 0x35, 0xa2, 0x98, 0xb4, 0x35, 0x43, 0x98, 0x4d, 0xed, 0x0f, 0xb4, 0x00, 0xf5
.byte 0xa0, 0x35, 0x0b, 0xb6, 0x00, 0x18, 0x00, 0x00, 0x00, 0x65, 0xa2, 0x98, 0xb4, 0x35, 0x43, 0x98
.byte 0x4d, 0xed, 0x0b, 0xb4, 0xa0, 0x35, 0x08, 0xb6, 0x00, 0x18, 0x00, 0x00, 0xa8, 0x35, 0x74, 0x64
.byte 0xa0, 0xe8, 0x00, 0x65, 0xac, 0x08, 0x03, 0x00, 0x00, 0x00, 0x00, 0x00, 0x00, 0x00, 0xf0, 0x3f
.byte 0xa8, 0x08, 0x03, 0x00, 0x00, 0xfc, 0x0f, 0x00, 0xb4, 0x08, 0x03, 0x00, 0xb0, 0x08, 0x03, 0x00
.globl DramcSwImpedanceCal
.type DramcSwImpedanceCal, @function
DramcSwImpedanceCal:
.insn
.byte 0x04, 0xf0, 0xf5, 0x64, 0x65, 0xb4, 0x00, 0x18, 0x00, 0x00, 0x00, 0x6d, 0x64, 0xb4, 0x00, 0x18
.byte 0x00, 0x00, 0x00, 0x6d, 0x63, 0xb4, 0x00, 0x18, 0x00, 0x00, 0x00, 0x6d, 0x62, 0xb0, 0x90, 0x67
.byte 0x62, 0xb6, 0x00, 0x18, 0x00, 0x00, 0x00, 0x6d, 0x61, 0xb4, 0x00, 0x6d, 0x00, 0x18, 0x00, 0x00
.byte 0x40, 0x6e, 0x60, 0xb5, 0x60, 0xb6, 0x00, 0x18, 0x00, 0x00, 0x90, 0x67, 0x5f, 0xb1, 0x60, 0xb5
.byte 0x60, 0xb6, 0x00, 0x18, 0x00, 0x00, 0x91, 0x67, 0x5f, 0xb4, 0x00, 0x6d, 0x00, 0x18, 0x00, 0x00
.byte 0x0a, 0x6e, 0x91, 0x67, 0x40, 0x6d, 0x00, 0x18, 0x00, 0x00, 0x60, 0x6e, 0x00, 0x18, 0x00, 0x00
.byte 0x01, 0x6c, 0x5a, 0xb6, 0x90, 0x67, 0x00, 0x18, 0x00, 0x00, 0xa6, 0x67, 0x58, 0xb6, 0x90, 0x67
.byte 0x00, 0x18, 0x00, 0x00, 0xa6, 0x67, 0x90, 0x67, 0x56, 0xb6, 0x00, 0x18, 0x00, 0x00, 0x00, 0x6d
.byte 0x55, 0xb4, 0xff, 0xf1, 0x10, 0x6e, 0x00, 0x18, 0x00, 0x00, 0x00, 0x6d, 0x48, 0xb4, 0x1f, 0xf7
.byte 0x00, 0x6e, 0x00, 0x18, 0x00, 0x00, 0x00, 0x6d, 0x00, 0x68, 0x03, 0x10, 0x10, 0x70, 0x01, 0x61
.byte 0x1b, 0x68, 0x4d, 0xb4, 0xe0, 0xf1, 0x10, 0x6e, 0x00, 0x18, 0x00, 0x00, 0x10, 0x35, 0x00, 0x18
.byte 0x00, 0x00, 0x01, 0x6c, 0x49, 0xb4, 0x00, 0x18, 0x00, 0x00, 0x00, 0x65, 0x04, 0xf0, 0x00, 0x6b
.byte 0x6c, 0xea, 0x05, 0x2a, 0x01, 0x48, 0x15, 0x58, 0xe9, 0x61, 0xff, 0x69, 0x01, 0x10, 0x30, 0x67
.byte 0x35, 0xb4, 0x3f, 0xb6, 0x00, 0x18, 0x00, 0x00, 0x00, 0x6d, 0x1f, 0x6d, 0x2c, 0xed, 0x3e, 0xb4
.byte 0xff, 0xf1, 0x10, 0x6e, 0x00, 0x18, 0x00, 0x00, 0xb0, 0x35, 0x31, 0xb4, 0x1f, 0xf7, 0x00, 0x6e
.byte 0x00, 0x18, 0x00, 0x00, 0x00, 0x6d, 0x00, 0x68, 0x03, 0x10, 0x10, 0x70, 0x01, 0x61, 0x1b, 0x68
.byte 0x35, 0xb4, 0x00, 0x35, 0x1f, 0xf0, 0x00, 0x6e, 0x00, 0x18, 0x00, 0x00, 0xac, 0x35, 0x00, 0x18
.byte 0x00, 0x00, 0x01, 0x6c, 0x31, 0xb4, 0x00, 0x18, 0x00, 0x00, 0x00, 0x65, 0x04, 0xf0, 0x00, 0x6b
.byte 0x6c, 0xea, 0x04, 0x22, 0x01, 0x48, 0x20, 0x58, 0xe8, 0x61, 0x04, 0x10, 0xff, 0x70, 0x02, 0x60
.byte 0xff, 0x71, 0x02, 0x61, 0x0b, 0x68, 0x30, 0x67, 0x24, 0x32, 0x25, 0xe2, 0x30, 0x32, 0x27, 0xe2
.byte 0x31, 0xe9, 0x04, 0xd1, 0x91, 0x67, 0x00, 0x18, 0x00, 0x00, 0x2d, 0x6d, 0x24, 0xb1, 0x40, 0xd9
.byte 0x04, 0x32, 0x01, 0xe2, 0x10, 0x32, 0x03, 0xe2, 0x31, 0xe8, 0x90, 0x67, 0x00, 0x18, 0x00, 0x00
.byte 0x2d, 0x6d, 0x41, 0xd9, 0x04, 0x94, 0x00, 0x18, 0x00, 0x00, 0xf0, 0x6d, 0x42, 0xd9, 0x90, 0x67
.byte 0x00, 0x18, 0x00, 0x00, 0xf0, 0x6d, 0x43, 0xd9, 0x00, 0x18, 0x00, 0x00, 0x0a, 0x94, 0x0a, 0x94
.byte 0x01, 0x6d, 0x00, 0x18, 0x00, 0x00, 0x00, 0x6e, 0x07, 0xb4, 0x16, 0xb6, 0x00, 0x18, 0x00, 0x00
.byte 0x00, 0x6d, 0x75, 0x64, 0x20, 0xe8, 0x00, 0x6a, 0x78, 0x02, 0x04, 0x00, 0x7c, 0x02, 0x04, 0x00
.byte 0x74, 0x02, 0x04, 0x00, 0x2c, 0x02, 0x03, 0x00, 0x00, 0x00, 0x00, 0x80, 0x6c, 0x02, 0x04, 0x00
.byte 0x00, 0x00, 0x00, 0x03, 0x00, 0x00, 0x20, 0x03, 0x68, 0x02, 0x04, 0x00, 0x00, 0x00, 0x12, 0x00
.byte 0x00, 0x00, 0x3f, 0x00, 0x08, 0x00, 0x04, 0x00, 0x00, 0x00, 0x80, 0x00, 0x00, 0x00, 0x40, 0x00
.byte 0x00, 0x00, 0x20, 0x00, 0x64, 0x08, 0x03, 0x00, 0x04, 0x05, 0x04, 0x00, 0x00, 0x00, 0x00, 0x00
.byte 0x00, 0x00, 0x80, 0x03
.globl Another_Rank_CKE_low
.type Another_Rank_CKE_low, @function
Another_Rank_CKE_low:
.insn
.byte 0xa0, 0xe8, 0x00, 0x65
.globl O1PathOnOff
.type O1PathOnOff, @function
O1PathOnOff:
.insn
.byte 0xe3, 0x64, 0x11, 0xed, 0x23, 0x25, 0x23, 0xb0, 0x23, 0xb4, 0xb0, 0x67, 0x00, 0x18, 0x00, 0x00
.byte 0xd0, 0x67, 0x22, 0xb4, 0xb0, 0x67, 0x00, 0x18, 0x00, 0x00, 0xd0, 0x67, 0x20, 0xb4, 0xb0, 0x67
.byte 0x00, 0x18, 0x00, 0x00, 0xd0, 0x67, 0x1f, 0xb4, 0x02, 0x6d, 0x00, 0x18, 0x00, 0x00, 0xc5, 0x67
.byte 0x1d, 0xb4, 0x02, 0x6d, 0x00, 0x18, 0x00, 0x00, 0xc5, 0x67, 0x1c, 0xb4, 0x02, 0x6d, 0x00, 0x18
.byte 0x00, 0x00, 0xc5, 0x67, 0x00, 0x18, 0x00, 0x00, 0x01, 0x6c, 0x1f, 0x10, 0x11, 0xb0, 0x12, 0xb4
.byte 0x00, 0x6d, 0x00, 0x18, 0x00, 0x00, 0xd0, 0x67, 0x10, 0xb4, 0x00, 0x6d, 0x00, 0x18, 0x00, 0x00
.byte 0xd0, 0x67, 0x0f, 0xb4, 0x00, 0x6d, 0x00, 0x18, 0x00, 0x00, 0xd0, 0x67, 0x0d, 0xb4, 0x00, 0x6d
.byte 0x00, 0x18, 0x00, 0x00, 0x02, 0x6e, 0x0c, 0xb4, 0x00, 0x6d, 0x00, 0x18, 0x00, 0x00, 0x02, 0x6e
.byte 0x0a, 0xb4, 0x00, 0x6d, 0x00, 0x18, 0x00, 0x00, 0x02, 0x6e, 0x63, 0x64, 0xa0, 0xe8, 0x00, 0x65
.byte 0x00, 0x00, 0x02, 0x00, 0xac, 0x00, 0x04, 0x00, 0x2c, 0x01, 0x04, 0x00, 0xac, 0x01, 0x04, 0x00
.byte 0xa4, 0x00, 0x04, 0x00, 0x24, 0x01, 0x04, 0x00, 0xa4, 0x01, 0x04, 0x00
.globl DramcWriteLeveling
.type DramcWriteLeveling, @function
DramcWriteLeveling:
.insn
.byte 0x04, 0xf0, 0xfc, 0x64, 0x00, 0x6a, 0x08, 0xd2, 0x09, 0xd2, 0x01, 0x6a, 0x60, 0xf2, 0x15, 0x24
.byte 0x00, 0x68, 0xe0, 0xf4, 0x10, 0xb2, 0x00, 0x18, 0x00, 0x00, 0x00, 0xc2, 0x0c, 0xd2, 0x18, 0x94
.byte 0x00, 0x18, 0x00, 0x00, 0xa4, 0xa4, 0x5d, 0x67, 0x14, 0xc2, 0x08, 0x6a, 0x7d, 0x67, 0xc0, 0xf4
.byte 0x18, 0xb4, 0x00, 0x18, 0x00, 0x00, 0x55, 0xc3, 0xc0, 0xf4, 0x10, 0xb4, 0x00, 0x18, 0x00, 0x00
.byte 0x0d, 0xd2, 0x0e, 0xd2, 0xc0, 0xf4, 0x08, 0xb1, 0x00, 0x18, 0x00, 0x00, 0x91, 0x67, 0x0f, 0xd2
.byte 0xc0, 0xf4, 0x00, 0xb0, 0x00, 0x18, 0x00, 0x00, 0x90, 0x67, 0xa0, 0xf4, 0x1c, 0xb4, 0x00, 0x18
.byte 0x00, 0x00, 0x10, 0xd2, 0xa0, 0xf4, 0x14, 0xb4, 0x00, 0x18, 0x00, 0x00, 0x11, 0xd2, 0x12, 0xd2
.byte 0xa0, 0xf4, 0x0c, 0xb4, 0x02, 0x6d, 0x00, 0x18, 0x00, 0x00, 0xc5, 0x67, 0xa0, 0xf4, 0x04, 0xb4
.byte 0x02, 0x6d, 0x00, 0x18, 0x00, 0x00, 0xc5, 0x67, 0x80, 0xf4, 0x1c, 0xb4, 0x02, 0x6d, 0x00, 0x18
.byte 0x00, 0x00, 0xc5, 0x67, 0x80, 0xf4, 0x14, 0xb4, 0x01, 0x6d, 0x00, 0x18, 0x00, 0x00, 0x03, 0x6e
.byte 0x80, 0xf4, 0x0c, 0xb4, 0x01, 0x6d, 0x00, 0x18, 0x00, 0x00, 0x03, 0x6e, 0x80, 0xf4, 0x04, 0xb4
.byte 0x01, 0x6d, 0x00, 0x18, 0x00, 0x00, 0x03, 0x6e, 0x60, 0xf4, 0x1c, 0xb6, 0x40, 0xf4, 0x08, 0xb4
.byte 0x00, 0x18, 0x00, 0x00, 0xa6, 0x67, 0x60, 0xf4, 0x14, 0xb6, 0x91, 0x67, 0x00, 0x18, 0x00, 0x00
.byte 0xa6, 0x67, 0x91, 0x67, 0x60, 0xf4, 0x08, 0xb6, 0x00, 0x18, 0x00, 0x00, 0x00, 0x6d, 0x20, 0xf4
.byte 0x18, 0xb4, 0x40, 0x6d, 0x00, 0x18, 0x00, 0x00, 0xc5, 0x67, 0x20, 0xf4, 0x10, 0xb4, 0x10, 0x6d
.byte 0x00, 0x18, 0x00, 0x00, 0xc5, 0x67, 0x18, 0x94, 0x00, 0x18, 0x00, 0x00, 0x01, 0x6d, 0x18, 0x94
.byte 0x00, 0x18, 0x00, 0x00, 0x01, 0x6d, 0x00, 0x18, 0x00, 0x00, 0x01, 0x6c, 0x01, 0xf2, 0x00, 0x6d
.byte 0x01, 0xf7, 0x00, 0x6e, 0x00, 0x18, 0x00, 0x00, 0x90, 0x67, 0x90, 0x67, 0x01, 0x6d, 0x00, 0x18
.byte 0x00, 0x00, 0xc5, 0x67, 0x90, 0x67, 0x20, 0x6d, 0x00, 0x18, 0x00, 0x00, 0xc5, 0x67, 0x18, 0x90
.byte 0x48, 0x98, 0x10, 0x72, 0x0f, 0x6d, 0x01, 0x61, 0x03, 0x6d, 0xf6, 0xb4, 0xa0, 0x35, 0x00, 0xf4
.byte 0x04, 0xb6, 0x00, 0x18, 0x00, 0x00, 0xa0, 0x35, 0x00, 0x18, 0x00, 0x00, 0x01, 0x6c, 0x18, 0x90
.byte 0x41, 0x98, 0x00, 0x6b, 0x9d, 0x67, 0x70, 0xc4, 0x4c, 0x32, 0xfb, 0xb3, 0x4d, 0xe3, 0x00, 0x6a
.byte 0x40, 0xdb, 0x51, 0xc4, 0x41, 0xdb, 0x08, 0x98, 0x10, 0x70, 0xf0, 0x6f, 0x0a, 0xd7, 0x02, 0x61
.byte 0xfc, 0x6a, 0x0a, 0xd2, 0x18, 0x93, 0x41, 0x9b, 0x49, 0xe3, 0x40, 0xf0, 0x54, 0xa2, 0x30, 0x2a
.byte 0x00, 0x18, 0x00, 0x00, 0x83, 0x67, 0x0b, 0xd2, 0x08, 0x58, 0x21, 0x61, 0x00, 0x68, 0x01, 0x69
.byte 0x2b, 0xe9, 0x18, 0x94, 0xb0, 0x67, 0x00, 0x18, 0x00, 0x00, 0xd1, 0x67, 0x18, 0x94, 0xb0, 0x67
.byte 0x00, 0x18, 0x00, 0x00, 0xd1, 0x67, 0x18, 0x94, 0x00, 0x18, 0x00, 0x00, 0x00, 0x6d, 0x18, 0x94
.byte 0xb0, 0x67, 0x00, 0x18, 0x00, 0x00, 0xd1, 0x67, 0x18, 0x94, 0x00, 0x18, 0x00, 0x00, 0x0b, 0x95
.byte 0x01, 0x48, 0x11, 0xe8, 0x18, 0x94, 0x48, 0x9c, 0x4e, 0x32, 0x43, 0xe8, 0xe0, 0x61, 0x18, 0x90
.byte 0x41, 0x98, 0x49, 0xe0, 0x01, 0x6b, 0x40, 0xf0, 0x74, 0xc2, 0x00, 0x6a, 0x40, 0xf0, 0x55, 0xc0
.byte 0xda, 0xb0, 0xdb, 0xb4, 0x00, 0x6d, 0x00, 0x18, 0x00, 0x00, 0xd0, 0x67, 0xd9, 0xb4, 0x00, 0x6d
.byte 0x00, 0x18, 0x00, 0x00, 0xd0, 0x67, 0x00, 0x69, 0x01, 0x51, 0x09, 0x60, 0x2b, 0xed, 0xd6, 0xb4
.byte 0x00, 0xf6, 0xa0, 0x35, 0xd1, 0xb6, 0x00, 0x18, 0x00, 0x00, 0x00, 0x65, 0x0c, 0x10, 0x00, 0xf6
.byte 0x20, 0x30, 0xcf, 0xb4, 0xcd, 0xb6, 0x00, 0x18, 0x00, 0x00, 0xb0, 0x67, 0xcd, 0xb4, 0xcb, 0xb6
.byte 0x00, 0x18, 0x00, 0x00, 0xb0, 0x67, 0xbb, 0xb0, 0x90, 0x67, 0x80, 0x6d, 0x00, 0x18, 0x00, 0x00
.byte 0xc5, 0x67, 0x90, 0x67, 0x00, 0x6d, 0x00, 0x18, 0x00, 0x00, 0x80, 0x6e, 0x00, 0x18, 0x00, 0x00
.byte 0x01, 0x6c, 0xc6, 0xb4, 0x00, 0x18, 0x00, 0x00, 0x00, 0x65, 0x31, 0xea, 0x04, 0x04, 0x00, 0x6b
.byte 0xa3, 0x67, 0xfd, 0x67, 0x79, 0xe7, 0xd4, 0xa6, 0x02, 0x67, 0x06, 0xee, 0x11, 0xe8, 0xe4, 0x67
.byte 0xc0, 0xa4, 0x04, 0x2e, 0x09, 0x28, 0x01, 0x6e, 0xc0, 0xc4, 0x06, 0x10, 0x03, 0x28, 0x01, 0x6e
.byte 0xc0, 0xc4, 0x02, 0x10, 0x01, 0x4e, 0xc0, 0xc4, 0x0a, 0x90, 0x07, 0xed, 0x01, 0x6e, 0x0c, 0xee
.byte 0x18, 0x2e, 0xc0, 0xa7, 0x08, 0x76, 0x04, 0x60, 0x3f, 0x71, 0x13, 0x61, 0x02, 0x5e, 0x11, 0x61
.byte 0x18, 0x90, 0xe1, 0x98, 0xe4, 0x37, 0xbd, 0xe7, 0xe8, 0x37, 0xab, 0xb0, 0xfd, 0xe0, 0xdb, 0xe1
.byte 0x02, 0x4e, 0xc0, 0xdf, 0x01, 0x6e, 0xc4, 0xed, 0xa6, 0x67, 0x0a, 0x90, 0x0d, 0xed, 0x11, 0xed
.byte 0x0a, 0xd5, 0x01, 0x4b, 0x01, 0x4c, 0x02, 0x73, 0xcb, 0x61, 0x0a, 0x90, 0xff, 0x70, 0x03, 0x60
.byte 0x01, 0x49, 0x40, 0x71, 0x99, 0x61, 0x0a, 0x90, 0xff, 0x70, 0x09, 0x61, 0x01, 0x6b, 0x8d, 0xb2
.byte 0x60, 0xc2, 0x18, 0x94, 0x03, 0x6d, 0x00, 0x18, 0x00, 0x00, 0x00, 0x6e, 0x05, 0x10, 0x18, 0x94
.byte 0x03, 0x6d, 0x00, 0x18, 0x00, 0x00, 0x01, 0x6e, 0x18, 0x90, 0x61, 0x98, 0x6c, 0x32, 0x96, 0xb4
.byte 0x49, 0xe4, 0x40, 0x9a, 0x20, 0x52, 0x01, 0x61, 0x1f, 0x6a, 0x6c, 0x33, 0x92, 0xb4, 0x6d, 0xe4
.byte 0x61, 0x9b, 0x62, 0xea, 0x01, 0x60, 0x62, 0x67, 0x01, 0x53, 0x00, 0x68, 0x17, 0x60, 0x6b, 0xe8
.byte 0x01, 0x50, 0x13, 0x61, 0x90, 0xb1, 0x00, 0x18, 0x00, 0x00, 0x91, 0x67, 0x07, 0xf7, 0x00, 0x6e
.byte 0xcc, 0xea, 0x42, 0x35, 0x15, 0xe5, 0x91, 0x67, 0x00, 0x18, 0x00, 0x00, 0xa0, 0x35, 0x91, 0x67
.byte 0xb0, 0x67, 0x00, 0x18, 0x00, 0x00, 0x3f, 0x6e, 0x01, 0x10, 0x00, 0x68, 0x86, 0xb4, 0x00, 0xf6
.byte 0x00, 0x35, 0x82, 0xb6, 0x00, 0x18, 0x00, 0x00, 0x08, 0x01, 0x85, 0xb4, 0x00, 0x18, 0x00, 0x00
.byte 0x00, 0x65, 0x84, 0xb4, 0x00, 0x18, 0x00, 0x00, 0x00, 0x65, 0x18, 0x93, 0x41, 0x9b, 0x4c, 0x32
.byte 0x79, 0xb3, 0x49, 0xe3, 0x60, 0x9a, 0x0d, 0xe3, 0x60, 0xda, 0x61, 0x9a, 0x01, 0xe3, 0x01, 0xda
.byte 0x18, 0x94, 0x00, 0x18, 0x00, 0x00, 0x00, 0x6d, 0x67, 0xb4, 0x00, 0x18, 0x00, 0x00, 0x11, 0x95
.byte 0x61, 0xb4, 0x00, 0x18, 0x00, 0x00, 0x0d, 0x95, 0x60, 0xb4, 0x00, 0x18, 0x00, 0x00, 0x0e, 0x95
.byte 0x5f, 0xb4, 0x00, 0x18, 0x00, 0x00, 0x0f, 0x95, 0x5e, 0xb4, 0x00, 0x18, 0x00, 0x00, 0x10, 0x95
.byte 0x5e, 0xb4, 0x00, 0x18, 0x00, 0x00, 0x12, 0x95, 0x18, 0x94, 0x00, 0x18, 0x00, 0x00, 0x00, 0x6d
.byte 0x00, 0x68, 0x18, 0x94, 0x41, 0x9c, 0x44, 0x32, 0x09, 0xe2, 0x48, 0x32, 0x62, 0xb3, 0x49, 0xe3
.byte 0x40, 0x9a, 0x40, 0x52, 0x0c, 0x61, 0xc0, 0x4a, 0x40, 0xd9, 0xb0, 0x67, 0x00, 0x18, 0x00, 0x00
.byte 0x02, 0x6e, 0x18, 0x94, 0xb0, 0x67, 0x00, 0x18, 0x00, 0x00, 0x02, 0x6e, 0x01, 0x10, 0x40, 0xd9
.byte 0x01, 0x48, 0x04, 0x49, 0x02, 0x70, 0xe5, 0x61, 0x18, 0x96, 0x01, 0x9e, 0x01, 0x50, 0x17, 0x60
.byte 0x18, 0x94, 0xb0, 0x67, 0x00, 0x18, 0x00, 0x00, 0x11, 0xed, 0x54, 0xb1, 0x54, 0xb4, 0x08, 0x95
.byte 0x00, 0xf6, 0xa0, 0x35, 0x00, 0x18, 0x00, 0x00, 0xd1, 0x67, 0x52, 0xb4, 0x09, 0x95, 0x00, 0xf6
.byte 0xa0, 0x35, 0x00, 0x18, 0x00, 0x00, 0xd1, 0x67, 0x01, 0x48, 0x01, 0x70, 0xe9, 0x61, 0x18, 0x94
.byte 0x00, 0x18, 0x00, 0x00, 0x0c, 0x95, 0x18, 0x90, 0x41, 0x98, 0x4c, 0x32, 0x46, 0xb3, 0x49, 0xe3
.byte 0x40, 0x9a, 0x67, 0x42, 0x09, 0x4b, 0x06, 0xd3, 0x40, 0x53, 0x07, 0x61, 0xd0, 0x4a, 0x06, 0xd2
.byte 0x90, 0x67, 0x00, 0x6d, 0x00, 0x18, 0x00, 0x00, 0x02, 0x6e, 0x18, 0x90, 0x41, 0x98, 0x4c, 0x32
.byte 0x3d, 0xb3, 0x49, 0xe3, 0x41, 0x9a, 0x67, 0x42, 0x09, 0x4b, 0x07, 0xd3, 0x40, 0x53, 0x07, 0x61
.byte 0xd0, 0x4a, 0x07, 0xd2, 0x90, 0x67, 0x01, 0x6d, 0x00, 0x18, 0x00, 0x00, 0x02, 0x6e, 0x18, 0x92
.byte 0x01, 0x9a, 0x01, 0x50, 0x1b, 0x60, 0x18, 0x94, 0xb0, 0x67, 0x00, 0x18, 0x00, 0x00, 0x11, 0xed
.byte 0x3f, 0x69, 0x06, 0x95, 0x2c, 0xed, 0xa0, 0x35, 0xa0, 0x32, 0x31, 0xb4, 0x36, 0xb6, 0x00, 0x18
.byte 0x00, 0x00, 0x4d, 0xed, 0x07, 0x92, 0x4c, 0xe9, 0x20, 0x31, 0x20, 0x35, 0x2d, 0xb4, 0x32, 0xb6
.byte 0x00, 0x18, 0x00, 0x00, 0x2d, 0xed, 0x01, 0x48, 0x01, 0x70, 0xe5, 0x61, 0x18, 0x94, 0x00, 0x18
.byte 0x00, 0x00, 0x0c, 0x95, 0x1a, 0xb4, 0x00, 0x6d, 0x00, 0x18, 0x00, 0x00, 0x02, 0x6e, 0x19, 0xb4
.byte 0x00, 0x6d, 0x00, 0x18, 0x00, 0x00, 0x02, 0x6e, 0x17, 0xb4, 0x00, 0x6d, 0x00, 0x18, 0x00, 0x00
.byte 0x02, 0x6e, 0x16, 0xb4, 0x00, 0x6d, 0x00, 0x18, 0x00, 0x00, 0x03, 0x6e, 0x14, 0xb4, 0x00, 0x6d
.byte 0x00, 0x18, 0x00, 0x00, 0x03, 0x6e, 0x13, 0xb4, 0x00, 0x6d, 0x00, 0x18, 0x00, 0x00, 0x03, 0x6e
.byte 0x18, 0x94, 0x00, 0x18, 0x00, 0x00, 0x00, 0x6d, 0x00, 0x6a, 0x7c, 0x64, 0xa0, 0xe8, 0x00, 0x65
.byte 0x05, 0x00, 0x00, 0x00, 0x4c, 0x00, 0x03, 0x00, 0x64, 0x00, 0x03, 0x00, 0x38, 0x00, 0x03, 0x00
.byte 0xbc, 0x00, 0x03, 0x00, 0x24, 0x00, 0x03, 0x00, 0xc0, 0x08, 0x03, 0x00, 0xa4, 0x00, 0x04, 0x00
.byte 0x24, 0x01, 0x04, 0x00, 0xa4, 0x01, 0x04, 0x00, 0xb0, 0x00, 0x04, 0x00, 0x30, 0x01, 0x04, 0x00
.byte 0xb0, 0x01, 0x04, 0x00, 0x00, 0x00, 0x00, 0x20, 0x00, 0x00, 0x00, 0x04, 0x00, 0x00, 0x00, 0x40
.byte 0x00, 0x00, 0x0f, 0x00, 0x08, 0x00, 0x00, 0x00, 0x00, 0x00, 0x00, 0x3f, 0x1c, 0x0e, 0x04, 0x00
.byte 0x6c, 0x0e, 0x04, 0x00, 0xc4, 0x0e, 0x04, 0x00, 0x28, 0x05, 0x04, 0x00, 0xa0, 0x08, 0x03, 0x00
.byte 0xa4, 0x08, 0x03, 0x00, 0x00, 0x3f, 0x3f, 0x00
.globl DramcRxdqsGatingCal_PCDDR3
.type DramcRxdqsGatingCal_PCDDR3, @function
DramcRxdqsGatingCal_PCDDR3:
.insn
.byte 0x14, 0xf0, 0xf8, 0x64, 0x01, 0x6a, 0x00, 0xf3, 0x09, 0x24, 0x20, 0xf6, 0x04, 0xb4, 0x00, 0x18
.byte 0x00, 0x00, 0x00, 0x65, 0x27, 0xd2, 0x00, 0xf6, 0x1c, 0xb1, 0x00, 0x18, 0x00, 0x00, 0x91, 0x67
.byte 0x00, 0xf6, 0x14, 0xb4, 0x00, 0x18, 0x00, 0x00, 0x28, 0xd2, 0x29, 0xd2, 0x00, 0xf6, 0x0c, 0xb0
.byte 0x00, 0x18, 0x00, 0x00, 0x90, 0x67, 0x00, 0xf6, 0x08, 0xb4, 0x00, 0x18, 0x00, 0x00, 0x2a, 0xd2
.byte 0x2b, 0xd2, 0xe0, 0xf5, 0x1c, 0xb4, 0xe0, 0xf5, 0x1c, 0xb6, 0x00, 0x18, 0x00, 0x00, 0x00, 0x6d
.byte 0x30, 0x94, 0x00, 0x18, 0x00, 0x00, 0x00, 0x6d, 0x00, 0xf4, 0x00, 0x6e, 0x91, 0x67, 0x00, 0x18
.byte 0x00, 0x00, 0xa6, 0x67, 0x01, 0xf0, 0x00, 0x6e, 0x91, 0x67, 0x00, 0x18, 0x00, 0x00, 0xa6, 0x67
.byte 0xc0, 0xf5, 0x04, 0xb4, 0xc0, 0xf5, 0x10, 0xb6, 0x00, 0x18, 0x00, 0x00, 0x00, 0x6d, 0xff, 0x6e
.byte 0x01, 0x4e, 0x90, 0x67, 0x00, 0x18, 0x00, 0x00, 0xa6, 0x67, 0x00, 0x18, 0x00, 0x00, 0x04, 0x6c
.byte 0x00, 0xf2, 0x00, 0x69, 0x90, 0x67, 0xb1, 0x67, 0x00, 0x18, 0x00, 0x00, 0xd1, 0x67, 0x00, 0x18
.byte 0x00, 0x00, 0x01, 0x6c, 0x90, 0x67, 0x00, 0x6d, 0x00, 0x18, 0x00, 0x00, 0xd1, 0x67, 0x00, 0x18
.byte 0x00, 0x00, 0x30, 0x94, 0x80, 0xf5, 0x14, 0xb4, 0x40, 0xf6, 0x40, 0x35, 0x80, 0xf5, 0x10, 0xb6
.byte 0x00, 0x18, 0x00, 0x00, 0x00, 0x65, 0x00, 0x6a, 0x7d, 0x67, 0x20, 0xf0, 0x40, 0xc3, 0x20, 0xf0
.byte 0x44, 0xc3, 0x20, 0xf0, 0x54, 0xc3, 0x20, 0xf0, 0x5c, 0xc3, 0x20, 0xf0, 0x58, 0xc3, 0x40, 0xf0
.byte 0x40, 0xc3, 0x20, 0xf0, 0x41, 0xc3, 0x20, 0xf0, 0x45, 0xc3, 0x20, 0xf0, 0x55, 0xc3, 0x20, 0xf0
.byte 0x5d, 0xc3, 0x20, 0xf0, 0x59, 0xc3, 0x40, 0xf0, 0x41, 0xc3, 0x30, 0x90, 0x4c, 0x98, 0x20, 0xf5
.byte 0x15, 0x5a, 0x02, 0x68, 0x01, 0x61, 0x05, 0x68, 0x27, 0x40, 0x11, 0x49, 0x40, 0xf5, 0x04, 0xb4
.byte 0x00, 0x18, 0x00, 0x00, 0x26, 0xd1, 0x0f, 0x6b, 0x6c, 0xea, 0x20, 0xf5, 0x1c, 0xb4, 0x50, 0x35
.byte 0x00, 0x18, 0x00, 0x00, 0xf0, 0x6e, 0x1f, 0xd0, 0x00, 0x68, 0x1c, 0xd0, 0x04, 0x68, 0x1d, 0xd0
.byte 0x1f, 0x91, 0x2e, 0x32, 0x11, 0xea, 0x20, 0xd2, 0x07, 0x6a, 0x4c, 0xe9, 0x21, 0xd1, 0x1f, 0x93
.byte 0x02, 0x4b, 0xc0, 0xf7, 0x63, 0x34, 0xa2, 0x67, 0x44, 0x67, 0xac, 0xea, 0x69, 0xe2, 0x4f, 0x32
.byte 0x11, 0xea, 0x40, 0xf7, 0x82, 0x34, 0x8d, 0xe3, 0x6c, 0xed, 0x93, 0xe5, 0x11, 0xec, 0x1e, 0xd4
.byte 0x20, 0x90, 0x0c, 0x33, 0x2d, 0xe3, 0x04, 0x5b, 0x14, 0x61, 0xfc, 0x4b, 0x6e, 0x34, 0x11, 0xec
.byte 0x22, 0xd4, 0x8c, 0x34, 0x8f, 0xe3, 0x11, 0xeb, 0x24, 0xd3, 0x4c, 0x33, 0x1e, 0x91, 0x2d, 0xe3
.byte 0xfc, 0x4b, 0x6e, 0x34, 0x11, 0xec, 0x23, 0xd4, 0x8c, 0x34, 0x8f, 0xe3, 0x11, 0xeb, 0x25, 0xd3
.byte 0x06, 0x10, 0x02, 0x68, 0x25, 0xd0, 0x23, 0xd0, 0x00, 0x68, 0x24, 0xd0, 0x22, 0xd0, 0x07, 0x68
.byte 0x20, 0x93, 0x0c, 0xeb, 0x0c, 0xea, 0x60, 0x34, 0x80, 0x35, 0x8d, 0xed, 0x6d, 0xed, 0x00, 0xf6
.byte 0x60, 0x33, 0x6d, 0xed, 0x50, 0x36, 0xcd, 0xed, 0x40, 0x36, 0xd0, 0x36, 0xcd, 0xed, 0x00, 0xf5
.byte 0x40, 0x34, 0x8d, 0xed, 0x00, 0xf7, 0x40, 0x32, 0x80, 0xf4, 0x10, 0xb1, 0x80, 0xf4, 0x10, 0xb4
.byte 0x4d, 0xed, 0x00, 0x18, 0x00, 0x00, 0xd1, 0x67, 0x21, 0x93, 0x0c, 0xeb, 0x1e, 0x92, 0x0c, 0xea
.byte 0x60, 0x34, 0x80, 0x35, 0x8d, 0xed, 0x6d, 0xed, 0x00, 0xf6, 0x60, 0x33, 0x6d, 0xed, 0x50, 0x36
.byte 0xcd, 0xed, 0x40, 0x36, 0xd0, 0x36, 0xcd, 0xed, 0x00, 0xf5, 0x40, 0x34, 0x8d, 0xed, 0x00, 0xf7
.byte 0x40, 0x32, 0x60, 0xf4, 0x00, 0xb4, 0x4d, 0xed, 0x00, 0x18, 0x00, 0x00, 0xd1, 0x67, 0x22, 0x93
.byte 0x0c, 0xeb, 0x23, 0x92, 0x0c, 0xea, 0x60, 0x34, 0x80, 0x35, 0x8d, 0xed, 0x6d, 0xed, 0x00, 0xf6
.byte 0x60, 0x33, 0x6d, 0xed, 0x50, 0x36, 0xcd, 0xed, 0x40, 0x36, 0xd0, 0x36, 0xcd, 0xed, 0x00, 0xf5
.byte 0x40, 0x34, 0x8d, 0xed, 0x00, 0xf7, 0x40, 0x32, 0x20, 0xf4, 0x0c, 0xb4, 0x4d, 0xed, 0x00, 0x18
.byte 0x00, 0x00, 0xd1, 0x67, 0x24, 0x92, 0x0c, 0xea, 0x25, 0x93, 0x6c, 0xe8, 0x40, 0x33, 0x60, 0x35
.byte 0x6d, 0xed, 0x4d, 0xed, 0x00, 0xf6, 0x40, 0x32, 0x4d, 0xed, 0x10, 0x34, 0x8d, 0xed, 0x00, 0x34
.byte 0x90, 0x34, 0x8d, 0xed, 0x00, 0xf5, 0x00, 0x33, 0x6d, 0xed, 0x00, 0xf7, 0x00, 0x30, 0xff, 0xb4
.byte 0x0d, 0xed, 0x00, 0x18, 0x00, 0x00, 0xd1, 0x67, 0x00, 0x68, 0x00, 0x32, 0x40, 0x35, 0x4d, 0xed
.byte 0x0d, 0xed, 0x00, 0xf6, 0x00, 0x32, 0xfa, 0xb4, 0x00, 0x18, 0x00, 0x00, 0x4d, 0xed, 0x00, 0x18
.byte 0x00, 0x00, 0x30, 0x94, 0x00, 0xf2, 0x00, 0x69, 0xe8, 0xb4, 0xb1, 0x67, 0x00, 0x18, 0x00, 0x00
.byte 0xd1, 0x67, 0x00, 0x18, 0x00, 0x00, 0x01, 0x6c, 0xe4, 0xb4, 0x00, 0x6d, 0x00, 0x18, 0x00, 0x00
.byte 0xd1, 0x67, 0x01, 0x6a, 0x04, 0xd2, 0x00, 0x6a, 0x05, 0xd2, 0x06, 0xd2, 0x07, 0xd2, 0x30, 0x94
.byte 0xec, 0xb6, 0xed, 0xb7, 0x00, 0x18, 0x00, 0x00, 0x01, 0x6d, 0xec, 0xb4, 0x00, 0x18, 0x00, 0x00
.byte 0x00, 0x65, 0x42, 0x33, 0x62, 0x33, 0x1b, 0xd3, 0x31, 0xea, 0x1a, 0xd2, 0x0d, 0x04, 0x08, 0x03
.byte 0x09, 0x05, 0x00, 0x6a, 0x6a, 0x65, 0x1c, 0x91, 0x27, 0xea, 0x01, 0x6e, 0x2c, 0xee, 0x78, 0x2e
.byte 0x48, 0x36, 0xfd, 0x67, 0xd9, 0xe7, 0x60, 0xf0, 0xe8, 0xae, 0x30, 0x91, 0xc8, 0x99, 0x10, 0x76
.byte 0x05, 0x61, 0x48, 0xf6, 0x06, 0x77, 0x80, 0xf1, 0x0c, 0x61, 0x04, 0x10, 0x24, 0xf3, 0x03, 0x77
.byte 0x80, 0xf1, 0x07, 0x61, 0xc3, 0x67, 0xe0, 0xa3, 0x17, 0x2f, 0x01, 0x6f, 0xe0, 0xc3, 0x00, 0x6f
.byte 0xe0, 0xc4, 0xfd, 0x67, 0x5d, 0xe7, 0x1f, 0x65, 0x3d, 0x67, 0xe7, 0x41, 0x79, 0x4f, 0x20, 0xa7
.byte 0xf8, 0x67, 0x20, 0xf0, 0x38, 0xc7, 0x3d, 0x67, 0xe7, 0x41, 0x7d, 0x4f, 0x20, 0xa7, 0xf8, 0x67
.byte 0x20, 0xf0, 0x3c, 0xc7, 0x40, 0xf0, 0x00, 0xc7, 0xc0, 0xa6, 0x01, 0x76, 0x01, 0x6e, 0x1d, 0xd6
.byte 0x47, 0x61, 0xc0, 0xa4, 0x01, 0x4e, 0xc0, 0xc4, 0x43, 0x10, 0x00, 0x69, 0x20, 0xc3, 0x0c, 0x65
.byte 0x20, 0xa4, 0x89, 0x65, 0xe0, 0xa5, 0x23, 0xef, 0x3b, 0x60, 0x3d, 0x67, 0x45, 0xe1, 0x19, 0x65
.byte 0x20, 0xf0, 0xf8, 0xa1, 0x20, 0xf0, 0xe8, 0xc1, 0x38, 0x67, 0x20, 0xf0, 0xfc, 0xa1, 0x20, 0xf0
.byte 0xec, 0xc1, 0x38, 0x67, 0x40, 0xf0, 0xe0, 0xa1, 0x20, 0xf0, 0xf0, 0xc1, 0x2c, 0x67, 0x20, 0xc5
.byte 0xec, 0x67, 0x46, 0x5f, 0x03, 0x61, 0x40, 0x69, 0x20, 0xc4, 0x20, 0xc5, 0xe8, 0x67, 0x20, 0xa7
.byte 0x1d, 0x97, 0xf8, 0xe9, 0x12, 0xe9, 0xdf, 0x49, 0x3f, 0x59, 0x07, 0x60, 0x01, 0x6f, 0x2b, 0x67
.byte 0xe4, 0xe9, 0x1c, 0x91, 0x2d, 0xef, 0x11, 0xef, 0x1c, 0xd7, 0x10, 0x76, 0x04, 0x61, 0x1c, 0x91
.byte 0x03, 0x71, 0x0e, 0x61, 0x06, 0x10, 0x20, 0x76, 0x0b, 0x61, 0x1c, 0x91, 0x0f, 0x71, 0x08, 0x61
.byte 0x04, 0x10, 0x26, 0x90, 0x1f, 0xd0, 0x20, 0x68, 0x03, 0x10, 0x26, 0x91, 0x1f, 0xd1, 0x20, 0x68
.byte 0x01, 0x4a, 0x01, 0x4c, 0x01, 0x4b, 0x01, 0x4d, 0x02, 0x72, 0x7f, 0xf7, 0x1b, 0x61, 0x1d, 0x92
.byte 0x41, 0xe0, 0x11, 0xe8, 0x20, 0x58, 0x5f, 0xf7, 0x00, 0x61, 0x1f, 0x92, 0x01, 0x4a, 0x11, 0xea
.byte 0x1f, 0xd2, 0x26, 0x90, 0x03, 0xea, 0x9f, 0xf6, 0x13, 0x61, 0x1d, 0x90, 0x30, 0x94, 0x04, 0x6d
.byte 0x00, 0x18, 0x00, 0x00, 0x00, 0x6e, 0x3d, 0x67, 0x20, 0xf0, 0x44, 0xa1, 0x05, 0x2a, 0x30, 0x94
.byte 0x04, 0x6d, 0x00, 0x18, 0x00, 0x00, 0x01, 0x6e, 0x7d, 0x67, 0x20, 0xf0, 0x45, 0xa3, 0x05, 0x2a
.byte 0x30, 0x94, 0x04, 0x6d, 0x00, 0x18, 0x00, 0x00, 0x01, 0x6e, 0x00, 0x6a, 0x9d, 0x67, 0x4d, 0xe4
.byte 0x20, 0xf0, 0x84, 0xa3, 0x18, 0xec, 0x12, 0xec, 0x87, 0x34, 0xbd, 0x67, 0x20, 0xf0, 0x70, 0xa3
.byte 0x6d, 0xe4, 0x11, 0xeb, 0x51, 0xe5, 0x1f, 0x6d, 0x6c, 0xed, 0x40, 0xf0, 0xa4, 0xc4, 0x76, 0x33
.byte 0xdd, 0x67, 0x20, 0xf0, 0x8c, 0xa4, 0x8d, 0xe3, 0x11, 0xeb, 0x07, 0x6d, 0x83, 0x67, 0xac, 0xec
.byte 0x59, 0xe6, 0x40, 0xf0, 0x88, 0xc6, 0x6e, 0x33, 0xfd, 0x67, 0x20, 0xf0, 0xc8, 0xa6, 0xcd, 0xe3
.byte 0x11, 0xeb, 0x59, 0xe7, 0x40, 0xf0, 0x6c, 0xc6, 0x02, 0x4c, 0x8c, 0xed, 0x40, 0xf0, 0xb0, 0xc6
.byte 0x8e, 0x34, 0x8d, 0xe3, 0x40, 0xf0, 0x74, 0xc6, 0x01, 0x4a, 0x02, 0x72, 0xcf, 0x61, 0x64, 0xb4
.byte 0x00, 0x18, 0x00, 0x00, 0x27, 0x95, 0x63, 0xb4, 0x00, 0x18, 0x00, 0x00, 0x28, 0x95, 0x62, 0xb4
.byte 0x00, 0x18, 0x00, 0x00, 0x29, 0x95, 0x61, 0xb4, 0x00, 0x18, 0x00, 0x00, 0x2a, 0x95, 0x60, 0xb4
.byte 0x00, 0x18, 0x00, 0x00, 0x2b, 0x95, 0x1d, 0x67, 0x40, 0xf0, 0xad, 0xa0, 0x07, 0x68, 0x0c, 0xed
.byte 0xa0, 0x35, 0x3d, 0x67, 0x40, 0xf0, 0x54, 0xa1, 0x0c, 0xea, 0x50, 0x32, 0x4d, 0xed, 0x40, 0xf0
.byte 0x4c, 0xa1, 0x0c, 0xea, 0x4d, 0xed, 0x40, 0xf0, 0x55, 0xa1, 0x0c, 0xea, 0x40, 0x32, 0x50, 0x32
.byte 0x6e, 0xf7, 0x17, 0x69, 0x5a, 0xb4, 0x4d, 0xed, 0x00, 0x18, 0x00, 0x00, 0xd1, 0x67, 0x5d, 0x67
.byte 0x40, 0xf0, 0xa9, 0xa2, 0x0c, 0xed, 0xa0, 0x35, 0x40, 0xf0, 0x50, 0xa2, 0x0c, 0xea, 0x50, 0x32
.byte 0x4d, 0xed, 0x7d, 0x67, 0x40, 0xf0, 0x48, 0xa3, 0x0c, 0xea, 0x4d, 0xed, 0x40, 0xf0, 0x51, 0xa3
.byte 0x0c, 0xea, 0x40, 0x32, 0x50, 0x32, 0x4f, 0xb4, 0x4d, 0xed, 0x00, 0x18, 0x00, 0x00, 0xd1, 0x67
.byte 0x16, 0x06, 0x17, 0x05, 0x18, 0x04, 0x19, 0x03, 0x00, 0x6a, 0x1d, 0x67, 0x5d, 0xe0, 0x40, 0xf0
.byte 0x0c, 0xa7, 0x0c, 0x30, 0x3d, 0x67, 0x40, 0xf0, 0xe8, 0xa7, 0xfd, 0xe0, 0x11, 0xef, 0x04, 0x5f
.byte 0x16, 0x61, 0xfc, 0x4f, 0x11, 0xef, 0xee, 0x30, 0x00, 0xc6, 0x0c, 0x30, 0x1f, 0xe7, 0xe0, 0xc5
.byte 0x5d, 0xe1, 0x40, 0xf0, 0x10, 0xa7, 0xfc, 0x48, 0x40, 0xf0, 0xf4, 0xa7, 0xec, 0x37, 0xfd, 0xe0
.byte 0x11, 0xef, 0xee, 0x30, 0x00, 0xc4, 0x0c, 0x30, 0x1f, 0xe7, 0xe0, 0xc3, 0x06, 0x10, 0x00, 0x6f
.byte 0xe0, 0xc6, 0xe0, 0xc5, 0x02, 0x6f, 0xe0, 0xc4, 0xe0, 0xc3, 0x01, 0x4a, 0x01, 0x4e, 0x01, 0x4d
.byte 0x01, 0x4c, 0x01, 0x4b, 0x02, 0x72, 0xd1, 0x61, 0x5d, 0x67, 0x40, 0xf0, 0xb9, 0xa2, 0x07, 0x68
.byte 0x0c, 0xed, 0xa0, 0x35, 0x60, 0xf0, 0x40, 0xa2, 0x0c, 0xea, 0x50, 0x32, 0x4d, 0xed, 0x7d, 0x67
.byte 0x40, 0xf0, 0x58, 0xa3, 0x0c, 0xea, 0x4d, 0xed, 0x60, 0xf0, 0x41, 0xa3, 0x0c, 0xea, 0x40, 0x32
.byte 0x50, 0x32, 0x6e, 0xf7, 0x17, 0x69, 0x28, 0xb4, 0x4d, 0xed, 0x00, 0x18, 0x00, 0x00, 0xd1, 0x67
.byte 0x9d, 0x67, 0x40, 0xf0, 0xbd, 0xa4, 0x0c, 0xed, 0xa0, 0x35, 0x60, 0xf0, 0x44, 0xa4, 0x0c, 0xea
.byte 0x50, 0x32, 0x4d, 0xed, 0x40, 0xf0, 0x5c, 0xa4, 0x0c, 0xea, 0x4d, 0xed, 0x60, 0xf0, 0x45, 0xa4
.byte 0x0c, 0xea, 0x40, 0x32, 0x50, 0x32, 0x1d, 0xb4, 0x4d, 0xed, 0x00, 0x18, 0x00, 0x00, 0xd1, 0x67
.byte 0xdd, 0x67, 0x40, 0xf0, 0xa5, 0xa6, 0xa0, 0x35, 0x40, 0xf0, 0x44, 0xa6, 0x18, 0xb4, 0x00, 0x18
.byte 0x00, 0x00, 0x4d, 0xed, 0x00, 0x18, 0x00, 0x00, 0x30, 0x94, 0x00, 0x6a, 0x10, 0xf0, 0x78, 0x64
.byte 0xa0, 0xe8, 0x20, 0xa3, 0x01, 0x71, 0xdf, 0xf6, 0x1b, 0x61, 0x97, 0x16, 0x00, 0x02, 0x03, 0x00
.byte 0x04, 0x02, 0x03, 0x00, 0x00, 0x00, 0x03, 0x00, 0x60, 0x00, 0x03, 0x00, 0x4c, 0x00, 0x03, 0x00
.byte 0x00, 0x00, 0x04, 0x00, 0x00, 0x00, 0x40, 0x00, 0xa0, 0x02, 0x04, 0x00, 0x00, 0x00, 0x00, 0x02
.byte 0x00, 0x0a, 0x03, 0x00, 0x60, 0x08, 0x03, 0x00, 0x77, 0x77, 0x77, 0x77, 0x24, 0x0a, 0x03, 0x00
.byte 0x28, 0x0a, 0x03, 0x00, 0x1c, 0x0a, 0x03, 0x00, 0x20, 0x0a, 0x03, 0x00, 0x04, 0x0a, 0x03, 0x00
.byte 0x00, 0x00, 0x00, 0x55, 0x46, 0x00, 0x00, 0xaa, 0x08, 0x04, 0x02, 0x00
.globl DramcGatingMode
.type DramcGatingMode, @function
DramcGatingMode:
.insn
.byte 0xf4, 0x64, 0xff, 0x68, 0x11, 0x48, 0x0e, 0xb4, 0x00, 0x6d, 0x00, 0x18, 0x00, 0x00, 0xd0, 0x67
.byte 0x0c, 0xb1, 0x91, 0x67, 0x00, 0x6d, 0x00, 0x18, 0x00, 0x00, 0xd0, 0x67, 0x00, 0x18, 0x00, 0x00
.byte 0x01, 0x6c, 0x91, 0x67, 0xb0, 0x67, 0x00, 0x18, 0x00, 0x00, 0xd0, 0x67, 0x04, 0xb4, 0xb0, 0x67
.byte 0x00, 0x18, 0x00, 0x00, 0xd0, 0x67, 0x74, 0x64, 0xa0, 0xe8, 0x00, 0x65, 0xa4, 0x00, 0x04, 0x00
.byte 0x24, 0x01, 0x04, 0x00
.globl DramcRxdqsGatingCal_PCDDR4
.type DramcRxdqsGatingCal_PCDDR4, @function
DramcRxdqsGatingCal_PCDDR4:
.insn
.byte 0x14, 0xf0, 0xfa, 0x64, 0x01, 0x6a, 0xc0, 0xf3, 0x12, 0x24, 0xa0, 0xf7, 0x0c, 0xb4, 0x00, 0x18
.byte 0x00, 0x00, 0x00, 0x65, 0xa0, 0xf7, 0x04, 0xb4, 0x00, 0x18, 0x00, 0x00, 0x28, 0xd2, 0x29, 0xd2
.byte 0x80, 0xf7, 0x1c, 0xb0, 0x00, 0x18, 0x00, 0x00, 0x90, 0x67, 0x80, 0xf7, 0x18, 0xb4, 0x00, 0x18
.byte 0x00, 0x00, 0x2a, 0xd2, 0x80, 0xf7, 0x10, 0xb4, 0x00, 0x18, 0x00, 0x00, 0x2b, 0xd2, 0x80, 0xf7
.byte 0x0c, 0xb4, 0x00, 0x18, 0x00, 0x00, 0x2c, 0xd2, 0x80, 0xf7, 0x04, 0xb4, 0x00, 0x18, 0x00, 0x00
.byte 0x2d, 0xd2, 0x2e, 0xd2, 0x60, 0xf7, 0x1c, 0xb1, 0x00, 0x18, 0x00, 0x00, 0x91, 0x67, 0x2f, 0xd2
.byte 0x34, 0x94, 0x00, 0x18, 0x00, 0x00, 0x00, 0x6d, 0x02, 0xf0, 0x00, 0x6e, 0x91, 0x67, 0x00, 0x18
.byte 0x00, 0x00, 0xa6, 0x67, 0x34, 0x94, 0x01, 0x6d, 0x01, 0xf0, 0x00, 0x6f, 0x00, 0x18, 0x00, 0x00
.byte 0x00, 0x6e, 0x40, 0xf7, 0x00, 0xb4, 0x40, 0xf7, 0x10, 0xb6, 0x00, 0x18, 0x00, 0x00, 0x00, 0x6d
.byte 0x34, 0x94, 0x00, 0x18, 0x00, 0x00, 0x00, 0x6d, 0x20, 0xf7, 0x00, 0xb4, 0x20, 0xf7, 0x1c, 0xb6
.byte 0x00, 0x18, 0x00, 0x00, 0x00, 0x6d, 0x90, 0x67, 0xff, 0x6d, 0x01, 0x4d, 0x00, 0x18, 0x00, 0x00
.byte 0xc5, 0x67, 0x00, 0x18, 0x00, 0x00, 0x04, 0x6c, 0x00, 0xf2, 0x00, 0x69, 0x90, 0x67, 0xb1, 0x67
.byte 0x00, 0x18, 0x00, 0x00, 0xd1, 0x67, 0x00, 0x18, 0x00, 0x00, 0x01, 0x6c, 0x90, 0x67, 0x00, 0x6d
.byte 0x00, 0x18, 0x00, 0x00, 0xd1, 0x67, 0x00, 0xf7, 0x08, 0xb4, 0x00, 0xf7, 0x08, 0xb6, 0x00, 0x18
.byte 0x00, 0x00, 0x00, 0x6d, 0x00, 0x68, 0x04, 0xd0, 0x34, 0x94, 0xe0, 0xf6, 0x1c, 0xb5, 0xe0, 0xf6
.byte 0x1c, 0xb6, 0x00, 0x18, 0x00, 0x00, 0x01, 0x6f, 0xc0, 0xf6, 0x14, 0xb4, 0xff, 0x6d, 0x00, 0xf3
.byte 0x00, 0x6e, 0x00, 0x18, 0x00, 0x00, 0x01, 0x4d, 0x00, 0x6a, 0x7d, 0x67, 0x18, 0xc3, 0x5c, 0xc3
.byte 0x20, 0xf0, 0x40, 0xc3, 0x40, 0xf0, 0x50, 0xc3, 0x40, 0xf0, 0x54, 0xc3, 0x40, 0xf0, 0x58, 0xc3
.byte 0x60, 0xf0, 0x48, 0xc3, 0x60, 0xf0, 0x4c, 0xc3, 0x60, 0xf0, 0x50, 0xc3, 0x60, 0xf0, 0x54, 0xc3
.byte 0x40, 0xf0, 0x5c, 0xc3, 0x60, 0xf0, 0x40, 0xc3, 0x60, 0xf0, 0x44, 0xc3, 0x59, 0xc3, 0x5d, 0xc3
.byte 0x20, 0xf0, 0x41, 0xc3, 0x40, 0xf0, 0x51, 0xc3, 0x40, 0xf0, 0x55, 0xc3, 0x40, 0xf0, 0x59, 0xc3
.byte 0x60, 0xf0, 0x49, 0xc3, 0x60, 0xf0, 0x4d, 0xc3, 0x60, 0xf0, 0x51, 0xc3, 0x60, 0xf0, 0x55, 0xc3
.byte 0x40, 0xf0, 0x5d, 0xc3, 0x60, 0xf0, 0x41, 0xc3, 0x60, 0xf0, 0x45, 0xc3, 0x34, 0x90, 0x4c, 0x98
.byte 0x40, 0xf6, 0x00, 0x5a, 0x0b, 0x68, 0x05, 0x60, 0x20, 0xf5, 0x15, 0x5a, 0x0c, 0x68, 0x01, 0x61
.byte 0x11, 0x68, 0x27, 0x40, 0x11, 0x49, 0x60, 0xf6, 0x08, 0xb4, 0x00, 0x18, 0x00, 0x00, 0x27, 0xd1
.byte 0x0f, 0x6b, 0x6c, 0xea, 0x40, 0xf6, 0x1c, 0xb4, 0x50, 0x35, 0x00, 0x18, 0x00, 0x00, 0xf0, 0x6e
.byte 0x22, 0xd0, 0x00, 0x68, 0x20, 0xd0, 0x22, 0x91, 0x2e, 0x32, 0x11, 0xea, 0x23, 0xd2, 0x07, 0x6a
.byte 0x4c, 0xe9, 0x24, 0xd1, 0x22, 0x92, 0x04, 0x4a, 0xc0, 0xf7, 0x43, 0x33, 0x07, 0x6c, 0x23, 0x67
.byte 0x8c, 0xe9, 0x45, 0xe1, 0x2f, 0x31, 0x11, 0xe9, 0x40, 0xf7, 0x62, 0x33, 0x69, 0xe2, 0x4c, 0xec
.byte 0x6f, 0xe4, 0x11, 0xeb, 0x1e, 0xd3, 0x23, 0x90, 0x0c, 0x32, 0x24, 0x90, 0x09, 0xe2, 0x0b, 0x5a
.byte 0x14, 0x61, 0xf5, 0x4a, 0x4e, 0x33, 0x11, 0xeb, 0x1f, 0xd3, 0x6c, 0x33, 0x6b, 0xe2, 0x11, 0xea
.byte 0x25, 0xd2, 0x2c, 0x32, 0x1e, 0x90, 0x09, 0xe2, 0xf5, 0x4a, 0x4e, 0x33, 0x11, 0xeb, 0x21, 0xd3
.byte 0x6c, 0x33, 0x6b, 0xe2, 0x11, 0xea, 0x26, 0xd2, 0x0a, 0x10, 0xe0, 0xf5, 0x0c, 0xb4, 0x00, 0x18
.byte 0x00, 0x00, 0x04, 0x68, 0x26, 0xd0, 0x21, 0xd0, 0x00, 0x68, 0x25, 0xd0, 0x1f, 0xd0, 0x07, 0x68
.byte 0x23, 0x93, 0x0c, 0xeb, 0x51, 0x67, 0x0c, 0xea, 0x60, 0x34, 0x80, 0x35, 0x8d, 0xed, 0x6d, 0xed
.byte 0x00, 0xf6, 0x60, 0x33, 0x6d, 0xed, 0x50, 0x36, 0xcd, 0xed, 0x40, 0x36, 0xd0, 0x36, 0xcd, 0xed
.byte 0x00, 0xf5, 0x40, 0x34, 0x8d, 0xed, 0x00, 0xf7, 0x40, 0x32, 0xa0, 0xf5, 0x10, 0xb1, 0xa0, 0xf5
.byte 0x10, 0xb4, 0x4d, 0xed, 0x00, 0x18, 0x00, 0x00, 0xd1, 0x67, 0x24, 0x93, 0x0c, 0xeb, 0x1e, 0x92
.byte 0x0c, 0xea, 0x60, 0x34, 0x80, 0x35, 0x8d, 0xed, 0x6d, 0xed, 0x00, 0xf6, 0x60, 0x33, 0x6d, 0xed
.byte 0x50, 0x36, 0xcd, 0xed, 0x40, 0x36, 0xd0, 0x36, 0xcd, 0xed, 0x00, 0xf5, 0x40, 0x34, 0x8d, 0xed
.byte 0x00, 0xf7, 0x40, 0x32, 0x60, 0xf5, 0x1c, 0xb4, 0x4d, 0xed, 0x00, 0x18, 0x00, 0x00, 0xd1, 0x67
.byte 0x1f, 0x93, 0x0c, 0xeb, 0x21, 0x92, 0x0c, 0xea, 0x60, 0x34, 0x80, 0x35, 0x8d, 0xed, 0x6d, 0xed
.byte 0x00, 0xf6, 0x60, 0x33, 0x6d, 0xed, 0x50, 0x36, 0xcd, 0xed, 0x40, 0x36, 0xd0, 0x36, 0xcd, 0xed
.byte 0x00, 0xf5, 0x40, 0x34, 0x8d, 0xed, 0x00, 0xf7, 0x40, 0x32, 0x40, 0xf5, 0x0c, 0xb4, 0x4d, 0xed
.byte 0x00, 0x18, 0x00, 0x00, 0xd1, 0x67, 0x25, 0x92, 0x0c, 0xea, 0x26, 0x93, 0x6c, 0xe8, 0x40, 0x33
.byte 0x60, 0x35, 0x6d, 0xed, 0x4d, 0xed, 0x00, 0xf6, 0x40, 0x32, 0x4d, 0xed, 0x10, 0x34, 0x8d, 0xed
.byte 0x00, 0x34, 0x90, 0x34, 0x8d, 0xed, 0x00, 0xf5, 0x00, 0x33, 0x6d, 0xed, 0x00, 0xf7, 0x00, 0x30
.byte 0x00, 0xf5, 0x18, 0xb4, 0x0d, 0xed, 0x00, 0x18, 0x00, 0x00, 0xd1, 0x67, 0x00, 0x69, 0x20, 0x32
.byte 0x40, 0x35, 0x4d, 0xed, 0x2d, 0xed, 0x00, 0xf6, 0x20, 0x32, 0x00, 0xf5, 0x04, 0xb4, 0x00, 0x18
.byte 0x00, 0x00, 0x4d, 0xed, 0x00, 0x18, 0x00, 0x00, 0x34, 0x94, 0x00, 0xf2, 0x00, 0x68, 0xa0, 0xf4
.byte 0x00, 0xb4, 0xb0, 0x67, 0x00, 0x18, 0x00, 0x00, 0xd0, 0x67, 0x00, 0x18, 0x00, 0x00, 0x01, 0x6c
.byte 0x80, 0xf4, 0x0c, 0xb4, 0x00, 0x6d, 0x00, 0x18, 0x00, 0x00, 0xd0, 0x67, 0x34, 0x94, 0x01, 0x6d
.byte 0x00, 0x18, 0x00, 0x00, 0xc5, 0x67, 0xc0, 0xf4, 0x0c, 0xb4, 0x00, 0x18, 0x00, 0x00, 0x00, 0x65
.byte 0xff, 0xf7, 0x1f, 0x6c, 0x4c, 0xec, 0x1e, 0xd4, 0xa0, 0xf4, 0x1c, 0xb4, 0x00, 0x18, 0x00, 0x00
.byte 0x00, 0x65, 0xff, 0xf7, 0x1f, 0x6d, 0x4c, 0xed, 0xa0, 0xf4, 0x10, 0xb4, 0x00, 0x18, 0x00, 0x00
.byte 0x1f, 0xd5, 0x0c, 0xea, 0x42, 0x32, 0x46, 0x32, 0xdd, 0x67, 0x40, 0xf0, 0x54, 0xc6, 0x80, 0xf4
.byte 0x1c, 0xb4, 0x00, 0x18, 0x00, 0x00, 0x00, 0x65, 0xff, 0x6f, 0x01, 0x4f, 0xec, 0xea, 0x42, 0x32
.byte 0x7d, 0x67, 0x40, 0xf0, 0x50, 0xc3, 0x80, 0xf4, 0x08, 0xb4, 0x00, 0x18, 0x00, 0x00, 0x00, 0x65
.byte 0x4c, 0xe8, 0x02, 0x30, 0x06, 0x30, 0x9d, 0x67, 0x40, 0xf0, 0x15, 0xc4, 0x60, 0xf4, 0x10, 0xb4
.byte 0x00, 0x18, 0x00, 0x00, 0x00, 0x65, 0xff, 0x6d, 0x01, 0x4d, 0xac, 0xea, 0x42, 0x32, 0xdd, 0x67
.byte 0x40, 0xf0, 0x51, 0xc6, 0x40, 0xf4, 0x1c, 0xb4, 0x00, 0x18, 0x00, 0x00, 0x00, 0x65, 0x42, 0x33
.byte 0x62, 0x33, 0x13, 0xd3, 0xff, 0xf7, 0x1f, 0x6f, 0xec, 0xea, 0x12, 0xd2, 0x1d, 0x06, 0x15, 0x04
.byte 0x08, 0x05, 0x06, 0x03, 0x00, 0x6a, 0x69, 0x65, 0x4a, 0x65, 0x20, 0x90, 0x07, 0xea, 0x01, 0x6f
.byte 0x0c, 0xef, 0x80, 0xf0, 0x13, 0x2f, 0x4c, 0x31, 0x48, 0x37, 0x1d, 0x67, 0xe1, 0xe0, 0xf2, 0x98
.byte 0x0f, 0x65, 0x1e, 0x90, 0x1f, 0x97, 0xed, 0xe8, 0x06, 0xe9, 0x11, 0xe8, 0x18, 0x65, 0x00, 0x6f
.byte 0x16, 0x61, 0xe8, 0x67, 0x31, 0xef, 0x24, 0xf3, 0x03, 0x69, 0x2e, 0xef, 0x01, 0x5f, 0xf8, 0x67
.byte 0x0e, 0x27, 0x1b, 0x65, 0x00, 0xa3, 0x03, 0x28, 0x01, 0x69, 0x20, 0xc3, 0x00, 0xc5, 0x38, 0x67
.byte 0x20, 0xa1, 0x01, 0x71, 0x15, 0x61, 0x20, 0xa5, 0x01, 0x49, 0x20, 0xc5, 0x11, 0x10, 0x00, 0xa3
.byte 0x01, 0x70, 0x0e, 0x61, 0x00, 0x69, 0x20, 0xc3, 0x20, 0xc6, 0x00, 0xa5, 0x28, 0x65, 0x07, 0x01
.byte 0x45, 0xe1, 0x09, 0x65, 0x00, 0xa1, 0x29, 0x67, 0x23, 0xe8, 0x02, 0x60, 0x08, 0x67, 0x20, 0xc0
.byte 0x3d, 0x67, 0x45, 0xe1, 0x40, 0xf0, 0x30, 0xa1, 0x10, 0x29, 0x2c, 0x65, 0x00, 0xa4, 0x04, 0x28
.byte 0x03, 0x27, 0x00, 0x6f, 0xe0, 0xc6, 0x52, 0x10, 0x09, 0x67, 0x00, 0xa0, 0x01, 0x70, 0x18, 0x67
.byte 0x04, 0x28, 0x4c, 0x27, 0x00, 0x6f, 0xe0, 0xc6, 0x49, 0x10, 0x01, 0x71, 0x47, 0x61, 0x0c, 0x65
.byte 0x20, 0xa4, 0x01, 0x71, 0x14, 0x61, 0x13, 0x27, 0xe0, 0xa6, 0x01, 0x4f, 0xe0, 0xc6, 0x1d, 0x67
.byte 0x5d, 0xe0, 0x80, 0xf0, 0x2c, 0x40, 0x20, 0xa1, 0x60, 0xf0, 0x28, 0xc7, 0x90, 0xf0, 0x20, 0x40
.byte 0x20, 0xa1, 0x60, 0xf0, 0x2c, 0xc7, 0x0b, 0x67, 0x60, 0xf0, 0x10, 0xc7, 0x2f, 0x10, 0x28, 0x67
.byte 0x20, 0xa1, 0x19, 0x65, 0x2b, 0x61, 0x2a, 0x27, 0xe0, 0xa6, 0x05, 0x5f, 0x27, 0x61, 0x16, 0x00
.byte 0x41, 0xe0, 0x08, 0x65, 0x20, 0xa0, 0xe3, 0xe9, 0x1a, 0x60, 0x1d, 0x67, 0x41, 0xe0, 0x18, 0x65
.byte 0x60, 0xf0, 0x28, 0xa0, 0x40, 0xf0, 0x3c, 0xc0, 0x18, 0x67, 0x60, 0xf0, 0x2c, 0xa0, 0x60, 0xf0
.byte 0x20, 0xc0, 0x18, 0x67, 0x60, 0xf0, 0x30, 0xa0, 0x60, 0xf0, 0x24, 0xc0, 0x08, 0x67, 0xe0, 0xc0
.byte 0x01, 0x6f, 0x2a, 0x67, 0xe4, 0xe9, 0x20, 0x90, 0x0d, 0xef, 0x11, 0xef, 0x20, 0xd7, 0x20, 0x91
.byte 0x03, 0x71, 0x04, 0x61, 0x27, 0x90, 0x22, 0xd0, 0x20, 0x69, 0x69, 0x65, 0x01, 0x4a, 0x01, 0x4e
.byte 0x01, 0x4c, 0x01, 0x4d, 0x01, 0x4b, 0x02, 0x72, 0x5f, 0xf7, 0x1e, 0x61, 0x2b, 0x67, 0x04, 0x49
.byte 0x11, 0xe9, 0x20, 0x59, 0xff, 0xf6, 0x03, 0x61, 0x22, 0x92, 0x01, 0x4a, 0x11, 0xea, 0x22, 0xd2
.byte 0x27, 0x90, 0x03, 0xea, 0x3f, 0xf6, 0x0f, 0x61, 0x00, 0x18, 0x00, 0x00, 0x34, 0x94, 0x34, 0x94
.byte 0x04, 0x6d, 0x00, 0x18, 0x00, 0x00, 0x00, 0x6e, 0x3d, 0x67, 0x40, 0xf0, 0x58, 0xa1, 0x05, 0x2a
.byte 0x34, 0x94, 0x04, 0x6d, 0x00, 0x18, 0x00, 0x00, 0x01, 0x6e, 0x7d, 0x67, 0x5c, 0xa3, 0x05, 0x2a
.byte 0x20, 0xf0, 0x40, 0xa3, 0x02, 0x22, 0x18, 0x6a, 0x5c, 0xc3, 0x9d, 0x67, 0x40, 0xf0, 0x59, 0xa4
.byte 0x05, 0x2a, 0x34, 0x94, 0x04, 0x6d, 0x00, 0x18, 0x00, 0x00, 0x01, 0x6e, 0xbd, 0x67, 0x5d, 0xa5
.byte 0x05, 0x2a, 0x20, 0xf0, 0x41, 0xa5, 0x02, 0x22, 0x18, 0x6a, 0x5d, 0xc5, 0x00, 0x6a, 0xdd, 0x67
.byte 0x4d, 0xe6, 0x60, 0xf0, 0x60, 0xa3, 0x51, 0xe6, 0x40, 0xf0, 0xbc, 0xa4, 0x60, 0xf0, 0x84, 0xa4
.byte 0x10, 0x4c, 0x59, 0xe6, 0x1f, 0x6f, 0x8c, 0xef, 0x20, 0xf0, 0xe4, 0xc6, 0x96, 0x34, 0x8d, 0xe3
.byte 0x07, 0x6c, 0x6c, 0xec, 0x20, 0xf0, 0x88, 0xc6, 0x6e, 0x33, 0x6d, 0xe5, 0x11, 0xeb, 0xa6, 0x67
.byte 0x20, 0xf0, 0x6c, 0xc6, 0x04, 0x4c, 0x07, 0x6e, 0x8c, 0xee, 0x20, 0xf0, 0xd0, 0xc5, 0x8e, 0x34
.byte 0x8d, 0xe3, 0x20, 0xf0, 0x74, 0xc5, 0x01, 0x4a, 0x02, 0x72, 0xd9, 0x61, 0x72, 0xb4, 0x00, 0x18
.byte 0x00, 0x00, 0x28, 0x95, 0x71, 0xb4, 0x00, 0x18, 0x00, 0x00, 0x29, 0x95, 0x70, 0xb4, 0x00, 0x18
.byte 0x00, 0x00, 0x2a, 0x95, 0x6f, 0xb4, 0x00, 0x18, 0x00, 0x00, 0x2b, 0x95, 0x6e, 0xb4, 0x00, 0x18
.byte 0x00, 0x00, 0x2c, 0x95, 0x6d, 0xb4, 0x00, 0x18, 0x00, 0x00, 0x2d, 0x95, 0x34, 0x94, 0x00, 0x18
.byte 0x00, 0x00, 0x01, 0x6d, 0x6a, 0xb4, 0x00, 0x18, 0x00, 0x00, 0x2e, 0x95, 0x69, 0xb4, 0x00, 0x18
.byte 0x00, 0x00, 0x2f, 0x95, 0x34, 0x94, 0x01, 0x6d, 0x00, 0x6e, 0x00, 0x18, 0x00, 0x00, 0xe6, 0x67
.byte 0x1d, 0x67, 0x20, 0xf0, 0xad, 0xa0, 0x07, 0x68, 0x0c, 0xed, 0xa0, 0x35, 0x3d, 0x67, 0x20, 0xf0
.byte 0x54, 0xa1, 0x0c, 0xea, 0x50, 0x32, 0x4d, 0xed, 0x20, 0xf0, 0x4c, 0xa1, 0x0c, 0xea, 0x4d, 0xed
.byte 0x20, 0xf0, 0x55, 0xa1, 0x0c, 0xea, 0x40, 0x32, 0x50, 0x32, 0x6e, 0xf7, 0x17, 0x69, 0x64, 0xb4
.byte 0x4d, 0xed, 0x00, 0x18, 0x00, 0x00, 0xd1, 0x67, 0x5d, 0x67, 0x20, 0xf0, 0xa9, 0xa2, 0x0c, 0xed
.byte 0xa0, 0x35, 0x20, 0xf0, 0x50, 0xa2, 0x0c, 0xea, 0x50, 0x32, 0x4d, 0xed, 0x7d, 0x67, 0x20, 0xf0
.byte 0x48, 0xa3, 0x0c, 0xea, 0x4d, 0xed, 0x20, 0xf0, 0x51, 0xa3, 0x0c, 0xea, 0x40, 0x32, 0x50, 0x32
.byte 0x58, 0xb4, 0x4d, 0xed, 0x00, 0x18, 0x00, 0x00, 0xd1, 0x67, 0x0e, 0x06, 0x0f, 0x05, 0x10, 0x04
.byte 0x11, 0x03, 0x00, 0x6a, 0x1d, 0x67, 0x5d, 0xe0, 0x20, 0xf0, 0x0c, 0xa7, 0x0c, 0x30, 0x3d, 0x67
.byte 0x20, 0xf0, 0xe8, 0xa7, 0xfd, 0xe0, 0x11, 0xef, 0x0b, 0x5f, 0x16, 0x61, 0xf5, 0x4f, 0x11, 0xef
.byte 0xee, 0x30, 0x00, 0xc6, 0x0c, 0x30, 0x1f, 0xe7, 0xe0, 0xc5, 0x5d, 0xe1, 0x20, 0xf0, 0x10, 0xa7
.byte 0xf5, 0x48, 0x20, 0xf0, 0xf4, 0xa7, 0xec, 0x37, 0xfd, 0xe0, 0x11, 0xef, 0xee, 0x30, 0x00, 0xc4
.byte 0x0c, 0x30, 0x1f, 0xe7, 0xe0, 0xc3, 0x06, 0x10, 0x00, 0x6f, 0xe0, 0xc6, 0xe0, 0xc5, 0x04, 0x6f
.byte 0xe0, 0xc4, 0xe0, 0xc3, 0x01, 0x4a, 0x01, 0x4e, 0x01, 0x4d, 0x01, 0x4c, 0x01, 0x4b, 0x02, 0x72
.byte 0xd1, 0x61, 0x5d, 0x67, 0x20, 0xf0, 0xb9, 0xa2, 0x07, 0x68, 0x0c, 0xed, 0xa0, 0x35, 0x40, 0xf0
.byte 0x40, 0xa2, 0x0c, 0xea, 0x50, 0x32, 0x4d, 0xed, 0x7d, 0x67, 0x20, 0xf0, 0x58, 0xa3, 0x0c, 0xea
.byte 0x4d, 0xed, 0x40, 0xf0, 0x41, 0xa3, 0x0c, 0xea, 0x40, 0x32, 0x50, 0x32, 0x6e, 0xf7, 0x17, 0x69
.byte 0x31, 0xb4, 0x4d, 0xed, 0x00, 0x18, 0x00, 0x00, 0xd1, 0x67, 0x9d, 0x67, 0x20, 0xf0, 0xbd, 0xa4
.byte 0x0c, 0xed, 0xa0, 0x35, 0x40, 0xf0, 0x44, 0xa4, 0x0c, 0xea, 0x50, 0x32, 0x4d, 0xed, 0x20, 0xf0
.byte 0x5c, 0xa4, 0x0c, 0xea, 0x4d, 0xed, 0x40, 0xf0, 0x45, 0xa4, 0x0c, 0xea, 0x40, 0x32, 0x50, 0x32
.byte 0x26, 0xb4, 0x4d, 0xed, 0x00, 0x18, 0x00, 0x00, 0xd1, 0x67, 0x34, 0x90, 0x43, 0x98, 0x01, 0x6d
.byte 0x4c, 0xed, 0x29, 0xb4, 0x23, 0xf7, 0x00, 0x6a, 0xff, 0xf7, 0x1d, 0x6e, 0x00, 0x18, 0x00, 0x00
.byte 0x4d, 0xed, 0x3d, 0x67, 0x20, 0xf0, 0xa5, 0xa1, 0xa0, 0x35, 0x20, 0xf0, 0x44, 0xa1, 0x1c, 0xb4
.byte 0x00, 0x18, 0x00, 0x00, 0x4d, 0xed, 0x00, 0x18, 0x00, 0x00, 0x34, 0x94, 0x00, 0x6a, 0x10, 0xf0
.byte 0x7a, 0x64, 0xa0, 0xe8, 0x00, 0x02, 0x03, 0x00, 0x00, 0x00, 0x03, 0x00, 0x60, 0x00, 0x03, 0x00
.byte 0x4c, 0x00, 0x03, 0x00, 0xb0, 0x00, 0x04, 0x00, 0x30, 0x01, 0x04, 0x00, 0x9c, 0x02, 0x04, 0x00
.byte 0xc4, 0x00, 0x04, 0x00, 0x00, 0x00, 0x04, 0x00, 0x00, 0x00, 0x40, 0x00, 0xa0, 0x02, 0x04, 0x00
.byte 0x00, 0x00, 0x00, 0x02, 0x00, 0x00, 0x00, 0x55, 0x23, 0x00, 0x00, 0xaa, 0x00, 0x0a, 0x03, 0x00
.byte 0x60, 0x08, 0x03, 0x00, 0x00, 0x00, 0x00, 0x00, 0x77, 0x77, 0x77, 0x77, 0x24, 0x0a, 0x03, 0x00
.byte 0x28, 0x0a, 0x03, 0x00, 0x1c, 0x0a, 0x03, 0x00, 0x20, 0x0a, 0x03, 0x00, 0x04, 0x0a, 0x03, 0x00
.byte 0x10, 0x05, 0x04, 0x00, 0x14, 0x05, 0x04, 0x00, 0x08, 0x05, 0x04, 0x00, 0x0c, 0x05, 0x04, 0x00
.byte 0x08, 0x04, 0x02, 0x00, 0x74, 0x08, 0x03, 0x00
.globl DramcRxWindowPerbitCal
.type DramcRxWindowPerbitCal, @function
DramcRxWindowPerbitCal:
.insn
.byte 0x44, 0xf0, 0xfa, 0x64, 0x11, 0xed, 0x87, 0xd5, 0x00, 0x6a, 0x7c, 0xd2, 0x7d, 0xd2, 0x80, 0xd2
.byte 0x81, 0xd2, 0x82, 0xd2, 0x83, 0xd2, 0x7d, 0x67, 0x00, 0xf2, 0x50, 0xc3, 0x00, 0xf2, 0x51, 0xc3
.byte 0x00, 0xf2, 0x52, 0xc3, 0x00, 0xf2, 0x53, 0xc3, 0x00, 0xf2, 0x54, 0xc3, 0x00, 0xf2, 0x55, 0xc3
.byte 0x00, 0xf2, 0x56, 0xc3, 0x00, 0xf2, 0x57, 0xc3, 0x01, 0x6a, 0xe0, 0xf2, 0x04, 0x24, 0x00, 0x18
.byte 0x00, 0x00, 0x00, 0x65, 0x8e, 0xd2, 0x87, 0x91, 0x0a, 0x21, 0x94, 0x94, 0x07, 0x6d, 0x00, 0x18
.byte 0x00, 0x00, 0x01, 0x6e, 0x94, 0x93, 0x20, 0xf0, 0x5b, 0xa3, 0x07, 0x2a, 0xd7, 0x12, 0x94, 0x94
.byte 0x06, 0x6d, 0x00, 0x18, 0x00, 0x00, 0x01, 0x6e, 0xd1, 0x12, 0x94, 0x94, 0x41, 0x9c, 0xc0, 0xf2
.byte 0x0d, 0x2a, 0x01, 0x69, 0x8d, 0xd1, 0x20, 0x69, 0x8a, 0xd1, 0x00, 0x6c, 0x94, 0x92, 0x68, 0x9a
.byte 0x1b, 0x23, 0x00, 0x6a, 0x44, 0x36, 0x4c, 0x35, 0xb5, 0xe6, 0x04, 0x06, 0xb5, 0xe6, 0xef, 0xf7
.byte 0x1f, 0x6e, 0xc0, 0xcd, 0xc1, 0xcd, 0xc2, 0xcd, 0xa0, 0xf0, 0xc0, 0xcd, 0xa0, 0xf0, 0xc2, 0xcd
.byte 0xa0, 0xf0, 0xc4, 0xcd, 0x40, 0xf1, 0xc0, 0xcd, 0x40, 0xf1, 0xc2, 0xcd, 0x40, 0xf1, 0xc4, 0xcd
.byte 0x01, 0x4a, 0x11, 0xea, 0x63, 0xea, 0xe6, 0x61, 0x94, 0x97, 0x4c, 0x9f, 0x40, 0xf6, 0x00, 0x5a
.byte 0x0a, 0x60, 0x20, 0xf5, 0x15, 0x5a, 0x0b, 0x60, 0x20, 0xf4, 0x0a, 0x5a, 0x0c, 0x61, 0x60, 0x69
.byte 0x2b, 0xe9, 0x89, 0xd1, 0x0b, 0x10, 0x30, 0x69, 0x2b, 0xe9, 0x89, 0xd1, 0x07, 0x10, 0x46, 0x69
.byte 0x2b, 0xe9, 0x89, 0xd1, 0x03, 0x10, 0x7f, 0x69, 0x2b, 0xe9, 0x89, 0xd1, 0x8a, 0x91, 0x23, 0xec
.byte 0x20, 0xf1, 0x0b, 0x61, 0x00, 0x68, 0x8b, 0xd0, 0x33, 0x11, 0x86, 0xd0, 0x94, 0x90, 0x90, 0x67
.byte 0xb1, 0x67, 0x00, 0x18, 0x00, 0x00, 0x00, 0x6e, 0x01, 0x49, 0x11, 0xe9, 0x48, 0x98, 0x4e, 0x33
.byte 0x63, 0xe9, 0xf5, 0x61, 0x86, 0x90, 0x08, 0x5a, 0x0e, 0x61, 0x00, 0x69, 0x94, 0x90, 0x90, 0x67
.byte 0xb1, 0x67, 0x00, 0x18, 0x00, 0x00, 0x84, 0x06, 0x01, 0x49, 0x11, 0xe9, 0x48, 0x98, 0x4e, 0x32
.byte 0x43, 0xe9, 0xf5, 0x61, 0x86, 0x90, 0xe0, 0xf4, 0x0c, 0xb4, 0x88, 0x95, 0x00, 0x18, 0x00, 0x00
.byte 0x3f, 0x6e, 0xe0, 0xf4, 0x04, 0xb4, 0x88, 0x95, 0x00, 0x18, 0x00, 0x00, 0x3f, 0x6e, 0x89, 0x91
.byte 0x00, 0x6a, 0x86, 0xd2, 0x94, 0x94, 0x00, 0x18, 0x00, 0x00, 0xb1, 0x67, 0x87, 0x93, 0x04, 0x23
.byte 0x00, 0x18, 0x00, 0x00, 0x94, 0x94, 0x02, 0x67, 0x94, 0x95, 0x88, 0x9d, 0x80, 0xf0, 0x0b, 0x24
.byte 0x00, 0x6a, 0x62, 0x67, 0x01, 0x6e, 0xc4, 0xea, 0x0c, 0xee, 0x44, 0x37, 0x4c, 0x35, 0xb5, 0xe7
.byte 0xfd, 0x67, 0xb5, 0xe7, 0xa8, 0x8d, 0xef, 0xf7, 0x1f, 0x75, 0x07, 0x61, 0x50, 0x2e, 0x44, 0x35
.byte 0x4c, 0x33, 0x6d, 0xe5, 0x6d, 0xe7, 0x28, 0xcb, 0x4a, 0x10, 0x44, 0x37, 0x4c, 0x35, 0xb5, 0xe7
.byte 0xfd, 0x67, 0xb5, 0xe7, 0xa9, 0x8d, 0xef, 0xf7, 0x1f, 0x75, 0x41, 0x61, 0x0c, 0x26, 0xaf, 0x41
.byte 0xb1, 0xed, 0x44, 0x37, 0x4c, 0x36, 0xd9, 0xe7, 0xfd, 0x67, 0xd9, 0xe7, 0xa9, 0xce, 0xef, 0xf7
.byte 0x1f, 0x75, 0x0a, 0x61, 0x34, 0x10, 0x3f, 0x71, 0x32, 0x61, 0x44, 0x36, 0x4c, 0x35, 0xb5, 0xe6
.byte 0xb5, 0xe7, 0x3f, 0x6e, 0xc9, 0xcd, 0x3f, 0x6d, 0x64, 0x37, 0x6c, 0x36, 0xdd, 0xe7, 0x04, 0x06
.byte 0xfd, 0xe6, 0xc0, 0x8f, 0x2e, 0x65, 0xdb, 0xe5, 0x1e, 0x65, 0x40, 0xf1, 0xc2, 0x8f, 0x40, 0xf1
.byte 0xe0, 0x8f, 0xff, 0xe6, 0xd8, 0x67, 0xe2, 0xee, 0x11, 0x61, 0x01, 0x6f, 0xe4, 0xeb, 0x86, 0x96
.byte 0xed, 0xee, 0x86, 0xd6, 0x64, 0x37, 0x1f, 0x65, 0x6c, 0x37, 0xd8, 0x67, 0xfd, 0xe6, 0x04, 0x06
.byte 0xfd, 0xe6, 0xc9, 0x67, 0x40, 0xf1, 0xc0, 0xcf, 0x40, 0xf1, 0xa2, 0xcf, 0x64, 0x35, 0x6c, 0x33
.byte 0x6d, 0xe5, 0x04, 0x07, 0x6d, 0xe7, 0xef, 0xf7, 0x1f, 0x6d, 0xa0, 0xcb, 0xa1, 0xcb, 0x01, 0x4a
.byte 0x11, 0xea, 0x83, 0xea, 0x9e, 0x61, 0x10, 0x74, 0x05, 0x61, 0x86, 0x92, 0xff, 0xf7, 0x1f, 0x72
.byte 0x22, 0x61, 0x05, 0x10, 0x20, 0x74, 0x1f, 0x61, 0x86, 0x92, 0x01, 0x4a, 0x1c, 0x2a, 0x87, 0x93
.byte 0x06, 0x23, 0x94, 0x94, 0x07, 0x6d, 0x00, 0x18, 0x00, 0x00, 0x00, 0x6e, 0x05, 0x10, 0x94, 0x94
.byte 0x06, 0x6d, 0x00, 0x18, 0x00, 0x00, 0x00, 0x6e, 0x94, 0x94, 0x68, 0x9c, 0x10, 0x73, 0x06, 0x61
.byte 0x50, 0x67, 0x31, 0xea, 0xff, 0xf7, 0x1f, 0x72, 0x06, 0x61, 0xce, 0x11, 0x20, 0x73, 0x03, 0x61
.byte 0x41, 0x40, 0xc0, 0xf1, 0x09, 0x22, 0x01, 0x49, 0xb1, 0xe9, 0x40, 0x51, 0x7f, 0xf7, 0x02, 0x61
.byte 0x94, 0x95, 0x68, 0x9d, 0xc0, 0xf1, 0x00, 0x2b, 0x50, 0x10, 0x44, 0x35, 0x4c, 0x34, 0x91, 0xe5
.byte 0x04, 0x06, 0x91, 0xe6, 0x40, 0xf1, 0xa2, 0xac, 0x40, 0xf1, 0x80, 0xac, 0x93, 0xe5, 0x85, 0xe1
.byte 0x31, 0xe9, 0x01, 0x4a, 0x11, 0xea, 0x63, 0xea, 0xf0, 0x61, 0x8c, 0x97, 0x23, 0xef, 0x2a, 0x60
.byte 0x8d, 0x92, 0x11, 0x22, 0xd9, 0xb4, 0x00, 0x18, 0x00, 0x00, 0x00, 0x65, 0xd8, 0xb4, 0x00, 0x18
.byte 0x00, 0x00, 0x00, 0x65, 0x00, 0x18, 0x00, 0x00, 0x88, 0x94, 0xd6, 0xb4, 0x00, 0x18, 0x00, 0x00
.byte 0x00, 0x65, 0x88, 0x93, 0x8b, 0xd3, 0x94, 0x94, 0x68, 0x9c, 0x8c, 0xd1, 0x26, 0x23, 0x00, 0x6a
.byte 0x44, 0x35, 0x4c, 0x34, 0x91, 0xe5, 0x04, 0x05, 0x91, 0xe5, 0x40, 0xf1, 0xa0, 0xac, 0xa0, 0xf0
.byte 0xa0, 0xcc, 0x40, 0xf1, 0xa2, 0xac, 0xa0, 0xf0, 0xa2, 0xcc, 0x01, 0x4a, 0x11, 0xea, 0x63, 0xea
.byte 0xef, 0x61, 0x8c, 0xd1, 0x94, 0x96, 0x68, 0x9e, 0x10, 0x23, 0x00, 0x6a, 0x44, 0x35, 0x4c, 0x34
.byte 0x91, 0xe5, 0x04, 0x07, 0x91, 0xe7, 0xef, 0xf7, 0x1f, 0x6d, 0x40, 0xf1, 0xa0, 0xcc, 0x40, 0xf1
.byte 0xa2, 0xcc, 0x01, 0x4a, 0x11, 0xea, 0x63, 0xea, 0xf1, 0x61, 0x88, 0x92, 0x01, 0x4a, 0x31, 0xea
.byte 0x88, 0xd2, 0x8a, 0x91, 0x23, 0xea, 0x05, 0x61, 0x0b, 0x10, 0x88, 0xd4, 0x00, 0x69, 0x8b, 0xd1
.byte 0x8c, 0xd1, 0x94, 0x93, 0x48, 0x9b, 0x08, 0x5a, 0x00, 0x69, 0xdf, 0xf6, 0x0e, 0x60, 0xeb, 0x16
.byte 0x94, 0x90, 0x68, 0x98, 0x31, 0x23, 0xff, 0xf7, 0x1f, 0x69, 0x00, 0x68, 0x87, 0xd0, 0x50, 0x67
.byte 0xb0, 0x67, 0x44, 0x36, 0x4c, 0x34, 0x91, 0xe6, 0x04, 0x06, 0x91, 0xe6, 0xa0, 0xf0, 0xe2, 0xac
.byte 0xa0, 0xf0, 0x80, 0xac, 0x9f, 0xe7, 0x31, 0xef, 0xf5, 0xe5, 0x31, 0xed, 0x91, 0x67, 0x23, 0xef
.byte 0x01, 0x60, 0x87, 0x67, 0x24, 0x67, 0x31, 0xe9, 0x01, 0x4a, 0x11, 0xea, 0x63, 0xea, 0xe9, 0x61
.byte 0x87, 0xd5, 0x00, 0x6a, 0x44, 0x35, 0x4c, 0x34, 0x91, 0xe5, 0x04, 0x07, 0x91, 0xe7, 0xa0, 0xf0
.byte 0xc2, 0x8c, 0xa0, 0xf0, 0xa0, 0x8c, 0xb5, 0xe6, 0xa7, 0x35, 0xa0, 0xf0, 0xa4, 0xcc, 0x01, 0x4a
.byte 0x11, 0xea, 0x63, 0xea, 0xef, 0x61, 0x04, 0x10, 0xff, 0xf7, 0x1f, 0x69, 0x00, 0x68, 0x87, 0xd0
.byte 0x7c, 0x07, 0x80, 0x00, 0x00, 0x6e, 0x49, 0x65, 0x28, 0x65, 0x87, 0x46, 0x11, 0xec, 0xa7, 0x67
.byte 0x7f, 0x6a, 0x40, 0xdf, 0xc3, 0xec, 0x13, 0x61, 0x46, 0x67, 0x44, 0x31, 0x4c, 0x33, 0x6d, 0xe1
.byte 0x1d, 0x67, 0x6d, 0xe0, 0xa0, 0xf0, 0x74, 0x8b, 0x00, 0x9d, 0x02, 0xeb, 0x01, 0x60, 0x60, 0xdd
.byte 0x01, 0x4a, 0x11, 0xea, 0x43, 0xec, 0xf1, 0x60, 0x40, 0x9d, 0x01, 0x52, 0x06, 0x61, 0x00, 0x6a
.byte 0x40, 0xdd, 0xc3, 0xec, 0x62, 0x67, 0x03, 0x60, 0x19, 0x10, 0x4b, 0xea, 0x40, 0xdd, 0xa0, 0xad
.byte 0x46, 0x67, 0x00, 0x6b, 0x44, 0x31, 0x4c, 0x30, 0x05, 0xe1, 0x04, 0x00, 0x21, 0xe0, 0x08, 0x65
.byte 0xa0, 0xf0, 0x24, 0xa8, 0x25, 0xe5, 0x11, 0x67, 0x31, 0xe8, 0x28, 0x67, 0xa0, 0xf0, 0x08, 0xc9
.byte 0x0d, 0xe3, 0x31, 0xeb, 0x01, 0x4a, 0x11, 0xea, 0x43, 0xec, 0xec, 0x60, 0x6e, 0x33, 0x49, 0x67
.byte 0x60, 0xda, 0x04, 0x4f, 0x08, 0x4e, 0x11, 0xee, 0x04, 0x4a, 0x2a, 0x65, 0x10, 0x76, 0xbd, 0x61
.byte 0x2a, 0x67, 0x8d, 0x90, 0x0a, 0x20, 0x6f, 0xb4, 0x8b, 0x95, 0x00, 0x18, 0x00, 0x00, 0x3f, 0x6e
.byte 0x6d, 0xb4, 0x8b, 0x95, 0x00, 0x18, 0x00, 0x00, 0x3f, 0x6e, 0x94, 0x90, 0x68, 0x98, 0x05, 0x23
.byte 0x00, 0x6a, 0x04, 0x4a, 0x11, 0xea, 0x63, 0xea, 0xfc, 0x61, 0x94, 0x90, 0x04, 0xa0, 0x88, 0xd0
.byte 0x38, 0x28, 0x86, 0xd0, 0x89, 0xd1, 0x94, 0x91, 0x02, 0x10, 0x88, 0x90, 0x86, 0xd0, 0x91, 0x67
.byte 0x00, 0x18, 0x00, 0x00, 0x86, 0x95, 0x48, 0x99, 0x08, 0x5a, 0x10, 0x61, 0x00, 0x68, 0x08, 0x32
.byte 0x7d, 0x67, 0x49, 0xe3, 0x91, 0x67, 0x00, 0xf2, 0xc0, 0x82, 0x00, 0x18, 0x00, 0x00, 0xb0, 0x67
.byte 0x01, 0x48, 0x11, 0xe8, 0x48, 0x99, 0x4e, 0x32, 0x43, 0xe8, 0xf1, 0x61, 0x7f, 0x68, 0x7c, 0x92
.byte 0x0c, 0xea, 0x40, 0x35, 0xa0, 0x35, 0x00, 0xf6, 0x40, 0x32, 0x57, 0xb4, 0x57, 0xb6, 0x00, 0x18
.byte 0x00, 0x00, 0x4d, 0xed, 0x7d, 0x92, 0x0c, 0xea, 0x40, 0x35, 0xa0, 0x35, 0x00, 0xf6, 0x40, 0x32
.byte 0x53, 0xb4, 0x52, 0xb6, 0x00, 0x18, 0x00, 0x00, 0x4d, 0xed, 0x86, 0x90, 0xff, 0x70, 0xcd, 0x60
.byte 0x89, 0x91, 0x94, 0x94, 0x00, 0x18, 0x00, 0x00, 0x8e, 0x95, 0x00, 0x18, 0x00, 0x00, 0x94, 0x94
.byte 0x94, 0x90, 0x04, 0xa0, 0x88, 0xd0, 0x69, 0x28, 0x86, 0xd0, 0x89, 0xd1, 0x94, 0x91, 0x02, 0x10
.byte 0x88, 0x90, 0x86, 0xd0, 0x91, 0x67, 0x00, 0x18, 0x00, 0x00, 0x86, 0x95, 0x48, 0x99, 0x08, 0x5a
.byte 0x58, 0x61, 0x00, 0x68, 0x0c, 0x32, 0x11, 0xea, 0x44, 0x34, 0x4c, 0x33, 0x6d, 0xe4, 0x04, 0x04
.byte 0x6d, 0xe4, 0xa0, 0xf0, 0x68, 0xab, 0xbd, 0x67, 0x00, 0xf2, 0x70, 0xc5, 0x61, 0x42, 0x64, 0x34
.byte 0x6c, 0x33, 0x6d, 0xe4, 0x04, 0x06, 0x6d, 0xe6, 0xa0, 0xf0, 0x68, 0xab, 0x00, 0xf2, 0x71, 0xc5
.byte 0x62, 0x42, 0x64, 0x34, 0x6c, 0x33, 0x6d, 0xe4, 0x6d, 0xe6, 0xa0, 0xf0, 0x68, 0xab, 0x00, 0xf2
.byte 0x72, 0xc5, 0x63, 0x42, 0x64, 0x34, 0x6c, 0x33, 0x6d, 0xe4, 0x6d, 0xe6, 0xa0, 0xf0, 0x68, 0xab
.byte 0x00, 0xf2, 0x73, 0xc5, 0x64, 0x42, 0x64, 0x34, 0x6c, 0x33, 0x6d, 0xe4, 0x6d, 0xe6, 0xa0, 0xf0
.byte 0x68, 0xab, 0x00, 0xf2, 0x74, 0xc5, 0x65, 0x42, 0x64, 0x34, 0x6c, 0x33, 0x6d, 0xe4, 0x6d, 0xe6
.byte 0xa0, 0xf0, 0x68, 0xab, 0x00, 0xf2, 0x75, 0xc5, 0x66, 0x42, 0x64, 0x34, 0x6c, 0x33, 0x6d, 0xe4
.byte 0x6d, 0xe6, 0xa0, 0xf0, 0x68, 0xab, 0x00, 0xf2, 0x76, 0xc5, 0x07, 0x4a, 0x44, 0x33, 0x4c, 0x32
.byte 0x49, 0xe3, 0x49, 0xe6, 0xa0, 0xf0, 0x48, 0xaa, 0x00, 0xf2, 0x57, 0xc5, 0x91, 0x67, 0xb0, 0x67
.byte 0x00, 0x18, 0x00, 0x00, 0x84, 0x06, 0x01, 0x48, 0x11, 0xe8, 0x48, 0x99, 0x4e, 0x32, 0x43, 0xe8
.byte 0xa9, 0x61, 0x86, 0x90, 0xff, 0x70, 0x9c, 0x60, 0x89, 0x91, 0x94, 0x94, 0x00, 0x18, 0x00, 0x00
.byte 0x8e, 0x95, 0x94, 0x90, 0x40, 0xf0, 0x26, 0xc8, 0x3d, 0x67, 0x10, 0xf2, 0x4c, 0x41, 0x20, 0xaa
.byte 0x40, 0xf0, 0x28, 0xc8, 0x00, 0x6a, 0x40, 0xf0, 0x7a, 0x64, 0xa0, 0xe8, 0x00, 0x69, 0x8d, 0xd1
.byte 0x13, 0x69, 0x8a, 0xd1, 0x12, 0x6c, 0x32, 0x15, 0x00, 0x69, 0x51, 0x67, 0x3e, 0x16, 0x00, 0x65
.byte 0x14, 0x0c, 0x04, 0x00, 0x94, 0x0c, 0x04, 0x00, 0x5c, 0x00, 0x00, 0x00, 0x74, 0x00, 0x00, 0x00
.byte 0x7c, 0x00, 0x00, 0x00, 0x18, 0x0e, 0x04, 0x00, 0x00, 0x00, 0x7f, 0x7f, 0x68, 0x0e, 0x04, 0x00
.globl DramcRxdatlatScan
.type DramcRxdatlatScan, @function
DramcRxdatlatScan:
.insn
.byte 0x08, 0xf0, 0xf9, 0x64, 0x24, 0x67, 0x01, 0x6a, 0x09, 0xd2, 0x80, 0xf0, 0x0a, 0x24, 0x4e, 0xb0
.byte 0x00, 0x18, 0x00, 0x00, 0x90, 0x67, 0x0b, 0xd2, 0x00, 0x18, 0x00, 0x00, 0x90, 0x67, 0x0c, 0xd2
.byte 0x05, 0x6b, 0x06, 0xd3, 0x00, 0x6c, 0x09, 0xd4, 0x07, 0xd4, 0xff, 0x6b, 0x0a, 0xd3, 0x9d, 0x67
.byte 0x78, 0xa4, 0x11, 0xeb, 0x08, 0xd3, 0x91, 0x67, 0x00, 0x18, 0x00, 0x00, 0x06, 0x95, 0x13, 0x94
.byte 0x04, 0x2c, 0x00, 0x18, 0x00, 0x00, 0x91, 0x67, 0x2b, 0x10, 0x00, 0x6a, 0x7d, 0x67, 0x50, 0xc3
.byte 0x51, 0xc3, 0x52, 0xc3, 0x53, 0xc3, 0x54, 0xc3, 0x55, 0xc3, 0x56, 0xc3, 0x57, 0xc3, 0x91, 0x67
.byte 0x00, 0x6d, 0x00, 0x18, 0x00, 0x00, 0xc5, 0x67, 0x91, 0x67, 0x01, 0x6d, 0x00, 0x18, 0x00, 0x00
.byte 0x00, 0x6e, 0x91, 0x67, 0x00, 0x6d, 0x00, 0x18, 0x00, 0x00, 0x04, 0x06, 0x91, 0x67, 0x01, 0x6d
.byte 0x00, 0x18, 0x00, 0x00, 0x04, 0x06, 0x20, 0x68, 0x0b, 0xe8, 0x91, 0x67, 0x00, 0x18, 0x00, 0x00
.byte 0xb0, 0x67, 0x00, 0x18, 0x00, 0x00, 0x91, 0x67, 0x03, 0x22, 0x04, 0x48, 0x24, 0x70, 0xf5, 0x61
.byte 0x68, 0x99, 0x10, 0x73, 0x01, 0x61, 0x31, 0xea, 0x10, 0x2a, 0x07, 0x94, 0x03, 0x24, 0x01, 0x74
.byte 0x11, 0x61, 0x02, 0x10, 0x08, 0x92, 0x0a, 0xd2, 0x09, 0x92, 0x01, 0x4a, 0x11, 0xea, 0x09, 0xd2
.byte 0x06, 0x5a, 0x0d, 0x60, 0x01, 0x6b, 0x07, 0xd3, 0x05, 0x10, 0x07, 0x94, 0x01, 0x74, 0x02, 0x61
.byte 0xff, 0x6a, 0x07, 0xd2, 0x06, 0x93, 0x01, 0x4b, 0x06, 0xd3, 0x20, 0x73, 0xa8, 0x61, 0x09, 0x94
.byte 0x0b, 0x24, 0x04, 0x5c, 0x05, 0x60, 0x86, 0x35, 0x0a, 0x92, 0xb5, 0xe2, 0x11, 0xed, 0x1c, 0x10
.byte 0x0a, 0x95, 0x02, 0x4d, 0x11, 0xed, 0x18, 0x10, 0x41, 0x99, 0x14, 0xb3, 0x49, 0xe3, 0x1f, 0x6b
.byte 0x0c, 0x94, 0x8c, 0xeb, 0x60, 0xc2, 0x10, 0xb4, 0x00, 0x18, 0x00, 0x00, 0x0b, 0x95, 0x91, 0x67
.byte 0x05, 0x6d, 0x00, 0x18, 0x00, 0x00, 0x01, 0x6e, 0x0d, 0xb4, 0x09, 0x6d, 0x00, 0x18, 0x00, 0x00
.byte 0x0b, 0x6e, 0x09, 0x92, 0x79, 0x64, 0xa0, 0xe8, 0x41, 0x99, 0x08, 0xb3, 0x49, 0xe3, 0xa0, 0xc2
.byte 0x00, 0x18, 0x00, 0x00, 0x91, 0x67, 0x91, 0x67, 0x05, 0x6d, 0x00, 0x18, 0x00, 0x00, 0x00, 0x6e
.byte 0xeb, 0x17, 0x00, 0x65, 0x44, 0x08, 0x03, 0x00, 0x10, 0x00, 0x00, 0x00, 0x20, 0x00, 0x03, 0x00
.globl DramcRxdatlatCal
.type DramcRxdatlatCal, @function
DramcRxdatlatCal:
.insn
.byte 0xe3, 0x64, 0x04, 0x67, 0x00, 0x18, 0x00, 0x00, 0x00, 0x6d, 0x05, 0x5a, 0x04, 0x60, 0x90, 0x67
.byte 0x00, 0x18, 0x00, 0x00, 0x01, 0x6d, 0x63, 0x64, 0x20, 0xe8, 0x00, 0x6a
.globl DramcTxWindowPerbitCal
.type DramcTxWindowPerbitCal, @function
DramcTxWindowPerbitCal:
.insn
.byte 0x48, 0xf0, 0xff, 0x64, 0x00, 0x6a, 0x7d, 0x67, 0x20, 0xf2, 0x58, 0xcb, 0x20, 0xf2, 0x5a, 0xcb
.byte 0x01, 0x6a, 0x4b, 0xea, 0x20, 0xf2, 0x5c, 0xcb, 0x20, 0xf2, 0x5e, 0xcb, 0x01, 0x6a, 0xa0, 0xf3
.byte 0x1b, 0x24, 0x00, 0x18, 0x00, 0x00, 0x00, 0x68, 0x98, 0xd2, 0x60, 0xf7, 0x18, 0xb2, 0x40, 0xa2
.byte 0x17, 0x22, 0x9e, 0x91, 0x88, 0x99, 0x8e, 0x34, 0x13, 0x24, 0xc1, 0x99, 0xff, 0x6d, 0x50, 0x67
.byte 0xc4, 0x33, 0x4d, 0xe3, 0x68, 0x33, 0x60, 0xf7, 0x00, 0xb7, 0x6d, 0xe7, 0x60, 0x9b, 0xa2, 0xeb
.byte 0x03, 0x60, 0xa3, 0x67, 0x31, 0xed, 0x02, 0x67, 0x01, 0x4a, 0x11, 0xea, 0x83, 0xea, 0xf0, 0x61
.byte 0x9e, 0x91, 0x41, 0x99, 0x49, 0xe1, 0x40, 0xf0, 0x55, 0xa2, 0x2b, 0x2a, 0x20, 0xf7, 0x1c, 0xb4
.byte 0x00, 0x18, 0x00, 0x00, 0x08, 0x31, 0x90, 0xd1, 0x82, 0x67, 0x86, 0xe9, 0x07, 0x69, 0x2c, 0xec
.byte 0x20, 0xf7, 0x0c, 0xb3, 0x80, 0xc3, 0x04, 0x48, 0x08, 0x30, 0x46, 0xe8, 0x62, 0x67, 0x2c, 0xeb
.byte 0x20, 0xf7, 0x00, 0xb2, 0x20, 0xf7, 0x00, 0xb4, 0x00, 0x18, 0x00, 0x00, 0x60, 0xc2, 0x82, 0x67
.byte 0x90, 0x93, 0x86, 0xeb, 0x2c, 0xec, 0x00, 0xf7, 0x14, 0xb3, 0x80, 0xc3, 0x46, 0xe8, 0x4c, 0xe9
.byte 0x00, 0xf7, 0x0c, 0xb2, 0x20, 0xc2, 0x9e, 0x91, 0x41, 0x99, 0x49, 0xe1, 0x01, 0x6b, 0x40, 0xf0
.byte 0x75, 0xc2, 0x9e, 0x94, 0x08, 0x6d, 0x00, 0x18, 0x00, 0x00, 0x01, 0x6e, 0x9e, 0x91, 0x68, 0x99
.byte 0x12, 0x23, 0x00, 0x6a, 0x44, 0x35, 0x4c, 0x34, 0x91, 0xe5, 0x08, 0x05, 0x91, 0xe5, 0xef, 0xf7
.byte 0x1f, 0x6d, 0xa0, 0xcc, 0xa1, 0xcc, 0xa0, 0xf0, 0xa0, 0xcc, 0xa0, 0xf0, 0xa2, 0xcc, 0x01, 0x4a
.byte 0x11, 0xea, 0x63, 0xea, 0xef, 0x61, 0x00, 0x69, 0x91, 0xd1, 0xc0, 0xf6, 0x00, 0xb2, 0xc0, 0xa2
.byte 0xa0, 0xf6, 0x0c, 0xb2, 0xe0, 0xa2, 0x00, 0xf2, 0x02, 0x02, 0x04, 0xd2, 0x00, 0xf2, 0x01, 0x02
.byte 0x05, 0xd2, 0x80, 0x02, 0x06, 0xd2, 0x9e, 0x94, 0x00, 0x18, 0x00, 0x00, 0xb1, 0x67, 0xa0, 0xf6
.byte 0x00, 0xb2, 0xc0, 0xa2, 0x80, 0xf6, 0x0c, 0xb2, 0xe0, 0xa2, 0x81, 0x02, 0x04, 0xd2, 0x00, 0xf2
.byte 0x03, 0x02, 0x05, 0xd2, 0x80, 0x03, 0x06, 0xd3, 0x9e, 0x94, 0x00, 0x18, 0x00, 0x00, 0xb1, 0x67
.byte 0x9f, 0x94, 0x02, 0x24, 0x02, 0x74, 0x3f, 0x61, 0xbd, 0x67, 0x00, 0xf2, 0x62, 0xa5, 0x07, 0x68
.byte 0x0c, 0xeb, 0x00, 0xf2, 0x44, 0xa5, 0x0c, 0xea, 0x70, 0x35, 0x60, 0x34, 0x8d, 0xed, 0x6d, 0xed
.byte 0x90, 0x34, 0x8d, 0xed, 0x40, 0x36, 0xc0, 0x36, 0xcd, 0xed, 0x00, 0xf5, 0x40, 0x36, 0xcd, 0xed
.byte 0x00, 0xf6, 0x40, 0x36, 0xcd, 0xed, 0x00, 0xf7, 0x40, 0x32, 0x40, 0xf6, 0x08, 0xb4, 0x40, 0xf6
.byte 0x08, 0xb6, 0x00, 0x18, 0x00, 0x00, 0x4d, 0xed, 0xdd, 0x67, 0x00, 0xf2, 0x41, 0xa6, 0x0c, 0xea
.byte 0x00, 0xf2, 0x63, 0xa6, 0x6c, 0xe8, 0x50, 0x35, 0x40, 0x33, 0x6d, 0xed, 0x4d, 0xed, 0x70, 0x33
.byte 0x6d, 0xed, 0x00, 0x34, 0x80, 0x34, 0x8d, 0xed, 0x00, 0xf5, 0x00, 0x34, 0x8d, 0xed, 0x00, 0xf6
.byte 0x00, 0x34, 0x8d, 0xed, 0x00, 0xf7, 0x00, 0x30, 0x00, 0xf6, 0x10, 0xb4, 0x00, 0xf6, 0x08, 0xb6
.byte 0x00, 0x18, 0x00, 0x00, 0x0d, 0xed, 0x9f, 0x97, 0xff, 0x4f, 0x90, 0xd7, 0x02, 0x5f, 0x3f, 0x60
.byte 0x5d, 0x67, 0x00, 0xf2, 0x62, 0xa2, 0x07, 0x68, 0x0c, 0xeb, 0x00, 0xf2, 0x44, 0xa2, 0x0c, 0xea
.byte 0x70, 0x35, 0x60, 0x34, 0x8d, 0xed, 0x6d, 0xed, 0x90, 0x34, 0x8d, 0xed, 0x40, 0x36, 0xc0, 0x36
.byte 0xcd, 0xed, 0x00, 0xf5, 0x40, 0x36, 0xcd, 0xed, 0x00, 0xf6, 0x40, 0x33, 0x6d, 0xed, 0x00, 0xf7
.byte 0x40, 0x32, 0xc0, 0xf5, 0x0c, 0xb4, 0xc0, 0xf5, 0x00, 0xb6, 0x00, 0x18, 0x00, 0x00, 0x4d, 0xed
.byte 0x9d, 0x67, 0x00, 0xf2, 0x61, 0xa4, 0x0c, 0xeb, 0x00, 0xf2, 0x43, 0xa4, 0x0c, 0xea, 0x70, 0x35
.byte 0x60, 0x34, 0x8d, 0xed, 0x6d, 0xed, 0x90, 0x34, 0x8d, 0xed, 0x40, 0x36, 0xc0, 0x36, 0xcd, 0xed
.byte 0x00, 0xf5, 0x40, 0x36, 0xcd, 0xed, 0x00, 0xf6, 0x40, 0x33, 0x6d, 0xed, 0x00, 0xf7, 0x40, 0x32
.byte 0x80, 0xf5, 0x10, 0xb4, 0x80, 0xf5, 0x00, 0xb6, 0x00, 0x18, 0x00, 0x00, 0x4d, 0xed, 0x9f, 0x95
.byte 0x02, 0x25, 0x02, 0x75, 0x17, 0x61, 0xdd, 0x67, 0x00, 0xf2, 0xa0, 0xa6, 0x3f, 0x68, 0x0c, 0xed
.byte 0x60, 0xf5, 0x14, 0xb4, 0x07, 0xf7, 0x00, 0x6e, 0x00, 0x18, 0x00, 0x00, 0xa0, 0x35, 0xfd, 0x67
.byte 0x00, 0xf2, 0xa0, 0xa7, 0x0c, 0xed, 0x60, 0xf5, 0x04, 0xb4, 0x07, 0xf7, 0x00, 0x6e, 0x00, 0x18
.byte 0x00, 0x00, 0xa0, 0x35, 0x90, 0x92, 0x02, 0x5a, 0x19, 0x60, 0x7d, 0x67, 0x00, 0xf2, 0xa0, 0xa3
.byte 0x3f, 0x68, 0x0c, 0xed, 0x40, 0xf5, 0x00, 0xb4, 0xa0, 0x35, 0x40, 0xf5, 0x04, 0xb6, 0x00, 0x18
.byte 0x00, 0x00, 0xa0, 0x35, 0x9d, 0x67, 0x00, 0xf2, 0xa0, 0xa4, 0x0c, 0xed, 0x20, 0xf5, 0x0c, 0xb4
.byte 0xa0, 0x35, 0x20, 0xf5, 0x0c, 0xb6, 0x00, 0x18, 0x00, 0x00, 0xa0, 0x35, 0x00, 0x18, 0x00, 0x00
.byte 0x9e, 0x94, 0x02, 0x67, 0x9e, 0x95, 0x88, 0x9d, 0x80, 0xf0, 0x0d, 0x24, 0x00, 0x6a, 0x62, 0x67
.byte 0x01, 0x6d, 0xa4, 0xea, 0xe5, 0x67, 0x0c, 0xef, 0x44, 0x36, 0x4c, 0x35, 0xb5, 0xe6, 0xdd, 0x67
.byte 0xb5, 0xe6, 0xb0, 0x8d, 0xef, 0xf7, 0x1f, 0x75, 0x07, 0x61, 0x53, 0x2f, 0x44, 0x35, 0x4c, 0x33
.byte 0x6d, 0xe5, 0x6d, 0xe6, 0x30, 0xcb, 0x4d, 0x10, 0x44, 0x36, 0x4c, 0x35, 0xb5, 0xe6, 0xdd, 0x67
.byte 0xb5, 0xe6, 0xb1, 0x8d, 0xef, 0xf7, 0x1f, 0x75, 0x44, 0x61, 0x0c, 0x27, 0xaf, 0x41, 0xb1, 0xed
.byte 0x44, 0x37, 0x4c, 0x36, 0xd9, 0xe7, 0xfd, 0x67, 0xd9, 0xe7, 0xb1, 0xce, 0xef, 0xf7, 0x1f, 0x75
.byte 0x0d, 0x61, 0x37, 0x10, 0xb1, 0x67, 0x31, 0xed, 0x80, 0x75, 0x33, 0x61, 0x44, 0x36, 0x4c, 0x35
.byte 0xb5, 0xe6, 0xdd, 0x67, 0xb5, 0xe6, 0x80, 0x6e, 0xd1, 0xcd, 0x80, 0x6d, 0x64, 0x37, 0x6c, 0x36
.byte 0xdd, 0xe7, 0x08, 0x06, 0xfd, 0xe6, 0xc0, 0x8f, 0x2e, 0x65, 0xdb, 0xe5, 0x1e, 0x65, 0xa0, 0xf0
.byte 0xc2, 0x8f, 0xa0, 0xf0, 0xe0, 0x8f, 0xff, 0xe6, 0xd8, 0x67, 0xe2, 0xee, 0x11, 0x61, 0x01, 0x6f
.byte 0xe4, 0xeb, 0x91, 0x96, 0xed, 0xee, 0x91, 0xd6, 0x64, 0x37, 0x1f, 0x65, 0x6c, 0x37, 0xd8, 0x67
.byte 0xfd, 0xe6, 0x08, 0x06, 0xfd, 0xe6, 0xc9, 0x67, 0xa0, 0xf0, 0xc0, 0xcf, 0xa0, 0xf0, 0xa2, 0xcf
.byte 0x64, 0x35, 0x6c, 0x33, 0x6d, 0xe5, 0x08, 0x07, 0x6d, 0xe7, 0xef, 0xf7, 0x1f, 0x6d, 0xa0, 0xcb
.byte 0xa1, 0xcb, 0x01, 0x4a, 0x11, 0xea, 0x83, 0xea, 0x9a, 0x61, 0x10, 0x74, 0x05, 0x61, 0x91, 0x92
.byte 0xff, 0xf7, 0x1f, 0x72, 0x20, 0x61, 0x05, 0x10, 0x20, 0x74, 0x1d, 0x61, 0x91, 0x92, 0x01, 0x4a
.byte 0x1a, 0x2a, 0x9e, 0x94, 0x08, 0x6d, 0x00, 0x18, 0x00, 0x00, 0x00, 0x6e, 0x9e, 0x93, 0x48, 0x9b
.byte 0x10, 0x72, 0x05, 0x61, 0x31, 0xe8, 0xff, 0xf7, 0x1f, 0x70, 0x0d, 0x61, 0x04, 0x10, 0x20, 0x72
.byte 0x0a, 0x61, 0x01, 0x48, 0x08, 0x28, 0x9e, 0x91, 0xc8, 0x99, 0xff, 0xf7, 0x1f, 0x69, 0x00, 0x6a
.byte 0x97, 0xd2, 0xa2, 0x67, 0x0b, 0x10, 0x01, 0x49, 0x81, 0x71, 0x9f, 0xf6, 0x06, 0x61, 0x9e, 0x91
.byte 0x48, 0x99, 0xf1, 0x2a, 0xff, 0xf7, 0x1f, 0x69, 0x97, 0xd2, 0x1a, 0x10, 0x44, 0x34, 0x4c, 0x33
.byte 0x71, 0xe4, 0x08, 0x03, 0x91, 0xe3, 0xa0, 0xf0, 0xe2, 0xac, 0xa0, 0xf0, 0x60, 0xac, 0x6f, 0xe7
.byte 0x31, 0xeb, 0xa0, 0xf0, 0x66, 0xcc, 0x91, 0x67, 0x23, 0xeb, 0x01, 0x60, 0x83, 0x67, 0x24, 0x67
.byte 0x31, 0xe9, 0x75, 0xe5, 0x31, 0xed, 0x01, 0x4a, 0x11, 0xea, 0xc3, 0xea, 0xe7, 0x61, 0x97, 0xd5
.byte 0x8c, 0x04, 0x6c, 0x65, 0x8d, 0x05, 0x4d, 0x65, 0x8f, 0x06, 0x93, 0xd6, 0x8e, 0x07, 0x2f, 0x65
.byte 0xae, 0x65, 0x00, 0x6a, 0x19, 0x65, 0x22, 0x67, 0x78, 0x67, 0x0b, 0x65, 0x0b, 0x67, 0x01, 0x6b
.byte 0x6b, 0xeb, 0x60, 0xc8, 0xea, 0x67, 0x00, 0x6a, 0x40, 0xcf, 0xcd, 0x67, 0x60, 0xce, 0xa9, 0x67
.byte 0x40, 0xcd, 0x00, 0x6c, 0xe9, 0x65, 0x2f, 0x67, 0x29, 0xe4, 0x11, 0xea, 0x44, 0x33, 0x1b, 0x65
.byte 0x4c, 0x33, 0x38, 0x67, 0x6d, 0xe1, 0x08, 0x01, 0x65, 0xe1, 0x19, 0x65, 0xa0, 0xf0, 0x60, 0xa9
.byte 0x8b, 0x65, 0x40, 0xf1, 0x60, 0xc9, 0xa0, 0xf0, 0x22, 0xa9, 0xc9, 0x65, 0x78, 0x67, 0x40, 0xf1
.byte 0x22, 0xcb, 0xa0, 0xf0, 0x26, 0xab, 0x40, 0xf1, 0x26, 0xcb, 0x6c, 0x67, 0xb1, 0xeb, 0x8b, 0x65
.byte 0x6e, 0x67, 0xb1, 0xeb, 0x2c, 0x67, 0x6d, 0xe1, 0x67, 0x33, 0x38, 0x67, 0x40, 0xf1, 0x64, 0xc9
.byte 0x20, 0xa8, 0x22, 0xeb, 0x01, 0x60, 0x60, 0xc8, 0x20, 0xaf, 0x62, 0xe9, 0x01, 0x60, 0x60, 0xcf
.byte 0x44, 0x33, 0x1b, 0x65, 0x4c, 0x33, 0x38, 0x67, 0x6d, 0xe1, 0x3d, 0x67, 0x6d, 0xe1, 0x60, 0xf1
.byte 0x60, 0x8b, 0x20, 0xad, 0x62, 0xe9, 0x01, 0x60, 0x60, 0xcd, 0x44, 0x33, 0x4c, 0x32, 0x49, 0xe3
.byte 0x7d, 0x67, 0x49, 0xe3, 0x60, 0xf1, 0x42, 0x8a, 0x60, 0xae, 0x62, 0xea, 0x01, 0x60, 0x40, 0xce
.byte 0x01, 0x4c, 0x11, 0xec, 0x08, 0x74, 0xb7, 0x61, 0x2f, 0x67, 0x8b, 0x67, 0x02, 0x4c, 0x6c, 0x65
.byte 0xaa, 0x67, 0x02, 0x4d, 0x4d, 0x65, 0xcd, 0x67, 0x02, 0x4e, 0xae, 0x65, 0xe9, 0x67, 0x02, 0x4f
.byte 0x2f, 0x65, 0x08, 0x49, 0x11, 0xe9, 0x10, 0x71, 0x99, 0x61, 0x28, 0x67, 0x00, 0x68, 0x99, 0xd1
.byte 0x93, 0x92, 0x20, 0xaa, 0x04, 0x32, 0x7d, 0x67, 0x49, 0xe3, 0x20, 0xf2, 0x58, 0xaa, 0x45, 0xe1
.byte 0x26, 0x31, 0xa2, 0xb2, 0x40, 0xa2, 0x91, 0xd2, 0x9d, 0xb2, 0x40, 0xa2, 0x94, 0xd2, 0x82, 0x04
.byte 0x11, 0xe4, 0x92, 0xd4, 0x83, 0x05, 0x09, 0xe5, 0x04, 0xd2, 0x84, 0x06, 0x09, 0xe6, 0x05, 0xd2
.byte 0x06, 0xd4, 0x9e, 0x94, 0xb1, 0x67, 0x91, 0x96, 0x00, 0x18, 0x00, 0x00, 0x94, 0x97, 0x98, 0xb2
.byte 0x40, 0xa2, 0x95, 0xd2, 0x93, 0xb2, 0x40, 0xa2, 0x96, 0xd2, 0x85, 0x07, 0x09, 0xe7, 0x04, 0xd2
.byte 0x86, 0x03, 0x09, 0xe3, 0x05, 0xd2, 0x92, 0x94, 0x06, 0xd4, 0x9e, 0x94, 0xb1, 0x67, 0x95, 0x96
.byte 0x00, 0x18, 0x00, 0x00, 0x96, 0x97, 0x87, 0x05, 0x15, 0xe5, 0x92, 0xd5, 0x88, 0x06, 0x09, 0xe6
.byte 0x04, 0xd2, 0x89, 0x07, 0x09, 0xe7, 0x05, 0xd2, 0x06, 0xd5, 0x9e, 0x94, 0xb1, 0x67, 0x91, 0x96
.byte 0x00, 0x18, 0x00, 0x00, 0x94, 0x97, 0x8a, 0x03, 0x09, 0xe3, 0x04, 0xd2, 0x8b, 0x04, 0x09, 0xe4
.byte 0x05, 0xd2, 0x92, 0x95, 0x06, 0xd5, 0x9e, 0x94, 0xb1, 0x67, 0x95, 0x96, 0x00, 0x18, 0x00, 0x00
.byte 0x96, 0x97, 0x01, 0x48, 0x93, 0x91, 0x02, 0x49, 0x93, 0xd1, 0x02, 0x70, 0xa9, 0x61, 0x99, 0x91
.byte 0x9e, 0x92, 0x44, 0xa2, 0x91, 0xd2, 0xc0, 0xf0, 0x11, 0x2a, 0x93, 0xd1, 0x22, 0x67, 0x01, 0x10
.byte 0x91, 0x91, 0x9e, 0x94, 0x00, 0x18, 0x00, 0x00, 0xb1, 0x67, 0x9f, 0x93, 0x02, 0x23, 0x02, 0x73
.byte 0x48, 0x61, 0x9d, 0x67, 0x00, 0xf2, 0xad, 0xa4, 0x07, 0x68, 0x0c, 0xed, 0xb0, 0x35, 0x00, 0xf2
.byte 0x54, 0xa4, 0x0c, 0xea, 0x40, 0x32, 0x40, 0x32, 0x4d, 0xed, 0x00, 0xf2, 0x4c, 0xa4, 0x0c, 0xea
.byte 0x4d, 0xed, 0x00, 0xf2, 0x55, 0xa4, 0x0c, 0xea, 0x00, 0xf5, 0x40, 0x32, 0x69, 0xb4, 0x71, 0xb6
.byte 0x00, 0x18, 0x00, 0x00, 0x4d, 0xed, 0xdd, 0x67, 0x00, 0xf2, 0xb1, 0xa6, 0x0c, 0xed, 0xb0, 0x35
.byte 0x00, 0xf2, 0x58, 0xa6, 0x0c, 0xea, 0x40, 0x32, 0x40, 0x32, 0x4d, 0xed, 0x00, 0xf2, 0x50, 0xa6
.byte 0x0c, 0xea, 0x4d, 0xed, 0x00, 0xf2, 0x59, 0xa6, 0x0c, 0xea, 0x00, 0xf5, 0x40, 0x32, 0x5f, 0xb4
.byte 0x64, 0xb6, 0x00, 0x18, 0x00, 0x00, 0x4d, 0xed, 0xfd, 0x67, 0x00, 0xf2, 0xa8, 0xa7, 0x3f, 0x68
.byte 0x0c, 0xed, 0x5d, 0xb4, 0x07, 0xf7, 0x00, 0x6e, 0x00, 0x18, 0x00, 0x00, 0xa0, 0x35, 0x5d, 0x67
.byte 0x00, 0xf2, 0xa9, 0xa2, 0x0c, 0xed, 0x59, 0xb4, 0x07, 0xf7, 0x00, 0x6e, 0x00, 0x18, 0x00, 0x00
.byte 0xa0, 0x35, 0x90, 0x93, 0x02, 0x5b, 0x76, 0x60, 0x9d, 0x67, 0x20, 0xf2, 0xa1, 0xa4, 0x07, 0x68
.byte 0x0c, 0xed, 0xb0, 0x35, 0x20, 0xf2, 0x42, 0xa4, 0x0c, 0xea, 0x40, 0x32, 0x4d, 0xed, 0x20, 0xf2
.byte 0x40, 0xa4, 0x0c, 0xea, 0x4d, 0xed, 0x20, 0xf2, 0x43, 0xa4, 0x0c, 0xea, 0x40, 0x32, 0x50, 0x32
.byte 0x4d, 0xed, 0x20, 0xf2, 0x48, 0xa4, 0x0c, 0xea, 0x40, 0x32, 0x40, 0x32, 0x4d, 0xed, 0x20, 0xf2
.byte 0x49, 0xa4, 0x0c, 0xea, 0x00, 0xf5, 0x40, 0x32, 0x4d, 0xed, 0x20, 0xf2, 0x4a, 0xa4, 0x0c, 0xea
.byte 0x00, 0xf6, 0x40, 0x32, 0x4d, 0xed, 0x20, 0xf2, 0x4b, 0xa4, 0x0c, 0xea, 0x00, 0xf7, 0x40, 0x32
.byte 0x3b, 0xb4, 0x39, 0xb6, 0x00, 0x18, 0x00, 0x00, 0x4d, 0xed, 0xdd, 0x67, 0x20, 0xf2, 0xa5, 0xa6
.byte 0x0c, 0xed, 0xb0, 0x35, 0x20, 0xf2, 0x46, 0xa6, 0x0c, 0xea, 0x40, 0x32, 0x4d, 0xed, 0x20, 0xf2
.byte 0x44, 0xa6, 0x0c, 0xea, 0x4d, 0xed, 0x20, 0xf2, 0x47, 0xa6, 0x0c, 0xea, 0x40, 0x32, 0x50, 0x32
.byte 0x4d, 0xed, 0x20, 0xf2, 0x4c, 0xa6, 0x0c, 0xea, 0x40, 0x32, 0x40, 0x32, 0x4d, 0xed, 0x20, 0xf2
.byte 0x4d, 0xa6, 0x0c, 0xea, 0x00, 0xf5, 0x40, 0x32, 0x4d, 0xed, 0x20, 0xf2, 0x4e, 0xa6, 0x0c, 0xea
.byte 0x00, 0xf6, 0x40, 0x32, 0x4d, 0xed, 0x20, 0xf2, 0x4f, 0xa6, 0x0c, 0xea, 0x00, 0xf7, 0x40, 0x32
.byte 0x24, 0xb4, 0x21, 0xb6, 0x00, 0x18, 0x00, 0x00, 0x4d, 0xed, 0xfd, 0x67, 0x00, 0xf2, 0xbc, 0xa7
.byte 0x3f, 0x68, 0x0c, 0xed, 0x20, 0xb4, 0xa0, 0x35, 0x21, 0xb6, 0x00, 0x18, 0x00, 0x00, 0xa0, 0x35
.byte 0x5d, 0x67, 0x00, 0xf2, 0xbd, 0xa2, 0x0c, 0xed, 0x1c, 0xb4, 0xa0, 0x35, 0x1c, 0xb6, 0x00, 0x18
.byte 0x00, 0x00, 0xa0, 0x35, 0xff, 0x71, 0x3f, 0xf7, 0x13, 0x60, 0x93, 0x91, 0x9e, 0x94, 0x00, 0x18
.byte 0x00, 0x00, 0x98, 0x95, 0x9e, 0x93, 0x40, 0xf0, 0x26, 0xcb, 0x9d, 0x67, 0x50, 0xf2, 0xac, 0x44
.byte 0x80, 0xad, 0x40, 0xf0, 0x88, 0xcb, 0x00, 0x6a, 0x40, 0xf0, 0x7f, 0x64, 0xa0, 0xe8, 0x00, 0x65
.byte 0x05, 0x00, 0x00, 0x00, 0x08, 0x00, 0x00, 0x00, 0xa0, 0x08, 0x03, 0x00, 0x11, 0x00, 0x00, 0x00
.byte 0x12, 0x00, 0x00, 0x00, 0xa4, 0x08, 0x03, 0x00, 0x13, 0x00, 0x00, 0x00, 0x14, 0x00, 0x00, 0x00
.byte 0x2c, 0x0a, 0x03, 0x00, 0x77, 0x77, 0x77, 0x77, 0x34, 0x0a, 0x03, 0x00, 0x30, 0x0a, 0x03, 0x00
.byte 0x38, 0x0a, 0x03, 0x00, 0x1c, 0x0e, 0x04, 0x00, 0x6c, 0x0e, 0x04, 0x00, 0x00, 0x00, 0x3f, 0x00
.byte 0x77, 0x00, 0x77, 0x00
.globl DramcTxVrefDQCalibration
.type DramcTxVrefDQCalibration, @function
DramcTxVrefDQCalibration:
.insn
.byte 0x24, 0xf0, 0xf2, 0x64, 0x6b, 0xb1, 0x00, 0x18, 0x00, 0x00, 0x91, 0x67, 0x6a, 0xb4, 0x00, 0x18
.byte 0x00, 0x00, 0x3b, 0xd2, 0x3c, 0xd2, 0x69, 0xb0, 0x00, 0x18, 0x00, 0x00, 0x90, 0x67, 0x3d, 0xd2
.byte 0x67, 0xb6, 0x91, 0x67, 0x00, 0x18, 0x00, 0x00, 0xa6, 0x67, 0x66, 0xb6, 0x90, 0x67, 0x00, 0x18
.byte 0x00, 0x00, 0xa6, 0x67, 0x90, 0x67, 0x64, 0xb6, 0x00, 0x18, 0x00, 0x00, 0x00, 0x6d, 0x5e, 0xb4
.byte 0x40, 0x6d, 0x00, 0x18, 0x00, 0x00, 0xc5, 0x67, 0x01, 0x6a, 0x44, 0x93, 0x80, 0xf0, 0x1d, 0x23
.byte 0x00, 0x18, 0x00, 0x00, 0x83, 0x67, 0x3e, 0xd2, 0x44, 0x93, 0x42, 0x9b, 0x05, 0x72, 0x80, 0xf0
.byte 0x17, 0x61, 0x04, 0x02, 0x37, 0x04, 0x48, 0x6b, 0x60, 0xca, 0x00, 0x6b, 0x61, 0xca, 0x04, 0x4a
.byte 0x8a, 0xea, 0xf9, 0x61, 0x44, 0x94, 0x08, 0x6d, 0x00, 0x18, 0x00, 0x00, 0x01, 0x6e, 0x44, 0x94
.byte 0x01, 0x6d, 0x80, 0xf4, 0x00, 0x6f, 0x00, 0x18, 0x00, 0x00, 0x02, 0x6e, 0x00, 0x18, 0x00, 0x00
.byte 0x64, 0x6c, 0x00, 0xf0, 0x12, 0x02, 0x39, 0xd2, 0x00, 0x6b, 0x38, 0xd3, 0x40, 0x6a, 0x38, 0x93
.byte 0x4d, 0xeb, 0x3a, 0xd3, 0x44, 0x94, 0x01, 0x6d, 0x02, 0x6e, 0x80, 0xf4, 0x00, 0x6f, 0x00, 0x18
.byte 0x00, 0x00, 0x6d, 0xef, 0x00, 0x18, 0x00, 0x00, 0x64, 0x6c, 0x44, 0x93, 0x41, 0x9b, 0x49, 0xe3
.byte 0x00, 0x6b, 0x40, 0xf0, 0x75, 0xc2, 0x41, 0xb0, 0x00, 0x6a, 0x40, 0xd8, 0x40, 0xb1, 0x40, 0xd9
.byte 0x44, 0x93, 0x40, 0xf0, 0x48, 0xcb, 0x83, 0x67, 0x00, 0x18, 0x00, 0x00, 0x02, 0x6d, 0x44, 0x93
.byte 0x40, 0xf0, 0x48, 0xab, 0x39, 0x93, 0x40, 0xcb, 0x01, 0x6b, 0x60, 0xd8, 0x00, 0x6b, 0x60, 0xd9
.byte 0x07, 0x22, 0x5d, 0x67, 0xe0, 0xf0, 0x68, 0x42, 0x60, 0xab, 0x39, 0x92, 0xff, 0xf7, 0x7e, 0xca
.byte 0x38, 0x92, 0x01, 0x4a, 0x31, 0xea, 0x38, 0xd2, 0x39, 0x92, 0x04, 0x4a, 0x39, 0xd2, 0x38, 0x93
.byte 0x33, 0x73, 0xc4, 0x61, 0x5d, 0x67, 0xa9, 0xaa, 0x00, 0xf0, 0x16, 0x03, 0x00, 0x6e, 0x01, 0x6a
.byte 0x80, 0xab, 0x83, 0xed, 0x02, 0x60, 0xa4, 0x67, 0xc2, 0x67, 0x01, 0x4a, 0x31, 0xea, 0x04, 0x4b
.byte 0x33, 0x72, 0xf6, 0x61, 0xc8, 0x36, 0x7d, 0x67, 0xd9, 0xe3, 0x08, 0xae, 0x44, 0x94, 0x01, 0x6d
.byte 0x02, 0x6e, 0x80, 0xf4, 0x00, 0x6f, 0x00, 0x18, 0x00, 0x00, 0x0d, 0xef, 0x00, 0x18, 0x00, 0x00
.byte 0x64, 0x6c, 0x44, 0x94, 0x01, 0x6d, 0x02, 0x6e, 0x00, 0xf4, 0x00, 0x6f, 0x00, 0x18, 0x00, 0x00
.byte 0x0d, 0xef, 0x00, 0x18, 0x00, 0x00, 0x64, 0x6c, 0x12, 0xb4, 0x00, 0x18, 0x00, 0x00, 0x3b, 0x95
.byte 0x11, 0xb4, 0x00, 0x18, 0x00, 0x00, 0x3c, 0x95, 0x10, 0xb4, 0x00, 0x18, 0x00, 0x00, 0x3d, 0x95
.byte 0x44, 0x94, 0x00, 0x18, 0x00, 0x00, 0x3e, 0x95, 0x00, 0x6a, 0x20, 0xf0, 0x72, 0x64, 0xa0, 0xe8
.byte 0x44, 0x94, 0x08, 0x6d, 0x00, 0x18, 0x00, 0x00, 0x01, 0x6e, 0x44, 0x94, 0x01, 0x6d, 0x80, 0xf4
.byte 0x00, 0x6f, 0x00, 0x18, 0x00, 0x00, 0x02, 0x6e, 0x00, 0x18, 0x00, 0x00, 0x64, 0x6c, 0xdc, 0x17
.byte 0x4c, 0x00, 0x03, 0x00, 0x24, 0x00, 0x03, 0x00, 0x38, 0x00, 0x03, 0x00, 0x00, 0x00, 0x00, 0x20
.byte 0x00, 0x00, 0x00, 0x04, 0x00, 0x00, 0x00, 0x40, 0x00, 0x00, 0x00, 0x00, 0x00, 0x00, 0x00, 0x00
.globl DramcSelftestRun
.type DramcSelftestRun, @function
DramcSelftestRun:
.insn
.byte 0xf4, 0x64, 0x39, 0xb4, 0x39, 0xb6, 0x00, 0x18, 0x00, 0x00, 0x00, 0x6d, 0x38, 0xb0, 0x39, 0xb5
.byte 0x00, 0x18, 0x00, 0x00, 0x90, 0x67, 0x38, 0xb4, 0xaa, 0xf5, 0x0a, 0x6d, 0x00, 0x18, 0x00, 0x00
.byte 0x00, 0x65, 0x36, 0xb4, 0x00, 0x18, 0x00, 0x00, 0x00, 0x6d, 0x35, 0xb4, 0x35, 0xb5, 0x00, 0x18
.byte 0x00, 0x00, 0x00, 0x65, 0x34, 0xb5, 0x00, 0x18, 0x00, 0x00, 0x90, 0x67, 0x33, 0xb4, 0x00, 0x18
.byte 0x00, 0x00, 0x00, 0x65, 0x03, 0x10, 0x00, 0x18, 0x00, 0x00, 0x01, 0x6c, 0x30, 0xb4, 0x00, 0x18
.byte 0x00, 0x00, 0x00, 0x65, 0x01, 0x6b, 0x6c, 0xea, 0xf6, 0x22, 0x25, 0xb0, 0x25, 0xb5, 0x00, 0x18
.byte 0x00, 0x00, 0x90, 0x67, 0x00, 0x18, 0x00, 0x00, 0x01, 0x6c, 0x2a, 0xb5, 0x00, 0x18, 0x00, 0x00
.byte 0x90, 0x67, 0x03, 0x10, 0x00, 0x18, 0x00, 0x00, 0x01, 0x6c, 0x25, 0xb4, 0x00, 0x18, 0x00, 0x00
.byte 0x00, 0x65, 0x01, 0x6b, 0x6c, 0xea, 0xf6, 0x22, 0x23, 0xb4, 0x00, 0x18, 0x00, 0x00, 0x00, 0x65
.byte 0x00, 0x18, 0x00, 0x00, 0x01, 0x6c, 0x21, 0xb4, 0x00, 0x18, 0x00, 0x00, 0x00, 0x65, 0x1c, 0xb4
.byte 0x00, 0x18, 0x00, 0x00, 0x22, 0x67, 0x12, 0xb4, 0x1d, 0xb5, 0x00, 0x18, 0x00, 0x00, 0x02, 0x67
.byte 0x00, 0x18, 0x00, 0x00, 0x01, 0x6c, 0x1b, 0xb4, 0x00, 0x18, 0x00, 0x00, 0x00, 0x65, 0x10, 0x6a
.byte 0x4c, 0xe8, 0x00, 0x18, 0x00, 0x00, 0x12, 0x34, 0x17, 0xb4, 0x00, 0x18, 0x00, 0x00, 0x00, 0x65
.byte 0x91, 0x67, 0x00, 0x18, 0x00, 0x00, 0x08, 0x6d, 0x14, 0xb4, 0x00, 0x18, 0x00, 0x00, 0x00, 0x65
.byte 0x74, 0x64, 0xa0, 0xe8, 0x00, 0x00, 0x03, 0x00, 0x00, 0x00, 0x10, 0x00, 0x9c, 0x00, 0x03, 0x00
.byte 0x00, 0x04, 0x00, 0x12, 0x90, 0x00, 0x03, 0x00, 0x94, 0x00, 0x03, 0x00, 0x98, 0x00, 0x03, 0x00
.byte 0x00, 0x00, 0x00, 0x20, 0x00, 0x04, 0x00, 0x92, 0x80, 0x00, 0x00, 0x00, 0x20, 0x01, 0x02, 0x00
.byte 0x00, 0x04, 0x00, 0x52, 0x98, 0x00, 0x00, 0x00, 0x24, 0x01, 0x02, 0x00, 0x00, 0x04, 0x00, 0x02
.byte 0xb8, 0x00, 0x00, 0x00, 0xd4, 0x00, 0x00, 0x00, 0x7c, 0x00, 0x00, 0x00
.reloc __recon_dramc_pi_calibration_api_1_start + 0x64, R_MIPS16_26, vIO32Write4BMsk
.reloc __recon_dramc_pi_calibration_api_1_start + 0x7a, R_MIPS16_26, vIO32Write4BMsk
.reloc __recon_dramc_pi_calibration_api_1_start + 0xb4, R_MIPS16_26, vIO32Write4BMsk
.reloc __recon_dramc_pi_calibration_api_1_start + 0xd4, R_MIPS16_26, vIO32Write4BMsk
.reloc __recon_dramc_pi_calibration_api_1_start + 0xf4, R_MIPS16_26, vIO32Write4BMsk
.reloc __recon_dramc_pi_calibration_api_1_start + 0x114, R_MIPS16_26, vIO32Write4BMsk
.reloc __recon_dramc_pi_calibration_api_1_start + 0x138, R_MIPS16_26, vIO32Write4BMsk
.reloc __recon_dramc_pi_calibration_api_1_start + 0x158, R_MIPS16_26, vIO32Write4BMsk
.reloc __recon_dramc_pi_calibration_api_1_start + 0x178, R_MIPS16_26, vIO32Write4BMsk
.reloc __recon_dramc_pi_calibration_api_1_start + 0x198, R_MIPS16_26, vIO32Write4BMsk
.reloc __recon_dramc_pi_calibration_api_1_start + 0x1d4, R_MIPS16_26, u4Dram_Register_Read
.reloc __recon_dramc_pi_calibration_api_1_start + 0x1dc, R_MIPS16_26, u4Dram_Register_Read
.reloc __recon_dramc_pi_calibration_api_1_start + 0x208, R_MIPS16_26, u4Dram_Register_Read
.reloc __recon_dramc_pi_calibration_api_1_start + 0x210, R_MIPS16_26, u4Dram_Register_Read
.reloc __recon_dramc_pi_calibration_api_1_start + 0x25a, R_MIPS16_26, ucDram_Register_Write
.reloc __recon_dramc_pi_calibration_api_1_start + 0x278, R_MIPS16_26, vIO32Write4BMsk
.reloc __recon_dramc_pi_calibration_api_1_start + 0x28a, R_MIPS16_26, ucDram_Register_Write
.reloc __recon_dramc_pi_calibration_api_1_start + 0x2aa, R_MIPS16_26, vIO32Write4BMsk
.reloc __recon_dramc_pi_calibration_api_1_start + 0x2d0, R_MIPS16_26, ExecuteMoveDramCDelay
.reloc __recon_dramc_pi_calibration_api_1_start + 0x2e6, R_MIPS16_26, ExecuteMoveDramCDelay
.reloc __recon_dramc_pi_calibration_api_1_start + 0x318, R_MIPS16_26, ExecuteMoveDramCDelay
.reloc __recon_dramc_pi_calibration_api_1_start + 0x32e, R_MIPS16_26, ExecuteMoveDramCDelay
.reloc __recon_dramc_pi_calibration_api_1_start + 0x366, R_MIPS16_26, ExecuteMoveDramCDelay
.reloc __recon_dramc_pi_calibration_api_1_start + 0x380, R_MIPS16_26, ExecuteMoveDramCDelay
.reloc __recon_dramc_pi_calibration_api_1_start + 0x39a, R_MIPS16_26, ExecuteMoveDramCDelay
.reloc __recon_dramc_pi_calibration_api_1_start + 0x3b4, R_MIPS16_26, ExecuteMoveDramCDelay
.reloc __recon_dramc_pi_calibration_api_1_start + 0x3cc, R_MIPS16_26, ExecuteMoveDramCDelay
.reloc __recon_dramc_pi_calibration_api_1_start + 0x3e6, R_MIPS16_26, ExecuteMoveDramCDelay
.reloc __recon_dramc_pi_calibration_api_1_start + 0x400, R_MIPS16_26, ExecuteMoveDramCDelay
.reloc __recon_dramc_pi_calibration_api_1_start + 0x41a, R_MIPS16_26, ExecuteMoveDramCDelay
.reloc __recon_dramc_pi_calibration_api_1_start + 0x472, R_MIPS16_26, DramcModeRegWrite_PC3
.reloc __recon_dramc_pi_calibration_api_1_start + 0x48a, R_MIPS16_26, DramcModeRegWrite_PC4
.reloc __recon_dramc_pi_calibration_api_1_start + 0x4a2, R_MIPS16_26, DramcModeRegWrite_PC4
.reloc __recon_dramc_pi_calibration_api_1_start + 0x4b8, R_MIPS16_26, DramcModeRegWrite_PC4
.reloc __recon_dramc_pi_calibration_api_1_start + 0x4be, R_MIPS16_26, pause_polling
.reloc __recon_dramc_pi_calibration_api_1_start + 0x4ca, R_MIPS16_26, vIO32Write4BMsk
.reloc __recon_dramc_pi_calibration_api_1_start + 0x4d4, R_MIPS16_26, vIO32Write4BMsk
.reloc __recon_dramc_pi_calibration_api_1_start + 0x4e0, R_MIPS_32, u1MR2Value
.reloc __recon_dramc_pi_calibration_api_1_start + 0x55c, R_MIPS16_26, vIO32Write4BMsk_All
.reloc __recon_dramc_pi_calibration_api_1_start + 0x568, R_MIPS16_26, vIO32Write4BMsk_All
.reloc __recon_dramc_pi_calibration_api_1_start + 0x572, R_MIPS16_26, vIO32Write4BMsk_All
.reloc __recon_dramc_pi_calibration_api_1_start + 0x57c, R_MIPS16_26, vIO32Write4BMsk_All
.reloc __recon_dramc_pi_calibration_api_1_start + 0x586, R_MIPS16_26, vIO32Write4BMsk_All
.reloc __recon_dramc_pi_calibration_api_1_start + 0x590, R_MIPS16_26, vIO32Write4BMsk_All
.reloc __recon_dramc_pi_calibration_api_1_start + 0x59a, R_MIPS16_26, vIO32Write4BMsk_All
.reloc __recon_dramc_pi_calibration_api_1_start + 0x5a4, R_MIPS16_26, vIO32Write4BMsk_All
.reloc __recon_dramc_pi_calibration_api_1_start + 0x5b0, R_MIPS16_26, vIO32Write4BMsk_All
.reloc __recon_dramc_pi_calibration_api_1_start + 0x5bc, R_MIPS16_26, vIO32Write4BMsk_All
.reloc __recon_dramc_pi_calibration_api_1_start + 0x5c6, R_MIPS16_26, vIO32Write4BMsk_All
.reloc __recon_dramc_pi_calibration_api_1_start + 0x5d0, R_MIPS16_26, vIO32Write4BMsk_All
.reloc __recon_dramc_pi_calibration_api_1_start + 0x5da, R_MIPS16_26, vIO32Write4BMsk_All
.reloc __recon_dramc_pi_calibration_api_1_start + 0x5e4, R_MIPS16_26, vIO32Write4BMsk_All
.reloc __recon_dramc_pi_calibration_api_1_start + 0x5ee, R_MIPS16_26, vIO32Write4BMsk_All
.reloc __recon_dramc_pi_calibration_api_1_start + 0x5f8, R_MIPS16_26, vIO32Write4BMsk_All
.reloc __recon_dramc_pi_calibration_api_1_start + 0x602, R_MIPS16_26, pause_polling
.reloc __recon_dramc_pi_calibration_api_1_start + 0x60c, R_MIPS16_26, vIO32Write4BMsk_All
.reloc __recon_dramc_pi_calibration_api_1_start + 0x670, R_MIPS16_26, EnableDramcPhyDCM
.reloc __recon_dramc_pi_calibration_api_1_start + 0x67a, R_MIPS16_26, vIO32Write4BMsk_All
.reloc __recon_dramc_pi_calibration_api_1_start + 0x686, R_MIPS16_26, vIO32Write4BMsk_All
.reloc __recon_dramc_pi_calibration_api_1_start + 0x690, R_MIPS16_26, vIO32Write4BMsk_All
.reloc __recon_dramc_pi_calibration_api_1_start + 0x69a, R_MIPS16_26, vIO32Write4BMsk
.reloc __recon_dramc_pi_calibration_api_1_start + 0x6aa, R_MIPS16_26, vIO32Write4BMsk_All
.reloc __recon_dramc_pi_calibration_api_1_start + 0x6b6, R_MIPS16_26, vIO32Write4BMsk_All
.reloc __recon_dramc_pi_calibration_api_1_start + 0x6c2, R_MIPS16_26, vIO32Write4BMsk_All
.reloc __recon_dramc_pi_calibration_api_1_start + 0x6cc, R_MIPS16_26, vIO32Write4BMsk_All
.reloc __recon_dramc_pi_calibration_api_1_start + 0x6d6, R_MIPS16_26, vIO32Write4BMsk_All
.reloc __recon_dramc_pi_calibration_api_1_start + 0x6e0, R_MIPS16_26, vIO32Write4BMsk_All
.reloc __recon_dramc_pi_calibration_api_1_start + 0x6e8, R_MIPS16_26, DramcHWGatingOnOff
.reloc __recon_dramc_pi_calibration_api_1_start + 0x6f2, R_MIPS16_26, vIO32Write4BMsk_All
.reloc __recon_dramc_pi_calibration_api_1_start + 0x6fc, R_MIPS16_26, vIO32Write4BMsk_All
.reloc __recon_dramc_pi_calibration_api_1_start + 0x706, R_MIPS16_26, vIO32Write4BMsk_All
.reloc __recon_dramc_pi_calibration_api_1_start + 0x70e, R_MIPS16_26, DramcHWGatingOnOff
.reloc __recon_dramc_pi_calibration_api_1_start + 0x760, R_MIPS16_26, u4Dram_Register_Read
.reloc __recon_dramc_pi_calibration_api_1_start + 0x768, R_MIPS16_26, u4Dram_Register_Read
.reloc __recon_dramc_pi_calibration_api_1_start + 0x770, R_MIPS16_26, u4Dram_Register_Read
.reloc __recon_dramc_pi_calibration_api_1_start + 0x77c, R_MIPS16_26, vIO32Write4BMsk_All
.reloc __recon_dramc_pi_calibration_api_1_start + 0x786, R_MIPS16_26, vIO32Write4BMsk_All
.reloc __recon_dramc_pi_calibration_api_1_start + 0x790, R_MIPS16_26, vIO32Write4BMsk_All
.reloc __recon_dramc_pi_calibration_api_1_start + 0x796, R_MIPS16_26, pause_polling
.reloc __recon_dramc_pi_calibration_api_1_start + 0x7a0, R_MIPS16_26, vIO32Write4BMsk_All
.reloc __recon_dramc_pi_calibration_api_1_start + 0x7aa, R_MIPS16_26, vIO32Write4BMsk_All
.reloc __recon_dramc_pi_calibration_api_1_start + 0x7b8, R_MIPS16_26, vIO32Write4BMsk_All
.reloc __recon_dramc_pi_calibration_api_1_start + 0x7c2, R_MIPS16_26, vIO32Write4BMsk_All
.reloc __recon_dramc_pi_calibration_api_1_start + 0x7c8, R_MIPS16_26, pause_polling
.reloc __recon_dramc_pi_calibration_api_1_start + 0x7d2, R_MIPS16_26, vIO32Write4BMsk_All
.reloc __recon_dramc_pi_calibration_api_1_start + 0x7dc, R_MIPS16_26, vIO32Write4BMsk_All
.reloc __recon_dramc_pi_calibration_api_1_start + 0x7e6, R_MIPS16_26, vIO32Write4BMsk_All
.reloc __recon_dramc_pi_calibration_api_1_start + 0x7f0, R_MIPS16_26, vIO32Write4BMsk_All
.reloc __recon_dramc_pi_calibration_api_1_start + 0x7f8, R_MIPS16_26, ucDram_Register_Write
.reloc __recon_dramc_pi_calibration_api_1_start + 0x800, R_MIPS16_26, ucDram_Register_Write
.reloc __recon_dramc_pi_calibration_api_1_start + 0x808, R_MIPS16_26, ucDram_Register_Write
.reloc __recon_dramc_pi_calibration_api_1_start + 0x866, R_MIPS16_26, vIO32Write4BMsk
.reloc __recon_dramc_pi_calibration_api_1_start + 0x870, R_MIPS16_26, vIO32Write4BMsk
.reloc __recon_dramc_pi_calibration_api_1_start + 0x876, R_MIPS16_26, DramPhyReset
.reloc __recon_dramc_pi_calibration_api_1_start + 0x884, R_MIPS16_26, Set_RX_DQM_DelayLine_Phy_Byte
.reloc __recon_dramc_pi_calibration_api_1_start + 0x8b6, R_MIPS16_26, Set_RX_DQ_DelayLine_Phy_Byte
.reloc __recon_dramc_pi_calibration_api_1_start + 0x8fa, R_MIPS16_26, vIO32Write4BMsk
.reloc __recon_dramc_pi_calibration_api_1_start + 0x900, R_MIPS16_26, DramPhyReset
.reloc __recon_dramc_pi_calibration_api_1_start + 0x92c, R_MIPS16_26, vIO32Write4BMsk
.reloc __recon_dramc_pi_calibration_api_1_start + 0x938, R_MIPS16_26, vIO32Write4BMsk
.reloc __recon_dramc_pi_calibration_api_1_start + 0x944, R_MIPS16_26, vIO32Write4BMsk
.reloc __recon_dramc_pi_calibration_api_1_start + 0x94e, R_MIPS16_26, vIO32Write4BMsk
.reloc __recon_dramc_pi_calibration_api_1_start + 0x974, R_MIPS16_26, vIO32Write4BMsk
.reloc __recon_dramc_pi_calibration_api_1_start + 0x988, R_MIPS16_26, vIO32Write4BMsk
.reloc __recon_dramc_pi_calibration_api_1_start + 0x99a, R_MIPS16_26, vIO32Write4BMsk_All
.reloc __recon_dramc_pi_calibration_api_1_start + 0x9ae, R_MIPS16_26, vIO32Write4BMsk_All
.reloc __recon_dramc_pi_calibration_api_1_start + 0x9c4, R_MIPS16_26, vIO32Write4BMsk
.reloc __recon_dramc_pi_calibration_api_1_start + 0x9d8, R_MIPS16_26, vIO32Write4BMsk
.reloc __recon_dramc_pi_calibration_api_1_start + 0x9e8, R_MIPS_32, gDramcSwImpedanceResule
.reloc __recon_dramc_pi_calibration_api_1_start + 0xa06, R_MIPS16_26, ucDram_Register_Write
.reloc __recon_dramc_pi_calibration_api_1_start + 0xa0e, R_MIPS16_26, ucDram_Register_Write
.reloc __recon_dramc_pi_calibration_api_1_start + 0xa16, R_MIPS16_26, ucDram_Register_Write
.reloc __recon_dramc_pi_calibration_api_1_start + 0xa22, R_MIPS16_26, vIO32Write4BMsk_All
.reloc __recon_dramc_pi_calibration_api_1_start + 0xa2c, R_MIPS16_26, vIO32Write4BMsk
.reloc __recon_dramc_pi_calibration_api_1_start + 0xa36, R_MIPS16_26, vIO32Write4BMsk
.reloc __recon_dramc_pi_calibration_api_1_start + 0xa42, R_MIPS16_26, vIO32Write4BMsk
.reloc __recon_dramc_pi_calibration_api_1_start + 0xa4c, R_MIPS16_26, vIO32Write4BMsk
.reloc __recon_dramc_pi_calibration_api_1_start + 0xa56, R_MIPS16_26, vIO32Write4BMsk
.reloc __recon_dramc_pi_calibration_api_1_start + 0xa5c, R_MIPS16_26, pause_polling
.reloc __recon_dramc_pi_calibration_api_1_start + 0xa66, R_MIPS16_26, vIO32Write4BMsk
.reloc __recon_dramc_pi_calibration_api_1_start + 0xa70, R_MIPS16_26, vIO32Write4BMsk
.reloc __recon_dramc_pi_calibration_api_1_start + 0xa7a, R_MIPS16_26, vIO32Write4BMsk
.reloc __recon_dramc_pi_calibration_api_1_start + 0xa86, R_MIPS16_26, vIO32Write4BMsk
.reloc __recon_dramc_pi_calibration_api_1_start + 0xa92, R_MIPS16_26, vIO32Write4BMsk
.reloc __recon_dramc_pi_calibration_api_1_start + 0xaa8, R_MIPS16_26, vIO32Write4BMsk
.reloc __recon_dramc_pi_calibration_api_1_start + 0xaae, R_MIPS16_26, pause_polling
.reloc __recon_dramc_pi_calibration_api_1_start + 0xab6, R_MIPS16_26, u4Dram_Register_Read
.reloc __recon_dramc_pi_calibration_api_1_start + 0xad4, R_MIPS16_26, vIO32Write4BMsk
.reloc __recon_dramc_pi_calibration_api_1_start + 0xae4, R_MIPS16_26, vIO32Write4BMsk
.reloc __recon_dramc_pi_calibration_api_1_start + 0xaf0, R_MIPS16_26, vIO32Write4BMsk
.reloc __recon_dramc_pi_calibration_api_1_start + 0xb08, R_MIPS16_26, vIO32Write4BMsk
.reloc __recon_dramc_pi_calibration_api_1_start + 0xb0e, R_MIPS16_26, pause_polling
.reloc __recon_dramc_pi_calibration_api_1_start + 0xb16, R_MIPS16_26, u4Dram_Register_Read
.reloc __recon_dramc_pi_calibration_api_1_start + 0xb46, R_MIPS16_26, Round_Operation
.reloc __recon_dramc_pi_calibration_api_1_start + 0xb5c, R_MIPS16_26, Round_Operation
.reloc __recon_dramc_pi_calibration_api_1_start + 0xb66, R_MIPS16_26, Round_Operation
.reloc __recon_dramc_pi_calibration_api_1_start + 0xb70, R_MIPS16_26, Round_Operation
.reloc __recon_dramc_pi_calibration_api_1_start + 0xb78, R_MIPS16_26, DramcSwImpedanceSaveRegister
.reloc __recon_dramc_pi_calibration_api_1_start + 0xb82, R_MIPS16_26, vSetCalibrationResult
.reloc __recon_dramc_pi_calibration_api_1_start + 0xb8c, R_MIPS16_26, vIO32Write4BMsk
.reloc __recon_dramc_pi_calibration_api_1_start + 0xbdc, R_MIPS_32, gDramcSwImpedanceResule
.reloc __recon_dramc_pi_calibration_api_1_start + 0xbf4, R_MIPS16_26, vIO32Write4BMsk
.reloc __recon_dramc_pi_calibration_api_1_start + 0xbfe, R_MIPS16_26, vIO32Write4BMsk
.reloc __recon_dramc_pi_calibration_api_1_start + 0xc08, R_MIPS16_26, vIO32Write4BMsk_All
.reloc __recon_dramc_pi_calibration_api_1_start + 0xc12, R_MIPS16_26, vIO32Write4BMsk
.reloc __recon_dramc_pi_calibration_api_1_start + 0xc1c, R_MIPS16_26, vIO32Write4BMsk
.reloc __recon_dramc_pi_calibration_api_1_start + 0xc26, R_MIPS16_26, vIO32Write4BMsk_All
.reloc __recon_dramc_pi_calibration_api_1_start + 0xc2c, R_MIPS16_26, pause_polling
.reloc __recon_dramc_pi_calibration_api_1_start + 0xc3a, R_MIPS16_26, vIO32Write4BMsk
.reloc __recon_dramc_pi_calibration_api_1_start + 0xc44, R_MIPS16_26, vIO32Write4BMsk
.reloc __recon_dramc_pi_calibration_api_1_start + 0xc4e, R_MIPS16_26, vIO32Write4BMsk_All
.reloc __recon_dramc_pi_calibration_api_1_start + 0xc58, R_MIPS16_26, vIO32Write4BMsk
.reloc __recon_dramc_pi_calibration_api_1_start + 0xc62, R_MIPS16_26, vIO32Write4BMsk
.reloc __recon_dramc_pi_calibration_api_1_start + 0xc6c, R_MIPS16_26, vIO32Write4BMsk_All
.reloc __recon_dramc_pi_calibration_api_1_start + 0xcaa, R_MIPS16_26, u1GetRank
.reloc __recon_dramc_pi_calibration_api_1_start + 0xcb4, R_MIPS16_26, DramcRankSwap
.reloc __recon_dramc_pi_calibration_api_1_start + 0xcc6, R_MIPS16_26, u4Dram_Register_Read
.reloc __recon_dramc_pi_calibration_api_1_start + 0xcd0, R_MIPS16_26, u4Dram_Register_Read
.reloc __recon_dramc_pi_calibration_api_1_start + 0xcdc, R_MIPS16_26, u4Dram_Register_Read
.reloc __recon_dramc_pi_calibration_api_1_start + 0xce8, R_MIPS16_26, u4Dram_Register_Read
.reloc __recon_dramc_pi_calibration_api_1_start + 0xcf2, R_MIPS16_26, u4Dram_Register_Read
.reloc __recon_dramc_pi_calibration_api_1_start + 0xcfc, R_MIPS16_26, u4Dram_Register_Read
.reloc __recon_dramc_pi_calibration_api_1_start + 0xd0a, R_MIPS16_26, vIO32Write4BMsk
.reloc __recon_dramc_pi_calibration_api_1_start + 0xd16, R_MIPS16_26, vIO32Write4BMsk
.reloc __recon_dramc_pi_calibration_api_1_start + 0xd22, R_MIPS16_26, vIO32Write4BMsk
.reloc __recon_dramc_pi_calibration_api_1_start + 0xd2e, R_MIPS16_26, vIO32Write4BMsk
.reloc __recon_dramc_pi_calibration_api_1_start + 0xd3a, R_MIPS16_26, vIO32Write4BMsk
.reloc __recon_dramc_pi_calibration_api_1_start + 0xd46, R_MIPS16_26, vIO32Write4BMsk_All
.reloc __recon_dramc_pi_calibration_api_1_start + 0xd54, R_MIPS16_26, vIO32Write4BMsk
.reloc __recon_dramc_pi_calibration_api_1_start + 0xd60, R_MIPS16_26, vIO32Write4BMsk
.reloc __recon_dramc_pi_calibration_api_1_start + 0xd6c, R_MIPS16_26, vIO32Write4BMsk
.reloc __recon_dramc_pi_calibration_api_1_start + 0xd78, R_MIPS16_26, vIO32Write4BMsk
.reloc __recon_dramc_pi_calibration_api_1_start + 0xd84, R_MIPS16_26, vIO32Write4BMsk
.reloc __recon_dramc_pi_calibration_api_1_start + 0xd8c, R_MIPS16_26, O1PathOnOff
.reloc __recon_dramc_pi_calibration_api_1_start + 0xd94, R_MIPS16_26, vSetDramMRWriteLevelingOnOff
.reloc __recon_dramc_pi_calibration_api_1_start + 0xd9a, R_MIPS16_26, pause_polling
.reloc __recon_dramc_pi_calibration_api_1_start + 0xda8, R_MIPS16_26, vIO32Write4BMsk
.reloc __recon_dramc_pi_calibration_api_1_start + 0xdb2, R_MIPS16_26, vIO32Write4BMsk
.reloc __recon_dramc_pi_calibration_api_1_start + 0xdbc, R_MIPS16_26, vIO32Write4BMsk
.reloc __recon_dramc_pi_calibration_api_1_start + 0xdd6, R_MIPS16_26, vIO32Write4BMsk
.reloc __recon_dramc_pi_calibration_api_1_start + 0xddc, R_MIPS16_26, pause_polling
.reloc __recon_dramc_pi_calibration_api_1_start + 0xe14, R_MIPS16_26, u1GetRank
.reloc __recon_dramc_pi_calibration_api_1_start + 0xe2a, R_MIPS16_26, MoveDramC_TX_DQS
.reloc __recon_dramc_pi_calibration_api_1_start + 0xe34, R_MIPS16_26, MoveDramC_TX_DQS_OEN
.reloc __recon_dramc_pi_calibration_api_1_start + 0xe3c, R_MIPS16_26, vSetRank
.reloc __recon_dramc_pi_calibration_api_1_start + 0xe46, R_MIPS16_26, MoveDramC_TX_DQ
.reloc __recon_dramc_pi_calibration_api_1_start + 0xe4e, R_MIPS16_26, vSetRank
.reloc __recon_dramc_pi_calibration_api_1_start + 0xe7a, R_MIPS16_26, vIO32Write4BMsk
.reloc __recon_dramc_pi_calibration_api_1_start + 0xe84, R_MIPS16_26, vIO32Write4BMsk
.reloc __recon_dramc_pi_calibration_api_1_start + 0xe9a, R_MIPS16_26, vIO32Write4BMsk
.reloc __recon_dramc_pi_calibration_api_1_start + 0xeaa, R_MIPS16_26, vIO32Write4BMsk
.reloc __recon_dramc_pi_calibration_api_1_start + 0xeb4, R_MIPS16_26, vIO32Write4BMsk
.reloc __recon_dramc_pi_calibration_api_1_start + 0xec0, R_MIPS16_26, vIO32Write4BMsk
.reloc __recon_dramc_pi_calibration_api_1_start + 0xeca, R_MIPS16_26, vIO32Write4BMsk
.reloc __recon_dramc_pi_calibration_api_1_start + 0xed0, R_MIPS16_26, pause_polling
.reloc __recon_dramc_pi_calibration_api_1_start + 0xed8, R_MIPS16_26, u4Dram_Register_Read
.reloc __recon_dramc_pi_calibration_api_1_start + 0xf6a, R_MIPS16_26, vSetCalibrationResult
.reloc __recon_dramc_pi_calibration_api_1_start + 0xf76, R_MIPS16_26, vSetCalibrationResult
.reloc __recon_dramc_pi_calibration_api_1_start + 0xfaa, R_MIPS16_26, u4Dram_Register_Read
.reloc __recon_dramc_pi_calibration_api_1_start + 0xfbc, R_MIPS16_26, vIO32Write4BMsk
.reloc __recon_dramc_pi_calibration_api_1_start + 0xfc6, R_MIPS16_26, vIO32Write4BMsk
.reloc __recon_dramc_pi_calibration_api_1_start + 0xfd8, R_MIPS16_26, vIO32Write4BMsk
.reloc __recon_dramc_pi_calibration_api_1_start + 0xfe0, R_MIPS16_26, u4Dram_Register_Read
.reloc __recon_dramc_pi_calibration_api_1_start + 0xfe8, R_MIPS16_26, u4Dram_Register_Read
.reloc __recon_dramc_pi_calibration_api_1_start + 0x1006, R_MIPS16_26, vSetDramMRWriteLevelingOnOff
.reloc __recon_dramc_pi_calibration_api_1_start + 0x100e, R_MIPS16_26, ucDram_Register_Write
.reloc __recon_dramc_pi_calibration_api_1_start + 0x1016, R_MIPS16_26, ucDram_Register_Write
.reloc __recon_dramc_pi_calibration_api_1_start + 0x101e, R_MIPS16_26, ucDram_Register_Write
.reloc __recon_dramc_pi_calibration_api_1_start + 0x1026, R_MIPS16_26, ucDram_Register_Write
.reloc __recon_dramc_pi_calibration_api_1_start + 0x102e, R_MIPS16_26, ucDram_Register_Write
.reloc __recon_dramc_pi_calibration_api_1_start + 0x1036, R_MIPS16_26, ucDram_Register_Write
.reloc __recon_dramc_pi_calibration_api_1_start + 0x103e, R_MIPS16_26, O1PathOnOff
.reloc __recon_dramc_pi_calibration_api_1_start + 0x1060, R_MIPS16_26, MoveDramC_TX_DQS
.reloc __recon_dramc_pi_calibration_api_1_start + 0x106a, R_MIPS16_26, MoveDramC_TX_DQS_OEN
.reloc __recon_dramc_pi_calibration_api_1_start + 0x1088, R_MIPS16_26, vSetRank
.reloc __recon_dramc_pi_calibration_api_1_start + 0x1098, R_MIPS16_26, vIO32Write4BMsk
.reloc __recon_dramc_pi_calibration_api_1_start + 0x10a6, R_MIPS16_26, vIO32Write4BMsk
.reloc __recon_dramc_pi_calibration_api_1_start + 0x10b4, R_MIPS16_26, vSetRank
.reloc __recon_dramc_pi_calibration_api_1_start + 0x10d8, R_MIPS16_26, MoveDramC_TX_DQ
.reloc __recon_dramc_pi_calibration_api_1_start + 0x10fc, R_MIPS16_26, MoveDramC_TX_DQ
.reloc __recon_dramc_pi_calibration_api_1_start + 0x110e, R_MIPS16_26, vSetRank
.reloc __recon_dramc_pi_calibration_api_1_start + 0x1122, R_MIPS16_26, vIO32Write4BMsk
.reloc __recon_dramc_pi_calibration_api_1_start + 0x1134, R_MIPS16_26, vIO32Write4BMsk
.reloc __recon_dramc_pi_calibration_api_1_start + 0x1142, R_MIPS16_26, vSetRank
.reloc __recon_dramc_pi_calibration_api_1_start + 0x114c, R_MIPS16_26, vIO32Write4BMsk
.reloc __recon_dramc_pi_calibration_api_1_start + 0x1156, R_MIPS16_26, vIO32Write4BMsk
.reloc __recon_dramc_pi_calibration_api_1_start + 0x1160, R_MIPS16_26, vIO32Write4BMsk
.reloc __recon_dramc_pi_calibration_api_1_start + 0x116a, R_MIPS16_26, vIO32Write4BMsk
.reloc __recon_dramc_pi_calibration_api_1_start + 0x1174, R_MIPS16_26, vIO32Write4BMsk
.reloc __recon_dramc_pi_calibration_api_1_start + 0x117e, R_MIPS16_26, vIO32Write4BMsk_All
.reloc __recon_dramc_pi_calibration_api_1_start + 0x1186, R_MIPS16_26, DramcRankSwap
.reloc __recon_dramc_pi_calibration_api_1_start + 0x1194, R_MIPS_32, __recon_dramc_pi_calibration_api_4_start
.reloc __recon_dramc_pi_calibration_api_1_start + 0x11d8, R_MIPS_32, __recon_dramc_pi_calibration_api_4_start
.reloc __recon_dramc_pi_calibration_api_1_start + 0x120a, R_MIPS16_26, u4Dram_Register_Read
.reloc __recon_dramc_pi_calibration_api_1_start + 0x1216, R_MIPS16_26, u4Dram_Register_Read
.reloc __recon_dramc_pi_calibration_api_1_start + 0x1220, R_MIPS16_26, u4Dram_Register_Read
.reloc __recon_dramc_pi_calibration_api_1_start + 0x122c, R_MIPS16_26, u4Dram_Register_Read
.reloc __recon_dramc_pi_calibration_api_1_start + 0x1236, R_MIPS16_26, u4Dram_Register_Read
.reloc __recon_dramc_pi_calibration_api_1_start + 0x1246, R_MIPS16_26, vIO32Write4BMsk
.reloc __recon_dramc_pi_calibration_api_1_start + 0x124e, R_MIPS16_26, DramcHWGatingOnOff
.reloc __recon_dramc_pi_calibration_api_1_start + 0x125a, R_MIPS16_26, vIO32Write4BMsk
.reloc __recon_dramc_pi_calibration_api_1_start + 0x1266, R_MIPS16_26, vIO32Write4BMsk
.reloc __recon_dramc_pi_calibration_api_1_start + 0x1274, R_MIPS16_26, vIO32Write4BMsk
.reloc __recon_dramc_pi_calibration_api_1_start + 0x1280, R_MIPS16_26, vIO32Write4BMsk
.reloc __recon_dramc_pi_calibration_api_1_start + 0x1286, R_MIPS16_26, pause_polling
.reloc __recon_dramc_pi_calibration_api_1_start + 0x1294, R_MIPS16_26, vIO32Write4BMsk
.reloc __recon_dramc_pi_calibration_api_1_start + 0x129a, R_MIPS16_26, pause_polling
.reloc __recon_dramc_pi_calibration_api_1_start + 0x12a4, R_MIPS16_26, vIO32Write4BMsk
.reloc __recon_dramc_pi_calibration_api_1_start + 0x12aa, R_MIPS16_26, u1GetRank
.reloc __recon_dramc_pi_calibration_api_1_start + 0x12bc, R_MIPS16_26, vIO32Write4BMsk_All
.reloc __recon_dramc_pi_calibration_api_1_start + 0x130c, R_MIPS16_26, u4Dram_Register_Read
.reloc __recon_dramc_pi_calibration_api_1_start + 0x131c, R_MIPS16_26, vIO32Write4BMsk
.reloc __recon_dramc_pi_calibration_api_1_start + 0x13ce, R_MIPS16_26, vIO32Write4BMsk
.reloc __recon_dramc_pi_calibration_api_1_start + 0x1404, R_MIPS16_26, vIO32Write4BMsk
.reloc __recon_dramc_pi_calibration_api_1_start + 0x143a, R_MIPS16_26, vIO32Write4BMsk
.reloc __recon_dramc_pi_calibration_api_1_start + 0x146e, R_MIPS16_26, vIO32Write4BMsk
.reloc __recon_dramc_pi_calibration_api_1_start + 0x1484, R_MIPS16_26, ucDram_Register_Write
.reloc __recon_dramc_pi_calibration_api_1_start + 0x148a, R_MIPS16_26, DramPhyReset
.reloc __recon_dramc_pi_calibration_api_1_start + 0x1498, R_MIPS16_26, vIO32Write4BMsk
.reloc __recon_dramc_pi_calibration_api_1_start + 0x149e, R_MIPS16_26, pause_polling
.reloc __recon_dramc_pi_calibration_api_1_start + 0x14a8, R_MIPS16_26, vIO32Write4BMsk
.reloc __recon_dramc_pi_calibration_api_1_start + 0x14c0, R_MIPS16_26, DramcEngine2
.reloc __recon_dramc_pi_calibration_api_1_start + 0x14c8, R_MIPS16_26, u4Dram_Register_Read
.reloc __recon_dramc_pi_calibration_api_1_start + 0x160c, R_MIPS16_26, vSetCalibrationResult
.reloc __recon_dramc_pi_calibration_api_1_start + 0x161e, R_MIPS16_26, vSetCalibrationResult
.reloc __recon_dramc_pi_calibration_api_1_start + 0x1630, R_MIPS16_26, vSetCalibrationResult
.reloc __recon_dramc_pi_calibration_api_1_start + 0x169c, R_MIPS16_26, ucDram_Register_Write
.reloc __recon_dramc_pi_calibration_api_1_start + 0x16a4, R_MIPS16_26, ucDram_Register_Write
.reloc __recon_dramc_pi_calibration_api_1_start + 0x16ac, R_MIPS16_26, ucDram_Register_Write
.reloc __recon_dramc_pi_calibration_api_1_start + 0x16b4, R_MIPS16_26, ucDram_Register_Write
.reloc __recon_dramc_pi_calibration_api_1_start + 0x16bc, R_MIPS16_26, ucDram_Register_Write
.reloc __recon_dramc_pi_calibration_api_1_start + 0x16f4, R_MIPS16_26, vIO32Write4BMsk
.reloc __recon_dramc_pi_calibration_api_1_start + 0x1726, R_MIPS16_26, vIO32Write4BMsk
.reloc __recon_dramc_pi_calibration_api_1_start + 0x17c6, R_MIPS16_26, vIO32Write4BMsk
.reloc __recon_dramc_pi_calibration_api_1_start + 0x17f6, R_MIPS16_26, vIO32Write4BMsk
.reloc __recon_dramc_pi_calibration_api_1_start + 0x180a, R_MIPS16_26, ucDram_Register_Write
.reloc __recon_dramc_pi_calibration_api_1_start + 0x1810, R_MIPS16_26, DramPhyReset
.reloc __recon_dramc_pi_calibration_api_1_start + 0x1882, R_MIPS16_26, vIO32Write4BMsk
.reloc __recon_dramc_pi_calibration_api_1_start + 0x188e, R_MIPS16_26, vIO32Write4BMsk
.reloc __recon_dramc_pi_calibration_api_1_start + 0x1894, R_MIPS16_26, pause_polling
.reloc __recon_dramc_pi_calibration_api_1_start + 0x189e, R_MIPS16_26, vIO32Write4BMsk
.reloc __recon_dramc_pi_calibration_api_1_start + 0x18a8, R_MIPS16_26, vIO32Write4BMsk
.reloc __recon_dramc_pi_calibration_api_1_start + 0x18ca, R_MIPS16_26, u4Dram_Register_Read
.reloc __recon_dramc_pi_calibration_api_1_start + 0x18d4, R_MIPS16_26, u4Dram_Register_Read
.reloc __recon_dramc_pi_calibration_api_1_start + 0x18e0, R_MIPS16_26, u4Dram_Register_Read
.reloc __recon_dramc_pi_calibration_api_1_start + 0x18ea, R_MIPS16_26, u4Dram_Register_Read
.reloc __recon_dramc_pi_calibration_api_1_start + 0x18f4, R_MIPS16_26, u4Dram_Register_Read
.reloc __recon_dramc_pi_calibration_api_1_start + 0x18fe, R_MIPS16_26, u4Dram_Register_Read
.reloc __recon_dramc_pi_calibration_api_1_start + 0x1908, R_MIPS16_26, u4Dram_Register_Read
.reloc __recon_dramc_pi_calibration_api_1_start + 0x1914, R_MIPS16_26, u4Dram_Register_Read
.reloc __recon_dramc_pi_calibration_api_1_start + 0x191e, R_MIPS16_26, DramcGatingMode
.reloc __recon_dramc_pi_calibration_api_1_start + 0x192a, R_MIPS16_26, vIO32Write4BMsk
.reloc __recon_dramc_pi_calibration_api_1_start + 0x1938, R_MIPS16_26, DramcModeRegWrite_PC4
.reloc __recon_dramc_pi_calibration_api_1_start + 0x1946, R_MIPS16_26, vIO32Write4BMsk
.reloc __recon_dramc_pi_calibration_api_1_start + 0x194e, R_MIPS16_26, DramcHWGatingOnOff
.reloc __recon_dramc_pi_calibration_api_1_start + 0x195c, R_MIPS16_26, vIO32Write4BMsk
.reloc __recon_dramc_pi_calibration_api_1_start + 0x1968, R_MIPS16_26, vIO32Write4BMsk
.reloc __recon_dramc_pi_calibration_api_1_start + 0x196e, R_MIPS16_26, pause_polling
.reloc __recon_dramc_pi_calibration_api_1_start + 0x197c, R_MIPS16_26, vIO32Write4BMsk
.reloc __recon_dramc_pi_calibration_api_1_start + 0x1982, R_MIPS16_26, pause_polling
.reloc __recon_dramc_pi_calibration_api_1_start + 0x198c, R_MIPS16_26, vIO32Write4BMsk
.reloc __recon_dramc_pi_calibration_api_1_start + 0x199a, R_MIPS16_26, vIO32Write4BMsk
.reloc __recon_dramc_pi_calibration_api_1_start + 0x19ae, R_MIPS16_26, DramcEngine2Init
.reloc __recon_dramc_pi_calibration_api_1_start + 0x19be, R_MIPS16_26, vIO32Write4BMsk
.reloc __recon_dramc_pi_calibration_api_1_start + 0x1a46, R_MIPS16_26, u4Dram_Register_Read
.reloc __recon_dramc_pi_calibration_api_1_start + 0x1a56, R_MIPS16_26, vIO32Write4BMsk
.reloc __recon_dramc_pi_calibration_api_1_start + 0x1aca, R_MIPS16_26, prom_puts
.reloc __recon_dramc_pi_calibration_api_1_start + 0x1b10, R_MIPS16_26, vIO32Write4BMsk
.reloc __recon_dramc_pi_calibration_api_1_start + 0x1b46, R_MIPS16_26, vIO32Write4BMsk
.reloc __recon_dramc_pi_calibration_api_1_start + 0x1b7c, R_MIPS16_26, vIO32Write4BMsk
.reloc __recon_dramc_pi_calibration_api_1_start + 0x1bb2, R_MIPS16_26, vIO32Write4BMsk
.reloc __recon_dramc_pi_calibration_api_1_start + 0x1bca, R_MIPS16_26, ucDram_Register_Write
.reloc __recon_dramc_pi_calibration_api_1_start + 0x1bd0, R_MIPS16_26, DramPhyReset
.reloc __recon_dramc_pi_calibration_api_1_start + 0x1be0, R_MIPS16_26, vIO32Write4BMsk
.reloc __recon_dramc_pi_calibration_api_1_start + 0x1be6, R_MIPS16_26, pause_polling
.reloc __recon_dramc_pi_calibration_api_1_start + 0x1bf2, R_MIPS16_26, vIO32Write4BMsk
.reloc __recon_dramc_pi_calibration_api_1_start + 0x1bfc, R_MIPS16_26, DramcEngine2Run
.reloc __recon_dramc_pi_calibration_api_1_start + 0x1c06, R_MIPS16_26, u4Dram_Register_Read
.reloc __recon_dramc_pi_calibration_api_1_start + 0x1c18, R_MIPS16_26, u4Dram_Register_Read
.reloc __recon_dramc_pi_calibration_api_1_start + 0x1c28, R_MIPS16_26, u4Dram_Register_Read
.reloc __recon_dramc_pi_calibration_api_1_start + 0x1c3e, R_MIPS16_26, u4Dram_Register_Read
.reloc __recon_dramc_pi_calibration_api_1_start + 0x1c56, R_MIPS16_26, u4Dram_Register_Read
.reloc __recon_dramc_pi_calibration_api_1_start + 0x1c6c, R_MIPS16_26, u4Dram_Register_Read
.reloc __recon_dramc_pi_calibration_api_1_start + 0x1c84, R_MIPS16_26, u4Dram_Register_Read
.reloc __recon_dramc_pi_calibration_api_1_start + 0x1e04, R_MIPS16_26, DramcEngine2End
.reloc __recon_dramc_pi_calibration_api_1_start + 0x1e0e, R_MIPS16_26, vSetCalibrationResult
.reloc __recon_dramc_pi_calibration_api_1_start + 0x1e20, R_MIPS16_26, vSetCalibrationResult
.reloc __recon_dramc_pi_calibration_api_1_start + 0x1e42, R_MIPS16_26, vSetCalibrationResult
.reloc __recon_dramc_pi_calibration_api_1_start + 0x1eaa, R_MIPS16_26, ucDram_Register_Write
.reloc __recon_dramc_pi_calibration_api_1_start + 0x1eb2, R_MIPS16_26, ucDram_Register_Write
.reloc __recon_dramc_pi_calibration_api_1_start + 0x1eba, R_MIPS16_26, ucDram_Register_Write
.reloc __recon_dramc_pi_calibration_api_1_start + 0x1ec2, R_MIPS16_26, ucDram_Register_Write
.reloc __recon_dramc_pi_calibration_api_1_start + 0x1eca, R_MIPS16_26, ucDram_Register_Write
.reloc __recon_dramc_pi_calibration_api_1_start + 0x1ed2, R_MIPS16_26, ucDram_Register_Write
.reloc __recon_dramc_pi_calibration_api_1_start + 0x1eda, R_MIPS16_26, DramcGatingMode
.reloc __recon_dramc_pi_calibration_api_1_start + 0x1ee2, R_MIPS16_26, ucDram_Register_Write
.reloc __recon_dramc_pi_calibration_api_1_start + 0x1eea, R_MIPS16_26, ucDram_Register_Write
.reloc __recon_dramc_pi_calibration_api_1_start + 0x1ef6, R_MIPS16_26, DramcModeRegWrite_PC4
.reloc __recon_dramc_pi_calibration_api_1_start + 0x1f2e, R_MIPS16_26, vIO32Write4BMsk
.reloc __recon_dramc_pi_calibration_api_1_start + 0x1f60, R_MIPS16_26, vIO32Write4BMsk
.reloc __recon_dramc_pi_calibration_api_1_start + 0x2000, R_MIPS16_26, vIO32Write4BMsk
.reloc __recon_dramc_pi_calibration_api_1_start + 0x2030, R_MIPS16_26, vIO32Write4BMsk
.reloc __recon_dramc_pi_calibration_api_1_start + 0x2048, R_MIPS16_26, vIO32Write4BMsk
.reloc __recon_dramc_pi_calibration_api_1_start + 0x205c, R_MIPS16_26, ucDram_Register_Write
.reloc __recon_dramc_pi_calibration_api_1_start + 0x2062, R_MIPS16_26, DramPhyReset
.reloc __recon_dramc_pi_calibration_api_1_start + 0x20b0, R_MIPS_32, __recon_dramc_pi_calibration_api_9_start
.reloc __recon_dramc_pi_calibration_api_1_start + 0x2122, R_MIPS16_26, u1GetRank
.reloc __recon_dramc_pi_calibration_api_1_start + 0x2132, R_MIPS16_26, vSetCalibrationResult
.reloc __recon_dramc_pi_calibration_api_1_start + 0x2146, R_MIPS16_26, vSetCalibrationResult
.reloc __recon_dramc_pi_calibration_api_1_start + 0x21e6, R_MIPS16_26, Set_RX_DQM_DelayLine_Phy_Byte
.reloc __recon_dramc_pi_calibration_api_1_start + 0x2206, R_MIPS16_26, Set_RX_DQ_DelayLine_Phy_Byte
.reloc __recon_dramc_pi_calibration_api_1_start + 0x2220, R_MIPS16_26, vIO32Write4BMsk
.reloc __recon_dramc_pi_calibration_api_1_start + 0x222c, R_MIPS16_26, vIO32Write4BMsk
.reloc __recon_dramc_pi_calibration_api_1_start + 0x223a, R_MIPS16_26, SetRxDqDqsDelay
.reloc __recon_dramc_pi_calibration_api_1_start + 0x2244, R_MIPS16_26, TestEngineCompare
.reloc __recon_dramc_pi_calibration_api_1_start + 0x233a, R_MIPS16_26, vSetCalibrationResult
.reloc __recon_dramc_pi_calibration_api_1_start + 0x2346, R_MIPS16_26, vSetCalibrationResult
.reloc __recon_dramc_pi_calibration_api_1_start + 0x23aa, R_MIPS16_26, prom_puts
.reloc __recon_dramc_pi_calibration_api_1_start + 0x23b2, R_MIPS16_26, prom_puts
.reloc __recon_dramc_pi_calibration_api_1_start + 0x23b8, R_MIPS16_26, prom_print_dec
.reloc __recon_dramc_pi_calibration_api_1_start + 0x23c0, R_MIPS16_26, prom_puts
.reloc __recon_dramc_pi_calibration_api_1_start + 0x254e, R_MIPS16_26, vIO32Write4BMsk
.reloc __recon_dramc_pi_calibration_api_1_start + 0x2558, R_MIPS16_26, vIO32Write4BMsk
.reloc __recon_dramc_pi_calibration_api_1_start + 0x2584, R_MIPS16_26, vSetRank
.reloc __recon_dramc_pi_calibration_api_1_start + 0x259e, R_MIPS16_26, Set_RX_DQM_DelayLine_Phy_Byte
.reloc __recon_dramc_pi_calibration_api_1_start + 0x25c2, R_MIPS16_26, vIO32Write4BMsk
.reloc __recon_dramc_pi_calibration_api_1_start + 0x25d8, R_MIPS16_26, vIO32Write4BMsk
.reloc __recon_dramc_pi_calibration_api_1_start + 0x25e8, R_MIPS16_26, vSetRank
.reloc __recon_dramc_pi_calibration_api_1_start + 0x25ee, R_MIPS16_26, DramPhyReset
.reloc __recon_dramc_pi_calibration_api_1_start + 0x260a, R_MIPS16_26, vSetRank
.reloc __recon_dramc_pi_calibration_api_1_start + 0x26b4, R_MIPS16_26, Set_RX_DQ_DelayLine_Phy_Byte
.reloc __recon_dramc_pi_calibration_api_1_start + 0x26d0, R_MIPS16_26, vSetRank
.reloc __recon_dramc_pi_calibration_api_1_start + 0x270c, R_MIPS_32, __recon_dramc_pi_calibration_api_9_start
.reloc __recon_dramc_pi_calibration_api_1_start + 0x2710, R_MIPS_32, __recon_dramc_pi_calibration_api_9_start
.reloc __recon_dramc_pi_calibration_api_1_start + 0x2714, R_MIPS_32, __recon_dramc_pi_calibration_api_9_start
.reloc __recon_dramc_pi_calibration_api_1_start + 0x2734, R_MIPS16_26, u4Dram_Register_Read
.reloc __recon_dramc_pi_calibration_api_1_start + 0x273c, R_MIPS16_26, u4Dram_Register_Read
.reloc __recon_dramc_pi_calibration_api_1_start + 0x275c, R_MIPS16_26, dle_factor_handler
.reloc __recon_dramc_pi_calibration_api_1_start + 0x2766, R_MIPS16_26, TestEngineCompare
.reloc __recon_dramc_pi_calibration_api_1_start + 0x2786, R_MIPS16_26, Set_RX_DQM_DelayLine_Phy_Byte
.reloc __recon_dramc_pi_calibration_api_1_start + 0x2790, R_MIPS16_26, Set_RX_DQM_DelayLine_Phy_Byte
.reloc __recon_dramc_pi_calibration_api_1_start + 0x279a, R_MIPS16_26, Set_RX_DQ_DelayLine_Phy_Byte
.reloc __recon_dramc_pi_calibration_api_1_start + 0x27a4, R_MIPS16_26, Set_RX_DQ_DelayLine_Phy_Byte
.reloc __recon_dramc_pi_calibration_api_1_start + 0x27b0, R_MIPS16_26, SetRxDqDqsDelay
.reloc __recon_dramc_pi_calibration_api_1_start + 0x27b6, R_MIPS16_26, TestEngineCompare
.reloc __recon_dramc_pi_calibration_api_1_start + 0x282c, R_MIPS16_26, ucDram_Register_Write
.reloc __recon_dramc_pi_calibration_api_1_start + 0x2836, R_MIPS16_26, vSetCalibrationResult
.reloc __recon_dramc_pi_calibration_api_1_start + 0x2840, R_MIPS16_26, vIO32Write4BMsk
.reloc __recon_dramc_pi_calibration_api_1_start + 0x2854, R_MIPS16_26, dle_factor_handler
.reloc __recon_dramc_pi_calibration_api_1_start + 0x285e, R_MIPS16_26, vSetCalibrationResult
.reloc __recon_dramc_pi_calibration_api_1_start + 0x286c, R_MIPS_32, __recon_dramc_pi_calibration_api_4_start
.reloc __recon_dramc_pi_calibration_api_1_start + 0x2878, R_MIPS16_26, DramcRxdatlatScan
.reloc __recon_dramc_pi_calibration_api_1_start + 0x2884, R_MIPS16_26, DramcRxdatlatScan
.reloc __recon_dramc_pi_calibration_api_1_start + 0x28b2, R_MIPS16_26, u1GetRank
.reloc __recon_dramc_pi_calibration_api_1_start + 0x2900, R_MIPS16_26, u4Dram_Register_Read
.reloc __recon_dramc_pi_calibration_api_1_start + 0x2928, R_MIPS16_26, u4Dram_Register_Read
.reloc __recon_dramc_pi_calibration_api_1_start + 0x2956, R_MIPS16_26, vSetCalibrationResult
.reloc __recon_dramc_pi_calibration_api_1_start + 0x29a8, R_MIPS16_26, TxWinTransferDelayToUIPI
.reloc __recon_dramc_pi_calibration_api_1_start + 0x29ca, R_MIPS16_26, TxWinTransferDelayToUIPI
.reloc __recon_dramc_pi_calibration_api_1_start + 0x2a12, R_MIPS16_26, vIO32Write4BMsk
.reloc __recon_dramc_pi_calibration_api_1_start + 0x2a50, R_MIPS16_26, vIO32Write4BMsk
.reloc __recon_dramc_pi_calibration_api_1_start + 0x2a9a, R_MIPS16_26, vIO32Write4BMsk
.reloc __recon_dramc_pi_calibration_api_1_start + 0x2ad8, R_MIPS16_26, vIO32Write4BMsk
.reloc __recon_dramc_pi_calibration_api_1_start + 0x2af8, R_MIPS16_26, vIO32Write4BMsk
.reloc __recon_dramc_pi_calibration_api_1_start + 0x2b0e, R_MIPS16_26, vIO32Write4BMsk
.reloc __recon_dramc_pi_calibration_api_1_start + 0x2b2e, R_MIPS16_26, vIO32Write4BMsk
.reloc __recon_dramc_pi_calibration_api_1_start + 0x2b46, R_MIPS16_26, vIO32Write4BMsk
.reloc __recon_dramc_pi_calibration_api_1_start + 0x2b4c, R_MIPS16_26, TestEngineCompare
.reloc __recon_dramc_pi_calibration_api_1_start + 0x2c46, R_MIPS16_26, vSetCalibrationResult
.reloc __recon_dramc_pi_calibration_api_1_start + 0x2de8, R_MIPS16_26, TxWinTransferDelayToUIPI
.reloc __recon_dramc_pi_calibration_api_1_start + 0x2e10, R_MIPS16_26, TxWinTransferDelayToUIPI
.reloc __recon_dramc_pi_calibration_api_1_start + 0x2e30, R_MIPS16_26, TxWinTransferDelayToUIPI
.reloc __recon_dramc_pi_calibration_api_1_start + 0x2e4c, R_MIPS16_26, TxWinTransferDelayToUIPI
.reloc __recon_dramc_pi_calibration_api_1_start + 0x2e74, R_MIPS16_26, vSetRank
.reloc __recon_dramc_pi_calibration_api_1_start + 0x2eb0, R_MIPS16_26, vIO32Write4BMsk
.reloc __recon_dramc_pi_calibration_api_1_start + 0x2ee2, R_MIPS16_26, vIO32Write4BMsk
.reloc __recon_dramc_pi_calibration_api_1_start + 0x2ef8, R_MIPS16_26, vIO32Write4BMsk
.reloc __recon_dramc_pi_calibration_api_1_start + 0x2f0c, R_MIPS16_26, vIO32Write4BMsk
.reloc __recon_dramc_pi_calibration_api_1_start + 0x2f74, R_MIPS16_26, vIO32Write4BMsk
.reloc __recon_dramc_pi_calibration_api_1_start + 0x2fd4, R_MIPS16_26, vIO32Write4BMsk
.reloc __recon_dramc_pi_calibration_api_1_start + 0x2fea, R_MIPS16_26, vIO32Write4BMsk
.reloc __recon_dramc_pi_calibration_api_1_start + 0x2ffe, R_MIPS16_26, vIO32Write4BMsk
.reloc __recon_dramc_pi_calibration_api_1_start + 0x300e, R_MIPS16_26, vSetRank
.reloc __recon_dramc_pi_calibration_api_1_start + 0x3030, R_MIPS_32, __recon_dramc_pi_calibration_api_4_start
.reloc __recon_dramc_pi_calibration_api_1_start + 0x3034, R_MIPS_32, __recon_dramc_pi_calibration_api_4_start
.reloc __recon_dramc_pi_calibration_api_1_start + 0x303c, R_MIPS_32, __recon_dramc_pi_calibration_api_4_start
.reloc __recon_dramc_pi_calibration_api_1_start + 0x3040, R_MIPS_32, __recon_dramc_pi_calibration_api_4_start
.reloc __recon_dramc_pi_calibration_api_1_start + 0x3048, R_MIPS_32, __recon_dramc_pi_calibration_api_4_start
.reloc __recon_dramc_pi_calibration_api_1_start + 0x304c, R_MIPS_32, __recon_dramc_pi_calibration_api_4_start
.reloc __recon_dramc_pi_calibration_api_1_start + 0x307a, R_MIPS16_26, u4Dram_Register_Read
.reloc __recon_dramc_pi_calibration_api_1_start + 0x3082, R_MIPS16_26, u4Dram_Register_Read
.reloc __recon_dramc_pi_calibration_api_1_start + 0x308c, R_MIPS16_26, u4Dram_Register_Read
.reloc __recon_dramc_pi_calibration_api_1_start + 0x3098, R_MIPS16_26, vIO32Write4BMsk
.reloc __recon_dramc_pi_calibration_api_1_start + 0x30a2, R_MIPS16_26, vIO32Write4BMsk
.reloc __recon_dramc_pi_calibration_api_1_start + 0x30ac, R_MIPS16_26, vIO32Write4BMsk
.reloc __recon_dramc_pi_calibration_api_1_start + 0x30b6, R_MIPS16_26, vIO32Write4BMsk
.reloc __recon_dramc_pi_calibration_api_1_start + 0x30c4, R_MIPS16_26, u1GetRank
.reloc __recon_dramc_pi_calibration_api_1_start + 0x30ec, R_MIPS16_26, vSetCalibrationResult
.reloc __recon_dramc_pi_calibration_api_1_start + 0x30fa, R_MIPS16_26, DramcModeRegWrite_PC4
.reloc __recon_dramc_pi_calibration_api_1_start + 0x3100, R_MIPS16_26, pause_polling
.reloc __recon_dramc_pi_calibration_api_1_start + 0x3122, R_MIPS16_26, DramcModeRegWrite_PC4
.reloc __recon_dramc_pi_calibration_api_1_start + 0x3128, R_MIPS16_26, pause_polling
.reloc __recon_dramc_pi_calibration_api_1_start + 0x314c, R_MIPS16_26, DramcTxWindowPerbitCal
.reloc __recon_dramc_pi_calibration_api_1_start + 0x31ba, R_MIPS16_26, DramcModeRegWrite_PC4
.reloc __recon_dramc_pi_calibration_api_1_start + 0x31c0, R_MIPS16_26, pause_polling
.reloc __recon_dramc_pi_calibration_api_1_start + 0x31d0, R_MIPS16_26, DramcModeRegWrite_PC4
.reloc __recon_dramc_pi_calibration_api_1_start + 0x31d6, R_MIPS16_26, pause_polling
.reloc __recon_dramc_pi_calibration_api_1_start + 0x31de, R_MIPS16_26, ucDram_Register_Write
.reloc __recon_dramc_pi_calibration_api_1_start + 0x31e6, R_MIPS16_26, ucDram_Register_Write
.reloc __recon_dramc_pi_calibration_api_1_start + 0x31ee, R_MIPS16_26, ucDram_Register_Write
.reloc __recon_dramc_pi_calibration_api_1_start + 0x31f6, R_MIPS16_26, vSetRank
.reloc __recon_dramc_pi_calibration_api_1_start + 0x3208, R_MIPS16_26, vSetCalibrationResult
.reloc __recon_dramc_pi_calibration_api_1_start + 0x3216, R_MIPS16_26, DramcModeRegWrite_PC4
.reloc __recon_dramc_pi_calibration_api_1_start + 0x321c, R_MIPS16_26, pause_polling
.reloc __recon_dramc_pi_calibration_api_1_start + 0x323c, R_MIPS_32, u4DRAMdebugLOgEnable
.reloc __recon_dramc_pi_calibration_api_1_start + 0x3240, R_MIPS_32, u4DRAMdebugLOgEnable2
.reloc __recon_dramc_pi_calibration_api_1_start + 0x324a, R_MIPS16_26, vIO32Write4BMsk
.reloc __recon_dramc_pi_calibration_api_1_start + 0x3254, R_MIPS16_26, ucDram_Register_Write
.reloc __recon_dramc_pi_calibration_api_1_start + 0x3260, R_MIPS16_26, ucDram_Register_Write
.reloc __recon_dramc_pi_calibration_api_1_start + 0x3268, R_MIPS16_26, ucDram_Register_Write
.reloc __recon_dramc_pi_calibration_api_1_start + 0x3272, R_MIPS16_26, ucDram_Register_Write
.reloc __recon_dramc_pi_calibration_api_1_start + 0x327a, R_MIPS16_26, ucDram_Register_Write
.reloc __recon_dramc_pi_calibration_api_1_start + 0x3282, R_MIPS16_26, prom_puts
.reloc __recon_dramc_pi_calibration_api_1_start + 0x328a, R_MIPS16_26, pause_polling
.reloc __recon_dramc_pi_calibration_api_1_start + 0x3292, R_MIPS16_26, u4Dram_Register_Read
.reloc __recon_dramc_pi_calibration_api_1_start + 0x32a2, R_MIPS16_26, ucDram_Register_Write
.reloc __recon_dramc_pi_calibration_api_1_start + 0x32a8, R_MIPS16_26, pause_polling
.reloc __recon_dramc_pi_calibration_api_1_start + 0x32b0, R_MIPS16_26, ucDram_Register_Write
.reloc __recon_dramc_pi_calibration_api_1_start + 0x32b8, R_MIPS16_26, pause_polling
.reloc __recon_dramc_pi_calibration_api_1_start + 0x32c0, R_MIPS16_26, u4Dram_Register_Read
.reloc __recon_dramc_pi_calibration_api_1_start + 0x32ce, R_MIPS16_26, prom_puts
.reloc __recon_dramc_pi_calibration_api_1_start + 0x32d4, R_MIPS16_26, pause_polling
.reloc __recon_dramc_pi_calibration_api_1_start + 0x32dc, R_MIPS16_26, u4Dram_Register_Read
.reloc __recon_dramc_pi_calibration_api_1_start + 0x32e4, R_MIPS16_26, u4Dram_Register_Read
.reloc __recon_dramc_pi_calibration_api_1_start + 0x32ee, R_MIPS16_26, ucDram_Register_Write
.reloc __recon_dramc_pi_calibration_api_1_start + 0x32f4, R_MIPS16_26, pause_polling
.reloc __recon_dramc_pi_calibration_api_1_start + 0x32fc, R_MIPS16_26, prom_puts
.reloc __recon_dramc_pi_calibration_api_1_start + 0x3306, R_MIPS16_26, prom_print_dec
.reloc __recon_dramc_pi_calibration_api_1_start + 0x330e, R_MIPS16_26, prom_puts
.reloc __recon_dramc_pi_calibration_api_1_start + 0x3316, R_MIPS16_26, prom_print_hex
.reloc __recon_dramc_pi_calibration_api_1_start + 0x331e, R_MIPS16_26, prom_puts
.reloc __recon_dramc_pi_calibration_api_1_start + 0x334c, R_MIPS_32, __recon_dramc_pi_calibration_api_9_start
.reloc __recon_dramc_pi_calibration_api_1_start + 0x3358, R_MIPS_32, __recon_dramc_pi_calibration_api_9_start
.reloc __recon_dramc_pi_calibration_api_1_start + 0x3364, R_MIPS_32, __recon_dramc_pi_calibration_api_9_start
.reloc __recon_dramc_pi_calibration_api_1_start + 0x3368, R_MIPS_32, __recon_dramc_pi_calibration_api_9_start
.reloc __recon_dramc_pi_calibration_api_1_start + 0x336c, R_MIPS_32, __recon_dramc_pi_calibration_api_9_start
.set nomips16

.section .data,"aw",@progbits
.balign 16
.set __recon_dramc_pi_calibration_api_3_start, .
.globl PCDDR4_DQS_Mapping
.type PCDDR4_DQS_Mapping, @object
PCDDR4_DQS_Mapping:
.byte 0x01, 0x00, 0x00, 0x00
.globl PCDDR3_DQS_Mapping
.type PCDDR3_DQS_Mapping, @object
PCDDR3_DQS_Mapping:
.byte 0x00, 0x01, 0x00, 0x00
.globl u4DRAMdebugLOgEnable
.type u4DRAMdebugLOgEnable, @object
u4DRAMdebugLOgEnable:
.byte 0x01, 0x00, 0x00, 0x00
.globl u1MR2Value
.type u1MR2Value, @object
u1MR2Value:
.byte 0x1a, 0x00, 0x00, 0x00

.section .bss,"aw",@nobits
.balign 16
.set __recon_dramc_pi_calibration_api_4_start, .
.globl u4DRAMdebugLOgEnable2
.type u4DRAMdebugLOgEnable2, @object
u4DRAMdebugLOgEnable2:
.space 4
.globl RegLogEnable
.type RegLogEnable, @object
RegLogEnable:
.space 1
.type fgwrlevel_done, @object
fgwrlevel_done:
.space 3
.type wrlevel_dqs_final_delay, @object
wrlevel_dqs_final_delay:
.space 8
.type aru1RxDatlatResult, @object
aru1RxDatlatResult:
.space 1
.type dq_ui_large_bak.2589, @object
dq_ui_large_bak.2589:
.space 1
.type dq_oen_ui_large_bak.2591, @object
dq_oen_ui_large_bak.2591:
.space 1
.type dq_ui_small_bak.2588, @object
dq_ui_small_bak.2588:
.space 1
.type dq_oen_ui_small_bak.2590, @object
dq_oen_ui_small_bak.2590:
.space 12

.section .rodata.str1.4,"a",@progbits
.balign 4
.set __recon_dramc_pi_calibration_api_9_start, .
.byte 0x5b, 0x44, 0x72, 0x61, 0x6d, 0x63, 0x52, 0x78, 0x64, 0x71, 0x73, 0x47, 0x61, 0x74, 0x69, 0x6e
.byte 0x67, 0x43, 0x61, 0x6c, 0x5d, 0x20, 0x45, 0x72, 0x72, 0x6f, 0x72, 0x3a, 0x20, 0x75, 0x63, 0x64
.byte 0x6c, 0x79, 0x5f, 0x63, 0x6f, 0x61, 0x72, 0x73, 0x65, 0x5f, 0x6c, 0x61, 0x72, 0x67, 0x65, 0x5f
.byte 0x52, 0x4f, 0x44, 0x54, 0x20, 0x69, 0x73, 0x20, 0x61, 0x6c, 0x72, 0x65, 0x61, 0x64, 0x79, 0x20
.byte 0x30, 0x2e, 0x20, 0x52, 0x4f, 0x44, 0x54, 0x20, 0x63, 0x61, 0x6e, 0x6e, 0x6f, 0x74, 0x20, 0x62
.byte 0x65, 0x20, 0x2d, 0x31, 0x31, 0x20, 0x55, 0x49, 0x0a, 0x00, 0x00, 0x00, 0x42, 0x65, 0x74, 0x74
.byte 0x65, 0x72, 0x20, 0x52, 0x78, 0x20, 0x56, 0x72, 0x65, 0x66, 0x20, 0x66, 0x6f, 0x75, 0x6e, 0x64
.byte 0x2e, 0x0a, 0x00, 0x00, 0x56, 0x72, 0x65, 0x66, 0x20, 0x3d, 0x20, 0x00, 0x0a, 0x00, 0x00, 0x00
.byte 0x5b, 0x44, 0x72, 0x61, 0x6d, 0x63, 0x53, 0x65, 0x6c, 0x66, 0x74, 0x65, 0x73, 0x74, 0x52, 0x75
.byte 0x6e, 0x5d, 0x20, 0x0a, 0x00, 0x00, 0x00, 0x00, 0x5b, 0x44, 0x72, 0x61, 0x6d, 0x63, 0x53, 0x65
.byte 0x6c, 0x66, 0x74, 0x65, 0x73, 0x74, 0x52, 0x75, 0x6e, 0x5d, 0x20, 0x77, 0x68, 0x69, 0x6c, 0x65
.byte 0x20, 0x65, 0x6e, 0x64, 0x0a, 0x00, 0x00, 0x00, 0x5b, 0x44, 0x72, 0x61, 0x6d, 0x63, 0x53, 0x65
.byte 0x6c, 0x66, 0x74, 0x65, 0x73, 0x74, 0x52, 0x75, 0x6e, 0x5d, 0x20, 0x72, 0x65, 0x73, 0x75, 0x6c
.byte 0x74, 0x3d, 0x00, 0x00, 0x20, 0x20, 0x75, 0x34, 0x72, 0x65, 0x73, 0x75, 0x6c, 0x74, 0x3d, 0x30
.byte 0x78, 0x00, 0x00, 0x00

.section .rodata,"a",@progbits
.balign 16
.set __recon_dramc_pi_calibration_api_10_start, .
.globl uiDDR_PHY_Mapping
.type uiDDR_PHY_Mapping, @object
uiDDR_PHY_Mapping:
.byte 0x04, 0x00, 0x00, 0x00, 0x06, 0x00, 0x00, 0x00, 0x07, 0x00, 0x00, 0x00, 0x05, 0x00, 0x00, 0x00
.byte 0x0d, 0x00, 0x00, 0x00, 0x0f, 0x00, 0x00, 0x00, 0x0c, 0x00, 0x00, 0x00, 0x0e, 0x00, 0x00, 0x00
.byte 0x01, 0x00, 0x00, 0x00, 0x03, 0x00, 0x00, 0x00, 0x00, 0x00, 0x00, 0x00, 0x02, 0x00, 0x00, 0x00
.byte 0x0a, 0x00, 0x00, 0x00, 0x08, 0x00, 0x00, 0x00, 0x0b, 0x00, 0x00, 0x00, 0x09, 0x00, 0x00, 0x00
.byte 0x06, 0x00, 0x00, 0x00, 0x02, 0x00, 0x00, 0x00, 0x04, 0x00, 0x00, 0x00, 0x00, 0x00, 0x00, 0x00
.byte 0x03, 0x00, 0x00, 0x00, 0x05, 0x00, 0x00, 0x00, 0x07, 0x00, 0x00, 0x00, 0x01, 0x00, 0x00, 0x00
.byte 0x0b, 0x00, 0x00, 0x00, 0x0d, 0x00, 0x00, 0x00, 0x0f, 0x00, 0x00, 0x00, 0x09, 0x00, 0x00, 0x00
.byte 0x0e, 0x00, 0x00, 0x00, 0x0c, 0x00, 0x00, 0x00, 0x0a, 0x00, 0x00, 0x00, 0x08, 0x00, 0x00, 0x00
.byte 0x0c, 0x00, 0x00, 0x00, 0x0e, 0x00, 0x00, 0x00, 0x08, 0x00, 0x00, 0x00, 0x0a, 0x00, 0x00, 0x00
.byte 0x0d, 0x00, 0x00, 0x00, 0x0f, 0x00, 0x00, 0x00, 0x09, 0x00, 0x00, 0x00, 0x0b, 0x00, 0x00, 0x00
.byte 0x06, 0x00, 0x00, 0x00, 0x04, 0x00, 0x00, 0x00, 0x00, 0x00, 0x00, 0x00, 0x02, 0x00, 0x00, 0x00
.byte 0x07, 0x00, 0x00, 0x00, 0x03, 0x00, 0x00, 0x00, 0x05, 0x00, 0x00, 0x00, 0x01, 0x00, 0x00, 0x00
.byte 0x00, 0x00, 0x00, 0x00, 0x00, 0x00, 0x00, 0x00, 0x00, 0x00, 0x00, 0x00, 0x00, 0x00, 0x00, 0x00
.byte 0x00, 0x00, 0x00, 0x00, 0x00, 0x00, 0x00, 0x00, 0x00, 0x00, 0x00, 0x00, 0x00, 0x00, 0x00, 0x00
.byte 0x00, 0x00, 0x00, 0x00, 0x00, 0x00, 0x00, 0x00, 0x00, 0x00, 0x00, 0x00, 0x00, 0x00, 0x00, 0x00
.byte 0x00, 0x00, 0x00, 0x00, 0x00, 0x00, 0x00, 0x00, 0x00, 0x00, 0x00, 0x00, 0x00, 0x00, 0x00, 0x00
.byte 0x00, 0x00, 0x00, 0x00, 0x00, 0x00, 0x00, 0x00, 0x00, 0x00, 0x00, 0x00, 0x00, 0x00, 0x00, 0x00
.byte 0x00, 0x00, 0x00, 0x00, 0x00, 0x00, 0x00, 0x00, 0x00, 0x00, 0x00, 0x00, 0x00, 0x00, 0x00, 0x00
.byte 0x00, 0x00, 0x00, 0x00, 0x00, 0x00, 0x00, 0x00, 0x00, 0x00, 0x00, 0x00, 0x00, 0x00, 0x00, 0x00
.byte 0x00, 0x00, 0x00, 0x00, 0x00, 0x00, 0x00, 0x00, 0x00, 0x00, 0x00, 0x00, 0x00, 0x00, 0x00, 0x00

