/* SPDX-License-Identifier: GPL-2.0-or-later */
/*
 * Reconstructed from dramc_pi_basic_api.o.
 * This file preserves section bytes, symbols and ELF relocations.
 * Replace raw encodings with equivalent mnemonics as they are audited.
 */

.section .text,"ax",@progbits
.balign 16
.set mips16
.set __recon_dramc_pi_basic_api_1_start, .
.globl v4bitPinmuxEnableVerify
.type v4bitPinmuxEnableVerify, @function
v4bitPinmuxEnableVerify:
.insn
.byte 0xa0, 0xe8, 0x00, 0x65
.globl DdrUpdateACTimingReg
.type DdrUpdateACTimingReg, @function
DdrUpdateACTimingReg:
.insn
.byte 0x20, 0xe8, 0x00, 0x6a
.globl Set_MRR_Pinmux_Mapping
.type Set_MRR_Pinmux_Mapping, @function
Set_MRR_Pinmux_Mapping:
.insn
.byte 0xa0, 0xe8, 0x00, 0x65
.globl Global_Option_Init
.type Global_Option_Init, @function
Global_Option_Init:
.insn
.byte 0xe3, 0x64, 0x00, 0x18, 0x00, 0x00, 0x04, 0x67, 0x00, 0x18, 0x00, 0x00, 0x90, 0x67, 0x63, 0x64
.byte 0xa0, 0xe8, 0x00, 0x65
.globl SscEnable
.type SscEnable, @function
SscEnable:
.insn
.byte 0xc3, 0x64, 0x20, 0xf0, 0x59, 0xa4, 0x01, 0x72, 0x09, 0x61, 0x07, 0xb4, 0x00, 0x18, 0x00, 0x00
.byte 0x00, 0x65, 0x06, 0xb4, 0x04, 0x6d, 0x00, 0x18, 0x00, 0x00, 0xc5, 0x67, 0x43, 0x64, 0x20, 0xe8
.byte 0x00, 0x6a, 0x00, 0x65, 0x00, 0x00, 0x00, 0x00, 0x18, 0x00, 0x04, 0x00
.globl DDRPhyPLLSetting_EN7580
.type DDRPhyPLLSetting_EN7580, @function
DDRPhyPLLSetting_EN7580:
.insn
.byte 0x04, 0xf0, 0xf8, 0x64, 0x81, 0xf2, 0x1c, 0xb0, 0x81, 0xf2, 0x1c, 0xb4, 0x00, 0x6d, 0x00, 0x18
.byte 0x00, 0x00, 0xd0, 0x67, 0x81, 0xf2, 0x14, 0xb4, 0x00, 0x6d, 0x00, 0x18, 0x00, 0x00, 0xd0, 0x67
.byte 0x81, 0xf2, 0x0c, 0xb4, 0x00, 0x6d, 0x00, 0x18, 0x00, 0x00, 0xd0, 0x67, 0x81, 0xf2, 0x04, 0xb0
.byte 0x81, 0xf2, 0x04, 0xb4, 0x81, 0xf2, 0x04, 0xb6, 0x00, 0x18, 0x00, 0x00, 0xb0, 0x67, 0x81, 0xf2
.byte 0x00, 0xb1, 0x90, 0x67, 0x00, 0x6d, 0x00, 0x18, 0x00, 0x00, 0xd1, 0x67, 0x61, 0xf2, 0x14, 0xb4
.byte 0x00, 0x6d, 0x00, 0x18, 0x00, 0x00, 0xd1, 0x67, 0x61, 0xf2, 0x0c, 0xb0, 0x61, 0xf2, 0x0c, 0xb4
.byte 0x00, 0x6d, 0x00, 0x18, 0x00, 0x00, 0xd0, 0x67, 0x61, 0xf2, 0x04, 0xb1, 0x91, 0x67, 0x00, 0x6d
.byte 0x00, 0x18, 0x00, 0x00, 0xd0, 0x67, 0x91, 0x67, 0x00, 0x6d, 0x00, 0x18, 0x00, 0x00, 0x02, 0x6e
.byte 0x41, 0xf2, 0x08, 0xb4, 0x00, 0x6d, 0x00, 0x18, 0x00, 0x00, 0x02, 0x6e, 0x01, 0xf0, 0x00, 0x68
.byte 0x41, 0xf2, 0x00, 0xb4, 0x00, 0x6d, 0x00, 0x18, 0x00, 0x00, 0xd0, 0x67, 0x21, 0xf2, 0x18, 0xb4
.byte 0x00, 0x6d, 0x00, 0x18, 0x00, 0x00, 0xd0, 0x67, 0x21, 0xf2, 0x10, 0xb4, 0x00, 0x6d, 0x00, 0x18
.byte 0x00, 0x00, 0xd0, 0x67, 0x21, 0xf2, 0x08, 0xb4, 0x00, 0x6d, 0x00, 0x18, 0x00, 0x00, 0x08, 0x6e
.byte 0x21, 0xf2, 0x00, 0xb4, 0x00, 0x6d, 0x00, 0x18, 0x00, 0x00, 0x08, 0x6e, 0x01, 0xf2, 0x18, 0xb4
.byte 0x00, 0x6d, 0x00, 0x18, 0x00, 0x00, 0x08, 0x6e, 0x00, 0xf4, 0x00, 0x6e, 0x01, 0xf2, 0x0c, 0xb4
.byte 0x00, 0x18, 0x00, 0x00, 0xa6, 0x67, 0x01, 0xf2, 0x08, 0xb6, 0x01, 0xf2, 0x08, 0xb4, 0x00, 0x18
.byte 0x00, 0x00, 0xa6, 0x67, 0x01, 0xf2, 0x00, 0xb4, 0xff, 0xf7, 0x1f, 0x6e, 0x00, 0x18, 0x00, 0x00
.byte 0x01, 0x6d, 0x00, 0xf3, 0x00, 0x68, 0xe1, 0xf1, 0x14, 0xb4, 0x00, 0x6d, 0x00, 0x18, 0x00, 0x00
.byte 0xd0, 0x67, 0xe1, 0xf1, 0x0c, 0xb4, 0x00, 0x6d, 0x00, 0x18, 0x00, 0x00, 0xd0, 0x67, 0x10, 0x93
.byte 0x4c, 0x9b, 0x40, 0xf6, 0x00, 0x72, 0x08, 0x60, 0x40, 0xf7, 0x0a, 0x72, 0x60, 0x60, 0xa0, 0xf4
.byte 0x10, 0x72, 0xa0, 0xf0, 0x17, 0x60, 0x0c, 0x11, 0xc1, 0xf1, 0x08, 0xb4, 0x00, 0x18, 0x00, 0x00
.byte 0x00, 0x65, 0xc1, 0xf1, 0x04, 0xb0, 0xc1, 0xf1, 0x04, 0xb4, 0x01, 0x6d, 0x00, 0x18, 0x00, 0x00
.byte 0xd0, 0x67, 0xa1, 0xf1, 0x1c, 0xb4, 0x01, 0x6d, 0x00, 0x18, 0x00, 0x00, 0xd0, 0x67, 0xa1, 0xf1
.byte 0x14, 0xb0, 0xa1, 0xf1, 0x14, 0xb4, 0xb0, 0x67, 0x00, 0x18, 0x00, 0x00, 0xd0, 0x67, 0xa1, 0xf1
.byte 0x0c, 0xb4, 0x00, 0x6d, 0x00, 0x18, 0x00, 0x00, 0xd0, 0x67, 0xa1, 0xf1, 0x04, 0xb0, 0xa1, 0xf1
.byte 0x04, 0xb1, 0xa1, 0xf1, 0x04, 0xb4, 0xb0, 0x67, 0x00, 0x18, 0x00, 0x00, 0xd1, 0x67, 0x81, 0xf1
.byte 0x1c, 0xb4, 0xb0, 0x67, 0x00, 0x18, 0x00, 0x00, 0xd1, 0x67, 0x81, 0xf1, 0x14, 0xb0, 0xff, 0xf7
.byte 0x1e, 0x69, 0x2b, 0xe9, 0x81, 0xf1, 0x0c, 0xb4, 0xb0, 0x67, 0x00, 0x18, 0x00, 0x00, 0xd1, 0x67
.byte 0x81, 0xf1, 0x04, 0xb4, 0xb0, 0x67, 0x00, 0x18, 0x00, 0x00, 0xd1, 0x67, 0x61, 0xf1, 0x1c, 0xb0
.byte 0x61, 0xf1, 0x1c, 0xb4, 0x00, 0x18, 0x00, 0x00, 0xb0, 0x67, 0x61, 0xf1, 0x18, 0xb4, 0x00, 0x18
.byte 0x00, 0x00, 0xb0, 0x67, 0x21, 0xf1, 0x08, 0xb4, 0x80, 0x6d, 0x00, 0x18, 0x00, 0x00, 0xc5, 0x67
.byte 0x01, 0xf1, 0x18, 0xb4, 0x80, 0x6d, 0x00, 0x18, 0x00, 0x00, 0xc5, 0x67, 0xfe, 0x11, 0x41, 0xf1
.byte 0x18, 0xb4, 0x00, 0x18, 0x00, 0x00, 0x00, 0x65, 0x01, 0xf1, 0x0c, 0xb0, 0x01, 0xf1, 0x0c, 0xb4
.byte 0x00, 0x6d, 0x00, 0x18, 0x00, 0x00, 0xd0, 0x67, 0x01, 0xf1, 0x04, 0xb4, 0x00, 0x6d, 0x00, 0x18
.byte 0x00, 0x00, 0xd0, 0x67, 0xe1, 0xf0, 0x1c, 0xb0, 0xe1, 0xf0, 0x1c, 0xb4, 0xb0, 0x67, 0x00, 0x18
.byte 0x00, 0x00, 0xd0, 0x67, 0xe1, 0xf0, 0x14, 0xb4, 0x00, 0x6d, 0x00, 0x18, 0x00, 0x00, 0xd0, 0x67
.byte 0x01, 0xf1, 0x18, 0xb0, 0xe1, 0xf0, 0x0c, 0xb1, 0xe1, 0xf0, 0x0c, 0xb4, 0xb0, 0x67, 0x00, 0x18
.byte 0x00, 0x00, 0xd1, 0x67, 0xe1, 0xf0, 0x04, 0xb4, 0xb0, 0x67, 0x00, 0x18, 0x00, 0x00, 0xd1, 0x67
.byte 0xc1, 0xf0, 0x1c, 0xb0, 0xff, 0xf7, 0x1e, 0x69, 0x2b, 0xe9, 0xc1, 0xf0, 0x18, 0xb4, 0xb0, 0x67
.byte 0x00, 0x18, 0x00, 0x00, 0xd1, 0x67, 0xc1, 0xf0, 0x10, 0xb4, 0xb0, 0x67, 0x00, 0x18, 0x00, 0x00
.byte 0xd1, 0x67, 0xc1, 0xf0, 0x1c, 0xb0, 0xc1, 0xf0, 0x08, 0xb4, 0x00, 0x18, 0x00, 0x00, 0xb0, 0x67
.byte 0xc1, 0xf0, 0x00, 0xb4, 0x00, 0x18, 0x00, 0x00, 0xb0, 0x67, 0x61, 0xf0, 0x14, 0xb4, 0x80, 0x6d
.byte 0x00, 0x18, 0x00, 0x00, 0xc5, 0x67, 0x61, 0xf0, 0x04, 0xb4, 0x80, 0x6d, 0x00, 0x18, 0x00, 0x00
.byte 0xc5, 0x67, 0xa3, 0x11, 0x61, 0xf0, 0x00, 0xb0, 0x61, 0xf0, 0x00, 0xb4, 0x00, 0x6d, 0x00, 0x18
.byte 0x00, 0x00, 0xd0, 0x67, 0x41, 0xf0, 0x18, 0xb4, 0x00, 0x6d, 0x00, 0x18, 0x00, 0x00, 0xd0, 0x67
.byte 0x41, 0xf0, 0x10, 0xb0, 0x41, 0xf0, 0x10, 0xb4, 0x00, 0x6d, 0x00, 0x18, 0x00, 0x00, 0xd0, 0x67
.byte 0x41, 0xf0, 0x08, 0xb4, 0x00, 0x6d, 0x00, 0x18, 0x00, 0x00, 0xd0, 0x67, 0x61, 0xf0, 0x14, 0xb0
.byte 0x41, 0xf0, 0x00, 0xb1, 0x41, 0xf0, 0x00, 0xb4, 0xb0, 0x67, 0x00, 0x18, 0x00, 0x00, 0xd1, 0x67
.byte 0x21, 0xf0, 0x18, 0xb4, 0xb0, 0x67, 0x00, 0x18, 0x00, 0x00, 0xd1, 0x67, 0x21, 0xf0, 0x10, 0xb0
.byte 0xff, 0xf7, 0x1e, 0x69, 0x2b, 0xe9, 0x21, 0xf0, 0x0c, 0xb4, 0xb0, 0x67, 0x00, 0x18, 0x00, 0x00
.byte 0xd1, 0x67, 0x21, 0xf0, 0x04, 0xb4, 0xb0, 0x67, 0x00, 0x18, 0x00, 0x00, 0xd1, 0x67, 0x21, 0xf0
.byte 0x18, 0xb0, 0x01, 0xf0, 0x1c, 0xb4, 0x00, 0x18, 0x00, 0x00, 0xb0, 0x67, 0x01, 0xf0, 0x14, 0xb4
.byte 0x00, 0x18, 0x00, 0x00, 0xb0, 0x67, 0xc0, 0xf7, 0x08, 0xb4, 0x80, 0x6d, 0x00, 0x18, 0x00, 0x00
.byte 0xc5, 0x67, 0xa0, 0xf7, 0x18, 0xb4, 0x80, 0x6d, 0x00, 0x18, 0x00, 0x00, 0xc5, 0x67, 0x4d, 0x11
.byte 0x01, 0xf0, 0x08, 0xb4, 0x00, 0x18, 0x00, 0x00, 0x07, 0x69, 0xa0, 0xf7, 0x10, 0xb0, 0x00, 0x18
.byte 0x00, 0x00, 0x90, 0x67, 0xe0, 0xf7, 0x18, 0xb3, 0x6c, 0xea, 0x80, 0xf4, 0x42, 0x32, 0x05, 0xd2
.byte 0x00, 0x18, 0x00, 0x00, 0x90, 0x67, 0x80, 0xf7, 0x08, 0xb4, 0x00, 0x18, 0x00, 0x00, 0x4c, 0xe9
.byte 0x80, 0x68, 0x4c, 0xe8, 0x1e, 0x30, 0x06, 0xd0, 0x80, 0xf7, 0x08, 0xb0, 0x80, 0xf7, 0x08, 0xb4
.byte 0xb0, 0x67, 0x00, 0x18, 0x00, 0x00, 0xd0, 0x67, 0x80, 0xf7, 0x00, 0xb4, 0x00, 0x6d, 0x00, 0x18
.byte 0x00, 0x00, 0xd0, 0x67, 0x10, 0x93, 0x4c, 0x9b, 0x40, 0xf6, 0x00, 0x5a, 0x00, 0x6b, 0x08, 0xd3
.byte 0x05, 0x60, 0x44, 0x32, 0x10, 0x93, 0x4c, 0xdb, 0x01, 0x6a, 0x08, 0xd2, 0x10, 0x93, 0x0c, 0x9b
.byte 0x04, 0xe9, 0x81, 0xf6, 0x15, 0x58, 0x1b, 0x61, 0x80, 0xf7, 0x18, 0xb4, 0x00, 0x18, 0x00, 0x00
.byte 0x00, 0x65, 0x00, 0x18, 0x00, 0x00, 0x90, 0x67, 0x80, 0xf7, 0x0c, 0xb4, 0x00, 0x18, 0x00, 0x00
.byte 0x00, 0x65, 0x08, 0x21, 0xff, 0x49, 0x10, 0x92, 0x0c, 0x9a, 0x04, 0xe9, 0x81, 0xf6, 0x15, 0x58
.byte 0xeb, 0x60, 0x05, 0x10, 0x60, 0xf7, 0x14, 0xb4, 0x00, 0x18, 0x00, 0x00, 0x00, 0x65, 0x60, 0xf6
.byte 0x1c, 0x58, 0x1c, 0x60, 0x40, 0xf7, 0x1c, 0xb4, 0x00, 0x18, 0x00, 0x00, 0x00, 0x65, 0x00, 0x18
.byte 0x00, 0x00, 0x90, 0x67, 0x40, 0xf7, 0x18, 0xb4, 0x00, 0x18, 0x00, 0x00, 0x00, 0x65, 0x04, 0x59
.byte 0x08, 0x60, 0x01, 0x49, 0x10, 0x93, 0x0c, 0x9b, 0x04, 0xe9, 0x60, 0xf6, 0x1c, 0x58, 0xea, 0x61
.byte 0x05, 0x10, 0x20, 0xf7, 0x18, 0xb4, 0x00, 0x18, 0x00, 0x00, 0x00, 0x65, 0xc0, 0xf6, 0x0c, 0xb4
.byte 0xb1, 0x67, 0x00, 0x18, 0x00, 0x00, 0x07, 0x6e, 0x07, 0xd1, 0x19, 0x6a, 0x05, 0x93, 0x47, 0xeb
.byte 0x10, 0x93, 0x6c, 0x9b, 0x09, 0xd3, 0x5b, 0xeb, 0x01, 0x2a, 0xe5, 0xe8, 0x12, 0xea, 0x06, 0x93
.byte 0x46, 0xeb, 0x44, 0xe9, 0x04, 0xd2, 0x79, 0x5a, 0x52, 0x61, 0x00, 0xf7, 0x08, 0xb4, 0x00, 0x18
.byte 0x00, 0x00, 0x00, 0x65, 0x04, 0x94, 0x00, 0x18, 0x00, 0x00, 0x08, 0x6d, 0xe0, 0xf6, 0x18, 0xb4
.byte 0x00, 0x18, 0x00, 0x00, 0x00, 0x65, 0x05, 0x92, 0x03, 0x22, 0xff, 0x4a, 0x05, 0xd2, 0x0a, 0x10
.byte 0x06, 0x93, 0x06, 0x23, 0xe0, 0xf6, 0x04, 0xb4, 0x00, 0x18, 0x00, 0x00, 0x03, 0x68, 0x14, 0x10
.byte 0x01, 0x6a, 0x06, 0xd2, 0x19, 0x68, 0x05, 0x93, 0x07, 0xeb, 0x10, 0x92, 0x4c, 0x9a, 0x0a, 0xd2
.byte 0x1b, 0xea, 0x01, 0x28, 0xe5, 0xe8, 0x12, 0xe8, 0x06, 0x93, 0x06, 0xeb, 0x07, 0x92, 0x04, 0xea
.byte 0x04, 0xd0, 0x79, 0x58, 0xe0, 0x60, 0x03, 0x68, 0x05, 0x93, 0x6c, 0xe8, 0x80, 0xf4, 0x00, 0x30
.byte 0x07, 0x6a, 0x2c, 0xea, 0x4d, 0xe8, 0x20, 0xf6, 0x14, 0xb4, 0x20, 0xf6, 0x0c, 0xb6, 0x00, 0x18
.byte 0x00, 0x00, 0xb0, 0x67, 0x20, 0xf6, 0x08, 0xb4, 0x00, 0xf6, 0x1c, 0xb6, 0x00, 0x18, 0x00, 0x00
.byte 0xb0, 0x67, 0x06, 0x92, 0x5c, 0x30, 0x00, 0xf6, 0x08, 0xb4, 0xb0, 0x67, 0x00, 0x18, 0x00, 0x00
.byte 0x80, 0x6e, 0xe0, 0xf5, 0x18, 0xb4, 0xb0, 0x67, 0x00, 0x18, 0x00, 0x00, 0x80, 0x6e, 0x04, 0x93
.byte 0x0a, 0x5b, 0x54, 0x60, 0x40, 0xf6, 0x1c, 0xb4, 0x00, 0x18, 0x00, 0x00, 0x00, 0x65, 0x04, 0x94
.byte 0x00, 0x18, 0x00, 0x00, 0x08, 0x6d, 0x40, 0xf6, 0x18, 0xb4, 0x00, 0x18, 0x00, 0x00, 0x00, 0x65
.byte 0x05, 0x92, 0x02, 0x5a, 0x03, 0x60, 0x01, 0x4a, 0x05, 0xd2, 0x0b, 0x10, 0x06, 0x93, 0x03, 0x23
.byte 0xff, 0x4b, 0x06, 0xd3, 0x06, 0x10, 0x20, 0xf6, 0x14, 0xb4, 0x00, 0x18, 0x00, 0x00, 0x03, 0x68
.byte 0x12, 0x10, 0x19, 0x68, 0x05, 0x92, 0x07, 0xea, 0x10, 0x93, 0x6c, 0x9b, 0x0b, 0xd3, 0x1b, 0xeb
.byte 0x01, 0x28, 0xe5, 0xe8, 0x12, 0xe8, 0x06, 0x93, 0x06, 0xeb, 0x07, 0x92, 0x04, 0xea, 0x04, 0xd0
.byte 0x0a, 0x58, 0xde, 0x61, 0x03, 0x68, 0x05, 0x93, 0x6c, 0xe8, 0x80, 0xf4, 0x00, 0x30, 0x07, 0x6a
.byte 0x4c, 0xe9, 0x2d, 0xe8, 0x80, 0xf5, 0x00, 0xb1, 0x80, 0xf5, 0x00, 0xb4, 0xb0, 0x67, 0x00, 0x18
.byte 0x00, 0x00, 0xd1, 0x67, 0x60, 0xf5, 0x18, 0xb4, 0xb0, 0x67, 0x00, 0x18, 0x00, 0x00, 0xd1, 0x67
.byte 0x06, 0x92, 0x5c, 0x30, 0x40, 0xf5, 0x18, 0xb4, 0xb0, 0x67, 0x00, 0x18, 0x00, 0x00, 0x80, 0x6e
.byte 0x40, 0xf5, 0x08, 0xb4, 0xb0, 0x67, 0x00, 0x18, 0x00, 0x00, 0x80, 0x6e, 0x04, 0x93, 0x00, 0xf6
.byte 0x60, 0x30, 0x60, 0xf5, 0x00, 0xb1, 0x60, 0xf5, 0x00, 0xb4, 0xb0, 0x67, 0x00, 0x18, 0x00, 0x00
.byte 0xd1, 0x67, 0x40, 0xf5, 0x18, 0xb4, 0xb0, 0x67, 0x00, 0x18, 0x00, 0x00, 0xd1, 0x67, 0x08, 0x92
.byte 0x04, 0x22, 0x10, 0x93, 0x4c, 0x9b, 0x46, 0x32, 0x4c, 0xdb, 0x00, 0x18, 0x00, 0x00, 0x01, 0x6c
.byte 0x80, 0xf5, 0x10, 0xb4, 0x00, 0x6d, 0x00, 0x18, 0x00, 0x00, 0x01, 0x6e, 0xe0, 0xf4, 0x00, 0xb4
.byte 0x04, 0x6d, 0x00, 0x18, 0x00, 0x00, 0x05, 0x6e, 0xc0, 0xf4, 0x18, 0xb4, 0x01, 0x6d, 0x00, 0x18
.byte 0x00, 0x00, 0x05, 0x6e, 0xc0, 0xf4, 0x10, 0xb4, 0x01, 0x6d, 0x00, 0x18, 0x00, 0x00, 0x05, 0x6e
.byte 0x60, 0xf5, 0x04, 0xb0, 0xa0, 0xf4, 0x0c, 0xb4, 0x60, 0xf5, 0x00, 0xb5, 0x00, 0x18, 0x00, 0x00
.byte 0xd0, 0x67, 0x40, 0xf5, 0x1c, 0xb1, 0xa0, 0xf4, 0x00, 0xb4, 0xb1, 0x67, 0x00, 0x18, 0x00, 0x00
.byte 0xd0, 0x67, 0x80, 0xf4, 0x18, 0xb4, 0xb1, 0x67, 0x00, 0x18, 0x00, 0x00, 0xd0, 0x67, 0x40, 0xf5
.byte 0x04, 0xb6, 0xa0, 0xf4, 0x00, 0xb4, 0x00, 0x18, 0x00, 0x00, 0xa6, 0x67, 0x20, 0xf5, 0x18, 0xb6
.byte 0x20, 0xf5, 0x18, 0xb4, 0x00, 0x18, 0x00, 0x00, 0xa6, 0x67, 0x20, 0xf5, 0x14, 0xb6, 0x60, 0xf4
.byte 0x1c, 0xb4, 0x00, 0x18, 0x00, 0x00, 0xa6, 0x67, 0x40, 0xf4, 0x04, 0xb0, 0x40, 0xf4, 0x04, 0xb4
.byte 0xb0, 0x67, 0x00, 0x18, 0x00, 0x00, 0xd0, 0x67, 0x20, 0xf4, 0x08, 0xb4, 0x00, 0x6d, 0x00, 0x18
.byte 0x00, 0x00, 0xd0, 0x67, 0x00, 0x18, 0x00, 0x00, 0x1f, 0x6c, 0x00, 0x18, 0x00, 0x00, 0x10, 0x94
.byte 0x00, 0xf5, 0x00, 0xb1, 0x60, 0xf4, 0x0c, 0xb0, 0x91, 0x67, 0xb0, 0x67, 0x00, 0x18, 0x00, 0x00
.byte 0xd0, 0x67, 0xe0, 0xf4, 0x14, 0xb4, 0xb0, 0x67, 0x00, 0x18, 0x00, 0x00, 0xd0, 0x67, 0xe0, 0xf4
.byte 0x0c, 0xb4, 0x0d, 0x6d, 0x00, 0x18, 0x00, 0x00, 0x3f, 0x6e, 0xe0, 0xf4, 0x04, 0xb4, 0x0d, 0x6d
.byte 0x00, 0x18, 0x00, 0x00, 0x3f, 0x6e, 0x01, 0xf5, 0x00, 0x68, 0x91, 0x67, 0x07, 0xf7, 0x00, 0x6e
.byte 0x00, 0x18, 0x00, 0x00, 0xb0, 0x67, 0xc0, 0xf4, 0x00, 0xb4, 0x07, 0xf7, 0x00, 0x6e, 0x00, 0x18
.byte 0x00, 0x00, 0xb0, 0x67, 0xa0, 0xf4, 0x1c, 0xb0, 0x91, 0x67, 0x00, 0x6d, 0x00, 0x18, 0x00, 0x00
.byte 0xd0, 0x67, 0xa0, 0xf4, 0x04, 0xb4, 0x00, 0x6d, 0x00, 0x18, 0x00, 0x00, 0xd0, 0x67, 0xa0, 0xf4
.byte 0x08, 0xb6, 0xe9, 0xb4, 0x00, 0x18, 0x00, 0x00, 0xa6, 0x67, 0xf1, 0xb4, 0x08, 0x6d, 0x00, 0x18
.byte 0x00, 0x00, 0xc5, 0x67, 0xef, 0xb4, 0x08, 0x6d, 0x00, 0x18, 0x00, 0x00, 0xc5, 0x67, 0xee, 0xb4
.byte 0x08, 0x6d, 0x00, 0x18, 0x00, 0x00, 0xc5, 0x67, 0x00, 0x18, 0x00, 0x00, 0x01, 0x6c, 0x10, 0x93
.byte 0x4c, 0x9b, 0x40, 0xf6, 0x00, 0x5a, 0x49, 0x60, 0x60, 0xf4, 0x10, 0xb1, 0xdf, 0xb4, 0x60, 0xf4
.byte 0x10, 0xb6, 0x00, 0x18, 0x00, 0x00, 0xb1, 0x67, 0x60, 0xf4, 0x08, 0xb4, 0x60, 0xf4, 0x08, 0xb5
.byte 0x60, 0xf4, 0x08, 0xb6, 0x00, 0x18, 0x00, 0x00, 0x00, 0x65, 0x60, 0xf4, 0x04, 0xb0, 0xcf, 0xb4
.byte 0x00, 0x6d, 0x00, 0x18, 0x00, 0x00, 0xd0, 0x67, 0xcd, 0xb4, 0x00, 0x6d, 0x00, 0x18, 0x00, 0x00
.byte 0xd0, 0x67, 0xd3, 0xb4, 0x20, 0xf4, 0x18, 0xb6, 0x00, 0x18, 0x00, 0x00, 0xb1, 0x67, 0x40, 0xf4
.byte 0x04, 0xb4, 0x20, 0xf4, 0x14, 0xb5, 0x20, 0xf4, 0x14, 0xb6, 0x00, 0x18, 0x00, 0x00, 0x00, 0x65
.byte 0xc1, 0xb4, 0x00, 0x6d, 0x00, 0x18, 0x00, 0x00, 0xd0, 0x67, 0x10, 0xf0, 0x00, 0x6e, 0x20, 0xf4
.byte 0x08, 0xb4, 0x00, 0x18, 0x00, 0x00, 0xa6, 0x67, 0x20, 0xf4, 0x00, 0xb4, 0x20, 0x6d, 0x00, 0x18
.byte 0x00, 0x00, 0xc5, 0x67, 0xc2, 0xb4, 0x00, 0x6d, 0x00, 0x18, 0x00, 0x00, 0x02, 0x6e, 0xbf, 0xb4
.byte 0x00, 0x6d, 0x00, 0x18, 0x00, 0x00, 0x02, 0x6e, 0x42, 0x10, 0x00, 0xf4, 0x04, 0xb1, 0xbb, 0xb4
.byte 0xf7, 0xb6, 0x00, 0x18, 0x00, 0x00, 0xb1, 0x67, 0xf6, 0xb4, 0x10, 0xf7, 0x00, 0x6d, 0xf7, 0xb6
.byte 0x00, 0x18, 0x00, 0x00, 0x00, 0x65, 0xf6, 0xb0, 0xac, 0xb4, 0x00, 0x6d, 0x00, 0x18, 0x00, 0x00
.byte 0xd0, 0x67, 0xab, 0xb4, 0x00, 0x6d, 0x00, 0x18, 0x00, 0x00, 0xd0, 0x67, 0xb0, 0xb4, 0xec, 0xb6
.byte 0x00, 0x18, 0x00, 0x00, 0xb1, 0x67, 0xef, 0xb4, 0x10, 0xf7, 0x00, 0x6d, 0xeb, 0xb6, 0x00, 0x18
.byte 0x00, 0x00, 0x00, 0x65, 0xa0, 0xb4, 0x00, 0x6d, 0x00, 0x18, 0x00, 0x00, 0xd0, 0x67, 0x10, 0xf0
.byte 0x00, 0x6e, 0xe9, 0xb4, 0x00, 0x18, 0x00, 0x00, 0xa6, 0x67, 0xe8, 0xb4, 0x20, 0x6d, 0x00, 0x18
.byte 0x00, 0x00, 0xc5, 0x67, 0xa2, 0xb4, 0x02, 0x6d, 0x00, 0x18, 0x00, 0x00, 0xc5, 0x67, 0x00, 0x18
.byte 0x00, 0x00, 0x01, 0x6c, 0x9d, 0xb4, 0x02, 0x6d, 0x00, 0x18, 0x00, 0x00, 0xc5, 0x67, 0xe1, 0xb4
.byte 0xe1, 0xb6, 0x00, 0x18, 0x00, 0x00, 0x00, 0x6d, 0xe0, 0xb0, 0xe1, 0xb4, 0x00, 0x6d, 0x00, 0x18
.byte 0x00, 0x00, 0xd0, 0x67, 0xdf, 0xb4, 0x00, 0x6d, 0x00, 0x18, 0x00, 0x00, 0xd0, 0x67, 0xde, 0xb4
.byte 0xde, 0xb5, 0xdf, 0xb6, 0x00, 0x18, 0x00, 0x00, 0x00, 0x65, 0xde, 0xb1, 0xde, 0xb4, 0xdf, 0xb6
.byte 0x00, 0x18, 0x00, 0x00, 0xb1, 0x67, 0xde, 0xb4, 0xdc, 0xb6, 0x00, 0x18, 0x00, 0x00, 0xb1, 0x67
.byte 0xdc, 0xb4, 0xdd, 0xb5, 0xd0, 0xb6, 0x00, 0x18, 0x00, 0x00, 0x00, 0x65, 0xdb, 0xb1, 0xdc, 0xb4
.byte 0xb1, 0x67, 0x00, 0x18, 0x00, 0x00, 0xd0, 0x67, 0xda, 0xb4, 0xb1, 0x67, 0x00, 0x18, 0x00, 0x00
.byte 0xd0, 0x67, 0xc6, 0xb4, 0x80, 0xf1, 0x00, 0x6d, 0xcf, 0xf7, 0x00, 0x6e, 0x00, 0x18, 0x00, 0x00
.byte 0x00, 0x65, 0xc1, 0xb4, 0xd4, 0xb5, 0xd5, 0xb6, 0x00, 0x18, 0x00, 0x00, 0x00, 0x65, 0xd4, 0xb4
.byte 0x00, 0x6d, 0x00, 0x18, 0x00, 0x00, 0x06, 0x6e, 0xae, 0xb4, 0x00, 0x6d, 0x00, 0x18, 0x00, 0x00
.byte 0x06, 0x6e, 0xd0, 0xb0, 0xd0, 0xb4, 0x00, 0x6d, 0x00, 0x18, 0x00, 0x00, 0xd0, 0x67, 0xcf, 0xb4
.byte 0x00, 0x6d, 0x00, 0x18, 0x00, 0x00, 0xd0, 0x67, 0xcd, 0xb4, 0x00, 0x6d, 0x00, 0x18, 0x00, 0x00
.byte 0xd0, 0x67, 0x73, 0xb4, 0x00, 0x6d, 0x00, 0x18, 0x00, 0x00, 0x30, 0x6e, 0x71, 0xb4, 0x00, 0x6d
.byte 0x00, 0x18, 0x00, 0x00, 0x30, 0x6e, 0x70, 0xb4, 0x00, 0x6d, 0x00, 0x18, 0x00, 0x00, 0x30, 0x6e
.byte 0x00, 0xf4, 0x0c, 0x68, 0x00, 0xf4, 0x0e, 0x69, 0xc2, 0xb4, 0xb0, 0x67, 0x00, 0x18, 0x00, 0x00
.byte 0xd1, 0x67, 0xc1, 0xb4, 0xb0, 0x67, 0x00, 0x18, 0x00, 0x00, 0xd1, 0x67, 0xbf, 0xb4, 0xc0, 0xb5
.byte 0xc0, 0xb6, 0x00, 0x18, 0x00, 0x00, 0x00, 0x65, 0xbf, 0xb4, 0xc0, 0xb5, 0x00, 0x18, 0x00, 0x00
.byte 0x00, 0x65, 0xbf, 0xb4, 0xbf, 0xb5, 0xc0, 0xb6, 0x00, 0x18, 0x00, 0x00, 0x00, 0x65, 0xbf, 0xb0
.byte 0x62, 0xb4, 0x00, 0x6d, 0x00, 0x18, 0x00, 0x00, 0xd0, 0x67, 0x61, 0xb4, 0x00, 0x6d, 0x00, 0x18
.byte 0x00, 0x00, 0xd0, 0x67, 0x4e, 0xb0, 0x68, 0xb4, 0xb0, 0x67, 0x00, 0x18, 0x00, 0x00, 0xd0, 0x67
.byte 0x66, 0xb4, 0xb0, 0x67, 0x00, 0x18, 0x00, 0x00, 0xd0, 0x67, 0x00, 0x18, 0x00, 0x00, 0x01, 0x6c
.byte 0x4f, 0xb4, 0x04, 0x6d, 0x00, 0x18, 0x00, 0x00, 0xc5, 0x67, 0x4e, 0xb4, 0x01, 0x6d, 0x00, 0x18
.byte 0x00, 0x00, 0xc5, 0x67, 0x4c, 0xb4, 0x01, 0x6d, 0x00, 0x18, 0x00, 0x00, 0xc5, 0x67, 0x00, 0x18
.byte 0x00, 0x00, 0x01, 0x6c, 0xaa, 0xb4, 0x02, 0x6d, 0x00, 0x18, 0x00, 0x00, 0xc5, 0x67, 0xa9, 0xb4
.byte 0x02, 0x6d, 0x00, 0x18, 0x00, 0x00, 0xc5, 0x67, 0xa7, 0xb0, 0x32, 0xb1, 0x32, 0xb4, 0xb0, 0x67
.byte 0x00, 0x18, 0x00, 0x00, 0xd1, 0x67, 0x31, 0xb4, 0xb0, 0x67, 0x00, 0x18, 0x00, 0x00, 0xd1, 0x67
.byte 0x2f, 0xb4, 0xb0, 0x67, 0x00, 0x18, 0x00, 0x00, 0xd1, 0x67, 0x00, 0x18, 0x00, 0x00, 0x01, 0x6c
.byte 0x3a, 0xb0, 0x90, 0x67, 0x00, 0xf4, 0x00, 0x6e, 0x00, 0x18, 0x00, 0x00, 0x00, 0x6d, 0x39, 0xb1
.byte 0x91, 0x67, 0x37, 0xb6, 0x00, 0x18, 0x00, 0x00, 0x00, 0x6d, 0x95, 0xb4, 0x00, 0x6d, 0x00, 0x18
.byte 0x00, 0x00, 0x02, 0x6e, 0x93, 0xb4, 0x00, 0x6d, 0x00, 0x18, 0x00, 0x00, 0x02, 0x6e, 0x21, 0xb4
.byte 0x38, 0xb6, 0x00, 0x18, 0x00, 0x00, 0x00, 0x6d, 0x90, 0x67, 0x59, 0xb6, 0x00, 0x18, 0x00, 0x00
.byte 0x00, 0x6d, 0x91, 0x67, 0x53, 0xb6, 0x00, 0x18, 0x00, 0x00, 0x00, 0x6d, 0x53, 0xb4, 0x52, 0xb6
.byte 0x00, 0x18, 0x00, 0x00, 0x00, 0x6d, 0x00, 0x18, 0x00, 0x00, 0x01, 0x6c, 0x87, 0xb4, 0x00, 0xf2
.byte 0x1f, 0x6d, 0x00, 0x18, 0x00, 0x00, 0x00, 0x65, 0x01, 0xf0, 0x00, 0x68, 0xe1, 0xf0, 0x10, 0x69
.byte 0x18, 0xb4, 0xb0, 0x67, 0x00, 0x18, 0x00, 0x00, 0xd1, 0x67, 0x00, 0x18, 0x00, 0x00, 0x01, 0x6c
.byte 0x15, 0xb4, 0xb0, 0x67, 0x00, 0x18, 0x00, 0x00, 0xd1, 0x67, 0x14, 0xb4, 0xb0, 0x67, 0x00, 0x18
.byte 0x00, 0x00, 0xd1, 0x67, 0x00, 0x18, 0x00, 0x00, 0x01, 0x6c, 0x78, 0x64, 0xa0, 0xe8, 0x00, 0x65
.byte 0x00, 0x00, 0x00, 0x0c, 0x18, 0x0d, 0x04, 0x00, 0x18, 0x0c, 0x04, 0x00, 0x98, 0x0c, 0x04, 0x00
.byte 0x00, 0x00, 0x04, 0x00, 0x0c, 0x00, 0x04, 0x00, 0x00, 0x00, 0x0d, 0x00, 0x00, 0x00, 0x00, 0x80
.byte 0x04, 0x00, 0x04, 0x00, 0x00, 0x00, 0x00, 0x04, 0xc0, 0x00, 0x04, 0x00, 0xc0, 0x00, 0x05, 0x00
.byte 0x94, 0x01, 0x04, 0x00, 0x94, 0x00, 0x04, 0x00, 0x14, 0x01, 0x04, 0x00, 0x80, 0x01, 0x04, 0x00
.byte 0x80, 0x00, 0x04, 0x00, 0x00, 0x01, 0x04, 0x00, 0x88, 0x01, 0x04, 0x00, 0x00, 0x04, 0x02, 0x00
.byte 0x88, 0x00, 0x04, 0x00, 0x80, 0x0d, 0x04, 0x00, 0xa4, 0x0d, 0x04, 0x00, 0xac, 0x0d, 0x04, 0x00
.byte 0x0c, 0x00, 0x00, 0x00, 0x07, 0x00, 0x0c, 0x00, 0xa8, 0x0d, 0x04, 0x00, 0xa0, 0x0d, 0x04, 0x00
.byte 0x00, 0x00, 0x01, 0x00, 0x98, 0x0d, 0x04, 0x00, 0x90, 0x0d, 0x04, 0x00, 0x00, 0x00, 0x00, 0x40
.byte 0xff, 0xff, 0xff, 0x7f, 0x9c, 0x0d, 0x04, 0x00, 0x94, 0x0d, 0x04, 0x00, 0x02, 0x00, 0xa1, 0x01
.byte 0x18, 0x00, 0x04, 0x00, 0x10, 0x00, 0x04, 0x00, 0x25, 0x03, 0x25, 0x03, 0x1c, 0x00, 0x04, 0x00
.byte 0x14, 0x00, 0x04, 0x00, 0x28, 0x00, 0x00, 0x00, 0x00, 0x00, 0x00, 0x25, 0xa3, 0x03, 0xa3, 0x03
.byte 0x00, 0x00, 0x00, 0x30, 0xd2, 0x01, 0xd2, 0x01, 0x44, 0x00, 0x00, 0x00, 0x00, 0x00, 0x0c, 0x00
.byte 0x58, 0x00, 0x00, 0x00, 0x60, 0x00, 0x00, 0x00, 0x84, 0x00, 0x00, 0x00, 0x9c, 0x00, 0x00, 0x00
.byte 0xc0, 0x00, 0x00, 0x00, 0xcc, 0x00, 0x00, 0x00, 0xf0, 0x00, 0x00, 0x00, 0x04, 0x01, 0x00, 0x00
.byte 0x84, 0x0d, 0x04, 0x00, 0x0c, 0xf7, 0xff, 0xc6, 0x00, 0x86, 0x69, 0x00, 0x00, 0x86, 0x77, 0xc0
.byte 0x00, 0xec, 0x0a, 0x88, 0x00, 0xe8, 0x08, 0x88, 0x08, 0x01, 0x04, 0x00, 0x00, 0xac, 0x0b, 0x88
.byte 0xac, 0x00, 0x04, 0x00, 0x2c, 0x01, 0x04, 0x00, 0x14, 0x0c, 0x04, 0x00, 0x94, 0x0c, 0x04, 0x00
.byte 0x00, 0x00, 0x02, 0x00, 0x00, 0x00, 0x6d, 0x00, 0xa0, 0x0f, 0x00, 0x08, 0xf9, 0x0f, 0x00, 0x0c
.byte 0xbc, 0x00, 0x04, 0x00, 0x00, 0x87, 0x30, 0x20, 0xff, 0xff, 0x3f, 0xff, 0x00, 0x00, 0x0f, 0x00
.byte 0xbc, 0x00, 0x05, 0x00, 0xc4, 0x00, 0x04, 0x00, 0xc8, 0x00, 0x04, 0x00, 0xe0, 0x00, 0x00, 0x04
.byte 0x90, 0x01, 0x04, 0x00, 0x00, 0xa8, 0x0b, 0x00, 0x00, 0xe8, 0x0a, 0x00, 0x90, 0x00, 0x04, 0x00
.byte 0x10, 0x01, 0x04, 0x00, 0x84, 0x01, 0x04, 0x00, 0x00, 0xa8, 0x2b, 0x00, 0x00, 0xa8, 0x2b, 0x70
.byte 0x00, 0xe8, 0x2a, 0x00, 0x84, 0x00, 0x04, 0x00, 0x3f, 0xe8, 0x2a, 0x70, 0x04, 0x01, 0x04, 0x00
.byte 0x8c, 0x01, 0x04, 0x00, 0x00, 0xa0, 0x0b, 0x00, 0x00, 0xe8, 0x02, 0x00, 0x8c, 0x00, 0x04, 0x00
.byte 0x0c, 0x01, 0x04, 0x00, 0x00, 0x00, 0x0e, 0x00, 0x00, 0x00, 0xff, 0x1f, 0xac, 0x00, 0x05, 0x00
.byte 0x3f, 0x3f, 0x3f, 0x00, 0x10, 0x0d, 0x04, 0x00, 0x10, 0x0c, 0x04, 0x00, 0x90, 0x0c, 0x04, 0x00
.byte 0xa4, 0x00, 0x04, 0x00, 0x24, 0x01, 0x04, 0x00, 0xb8, 0x01, 0x04, 0x00, 0x01, 0x01, 0x04, 0x00
.byte 0x1f, 0x1f, 0x04, 0x00, 0x94, 0x02, 0x04, 0x00, 0x00, 0x00, 0x40, 0x13, 0x70, 0x02, 0x04, 0x00
.byte 0x09, 0x09, 0x05, 0x00, 0x0d, 0x0d, 0x0d, 0x00, 0x00, 0xb0, 0x01, 0x00, 0xa0, 0x02, 0x04, 0x00
.byte 0x00, 0x00, 0x03, 0x00, 0x00, 0x00, 0x00, 0x08, 0x84, 0x02, 0x04, 0x00
.globl TransferToSPMControl
.type TransferToSPMControl, @function
TransferToSPMControl:
.insn
.byte 0xa0, 0xe8, 0x00, 0x65
.globl Switch26MHzDisableDummyReadRefreshAllBank
.type Switch26MHzDisableDummyReadRefreshAllBank, @function
Switch26MHzDisableDummyReadRefreshAllBank:
.insn
.byte 0xa0, 0xe8, 0x00, 0x65
.globl EnableDramcPhyDCM
.type EnableDramcPhyDCM, @function
EnableDramcPhyDCM:
.insn
.byte 0xe3, 0x64, 0x11, 0xed, 0x12, 0x25, 0x12, 0xb4, 0x12, 0xb5, 0x13, 0xb6, 0x00, 0x18, 0x00, 0x00
.byte 0x00, 0x65, 0x12, 0xb0, 0x12, 0xb4, 0x13, 0xb6, 0x00, 0x18, 0x00, 0x00, 0xb0, 0x67, 0x12, 0xb4
.byte 0xb0, 0x67, 0x00, 0x18, 0x00, 0x00, 0xd0, 0x67, 0x0f, 0x10, 0x09, 0xb4, 0x0a, 0xb6, 0x00, 0x18
.byte 0x00, 0x00, 0x20, 0x6d, 0x0a, 0xb4, 0x0b, 0xb6, 0x00, 0x18, 0x00, 0x00, 0x00, 0x6d, 0x0a, 0xb4
.byte 0x06, 0xb6, 0x00, 0x18, 0x00, 0x00, 0x00, 0x6d, 0x63, 0x64, 0xa0, 0xe8, 0x38, 0x00, 0x03, 0x00
.byte 0x07, 0x00, 0x00, 0xc0, 0x27, 0x00, 0x00, 0xc0, 0x00, 0x00, 0x40, 0x00, 0xa8, 0x02, 0x04, 0x00
.byte 0x40, 0x00, 0x40, 0x00, 0xa8, 0x02, 0x05, 0x00
.globl HwSaveForSR
.type HwSaveForSR, @function
HwSaveForSR:
.insn
.byte 0xa0, 0xe8, 0x00, 0x65
.globl DramcRunTimeConfig
.type DramcRunTimeConfig, @function
DramcRunTimeConfig:
.insn
.byte 0xf4, 0x64, 0x24, 0x67, 0x0b, 0xb0, 0x0c, 0xb6, 0x90, 0x67, 0x00, 0x18, 0x00, 0x00, 0xa6, 0x67
.byte 0x91, 0x67, 0x00, 0x18, 0x00, 0x00, 0x01, 0x6d, 0x08, 0xb6, 0x90, 0x67, 0x00, 0x18, 0x00, 0x00
.byte 0xa6, 0x67, 0x07, 0xb4, 0x07, 0xb6, 0x00, 0x18, 0x00, 0x00, 0x00, 0x6d, 0x74, 0x64, 0xa0, 0xe8
.byte 0x64, 0x00, 0x03, 0x00, 0x00, 0x00, 0x00, 0x80, 0x00, 0x00, 0x00, 0x20, 0x4c, 0x00, 0x03, 0x00
.byte 0x00, 0x00, 0x04, 0x00
.globl DramcSetRankEngine2
.type DramcSetRankEngine2, @function
DramcSetRankEngine2:
.insn
.byte 0xf4, 0x64, 0x05, 0x67, 0x11, 0xe8, 0x0a, 0xb4, 0x02, 0x6d, 0x00, 0x18, 0x00, 0x00, 0xc5, 0x67
.byte 0x08, 0xb1, 0x91, 0x67, 0x08, 0xb6, 0x00, 0x18, 0x00, 0x00, 0x00, 0x6d, 0x00, 0xf6, 0x00, 0x35
.byte 0x06, 0xb6, 0x00, 0x18, 0x00, 0x00, 0x91, 0x67, 0x74, 0x64, 0xa0, 0xe8, 0x04, 0x00, 0x03, 0x00
.byte 0xa0, 0x00, 0x03, 0x00, 0x00, 0x00, 0x00, 0x70, 0x00, 0x00, 0x00, 0x03
.globl DramcEngine1
.type DramcEngine1, @function
DramcEngine1:
.insn
.byte 0x20, 0xe8, 0x00, 0x6a
.globl DramcEngine2Init
.type DramcEngine2Init, @function
DramcEngine2Init:
.insn
.byte 0x0c, 0xf0, 0xf5, 0x64, 0x25, 0x67, 0x11, 0xef, 0x04, 0xd7, 0x5d, 0x67, 0x20, 0xf0, 0x18, 0xa2
.byte 0x01, 0x6a, 0x70, 0x24, 0x10, 0x58, 0x6e, 0x60, 0x38, 0xb4, 0x00, 0x18, 0x00, 0x00, 0x00, 0x65
.byte 0x37, 0xb3, 0x40, 0xdb, 0x35, 0xb4, 0x37, 0xb6, 0x00, 0x18, 0x00, 0x00, 0x00, 0x6d, 0x36, 0xb4
.byte 0x02, 0xf0, 0x00, 0x6e, 0x00, 0x18, 0x00, 0x00, 0x00, 0x6d, 0x34, 0xb4, 0x34, 0xb6, 0x00, 0x18
.byte 0x00, 0x00, 0x00, 0x6d, 0x0c, 0x93, 0x00, 0xf6, 0x62, 0x32, 0x00, 0xf6, 0x22, 0x35, 0xa0, 0x35
.byte 0x30, 0xb4, 0xff, 0xf7, 0x1f, 0x6e, 0x00, 0x18, 0x00, 0x00, 0x4d, 0xed, 0x30, 0x35, 0x2e, 0xb1
.byte 0x2e, 0xb4, 0x00, 0x18, 0x00, 0x00, 0x2c, 0xed, 0x0c, 0x92, 0x50, 0x35, 0x2c, 0xb4, 0x00, 0x18
.byte 0x00, 0x00, 0x2c, 0xed, 0x04, 0x93, 0x02, 0x73, 0x1d, 0x61, 0x2a, 0xb1, 0x91, 0x67, 0x2a, 0xb6
.byte 0x00, 0x18, 0x00, 0x00, 0x00, 0x6d, 0x29, 0xb4, 0x00, 0x6d, 0x00, 0x18, 0x00, 0x00, 0x10, 0x6e
.byte 0x1e, 0xb4, 0x0f, 0x6d, 0x0c, 0xed, 0x00, 0x18, 0x00, 0x00, 0x8f, 0x6e, 0x24, 0xb5, 0x25, 0xb6
.byte 0x00, 0x18, 0x00, 0x00, 0x91, 0x67, 0x91, 0x67, 0x00, 0x6d, 0x00, 0x18, 0x00, 0x00, 0xc0, 0x6e
.byte 0x00, 0x6a, 0x20, 0x10, 0x04, 0x92, 0x01, 0x72, 0x11, 0x61, 0x1a, 0xb4, 0x1a, 0xf1, 0x0d, 0x6d
.byte 0x1d, 0xb6, 0x00, 0x18, 0x00, 0x00, 0x00, 0x65, 0x0f, 0x6d, 0x0c, 0xed, 0x0f, 0xb4, 0x80, 0x6a
.byte 0x4d, 0xed, 0x00, 0x18, 0x00, 0x00, 0x8f, 0x6e, 0x00, 0x6a, 0x0c, 0x10, 0x0b, 0xb4, 0x0f, 0x6d
.byte 0x0c, 0xed, 0x00, 0x18, 0x00, 0x00, 0x8f, 0x6e, 0x0e, 0xb4, 0x11, 0xb6, 0x00, 0x18, 0x00, 0x00
.byte 0x00, 0x6d, 0x00, 0x6a, 0x75, 0x64, 0xa0, 0xe8, 0xd0, 0x00, 0x03, 0x00, 0x00, 0x00, 0x00, 0x00
.byte 0xc0, 0x00, 0xf0, 0x00, 0x30, 0x00, 0x02, 0x00, 0x9c, 0x00, 0x03, 0x00, 0x00, 0x00, 0x00, 0xe0
.byte 0x90, 0x00, 0x03, 0x00, 0xff, 0xff, 0xff, 0x00, 0x94, 0x00, 0x03, 0x00, 0x98, 0x00, 0x03, 0x00
.byte 0xa0, 0x00, 0x03, 0x00, 0x00, 0x00, 0x02, 0x00, 0x0c, 0x00, 0x03, 0x00, 0x00, 0x00, 0x01, 0x00
.byte 0x00, 0xc0, 0x01, 0x00, 0x1f, 0xdf, 0x01, 0x00
.globl DramcEngine2Run
.type DramcEngine2Run, @function
DramcEngine2Run:
.insn
.byte 0xf4, 0x64, 0x11, 0xee, 0x01, 0x75, 0x11, 0x61, 0xff, 0x4e, 0x11, 0xee, 0x02, 0x5e, 0x06, 0x60
.byte 0x2f, 0xb4, 0x10, 0xf0, 0x00, 0x6e, 0x00, 0x18, 0x00, 0x00, 0x00, 0x6d, 0x2d, 0xb4, 0x2e, 0xb5
.byte 0x2e, 0xb6, 0x00, 0x18, 0x00, 0x00, 0x00, 0x68, 0x3a, 0x10, 0x2a, 0x2d, 0x29, 0xb4, 0x2c, 0xb5
.byte 0x2a, 0xb6, 0x00, 0x18, 0x00, 0x00, 0x00, 0x68, 0x0d, 0x10, 0x00, 0x18, 0x00, 0x00, 0x01, 0x6c
.byte 0x41, 0x40, 0xfd, 0x48, 0xff, 0xf7, 0x1d, 0x6b, 0x63, 0xe8, 0x02, 0x67, 0x03, 0x61, 0x25, 0xb3
.byte 0x43, 0xeb, 0x07, 0x61, 0x24, 0xb4, 0x00, 0x18, 0x00, 0x00, 0x00, 0x65, 0x01, 0x6b, 0x6c, 0xea
.byte 0xec, 0x22, 0x1c, 0xb0, 0x1d, 0xb1, 0x90, 0x67, 0x00, 0x6d, 0x00, 0x18, 0x00, 0x00, 0xd1, 0x67
.byte 0x00, 0x18, 0x00, 0x00, 0x01, 0x6c, 0x90, 0x67, 0x17, 0xb5, 0x00, 0x18, 0x00, 0x00, 0xd1, 0x67
.byte 0x00, 0x68, 0x0d, 0x10, 0x00, 0x18, 0x00, 0x00, 0x01, 0x6c, 0x41, 0x40, 0xfd, 0x48, 0xff, 0xf7
.byte 0x1d, 0x6b, 0x63, 0xe8, 0x02, 0x67, 0x03, 0x61, 0x12, 0xb3, 0x43, 0xeb, 0x07, 0x61, 0x12, 0xb4
.byte 0x00, 0x18, 0x00, 0x00, 0x00, 0x65, 0x01, 0x6b, 0x6c, 0xea, 0xec, 0x22, 0x00, 0x18, 0x00, 0x00
.byte 0x01, 0x6c, 0x0e, 0xb4, 0x00, 0x18, 0x00, 0x00, 0x00, 0x65, 0x02, 0x67, 0x05, 0xb4, 0x0c, 0xb6
.byte 0x00, 0x18, 0x00, 0x00, 0x00, 0x6d, 0x50, 0x67, 0x74, 0x64, 0xa0, 0xe8, 0xa0, 0x00, 0x03, 0x00
.byte 0x9c, 0x00, 0x03, 0x00, 0x00, 0x00, 0x00, 0x40, 0x00, 0x00, 0x00, 0xe0, 0x00, 0x00, 0x00, 0x80
.byte 0x00, 0x00, 0x01, 0x00, 0x20, 0x01, 0x02, 0x00, 0x24, 0x01, 0x02, 0x00, 0x00, 0x00, 0x00, 0xf0
.globl DramcEngine2End
.type DramcEngine2End, @function
DramcEngine2End:
.insn
.byte 0xc3, 0x64, 0x04, 0xb4, 0x04, 0xb2, 0x00, 0x18, 0x00, 0x00, 0xa0, 0x9a, 0x43, 0x64, 0xa0, 0xe8
.byte 0xd0, 0x00, 0x03, 0x00, 0x00, 0x00, 0x00, 0x00
.globl DramcEngine2
.type DramcEngine2, @function
DramcEngine2:
.insn
.byte 0x0e, 0xf0, 0xf6, 0x64, 0x44, 0x67, 0x26, 0x67, 0x7d, 0x67, 0x40, 0xf0, 0x60, 0xa3, 0x04, 0xd3
.byte 0x7d, 0x67, 0x40, 0xf0, 0x64, 0x8b, 0x05, 0xd3, 0x7d, 0x67, 0x40, 0xf0, 0x68, 0xa3, 0x06, 0xd3
.byte 0x7d, 0x67, 0x40, 0xf0, 0x0c, 0xa3, 0xe0, 0xf0, 0x12, 0x24, 0x10, 0x58, 0xe0, 0xf0, 0x12, 0x60
.byte 0x00, 0x18, 0x00, 0x00, 0xa4, 0xa2, 0x7e, 0xb4, 0x00, 0x18, 0x00, 0x00, 0x00, 0x65, 0x07, 0xd2
.byte 0x7b, 0xb4, 0x7c, 0xb6, 0x00, 0x18, 0x00, 0x00, 0x00, 0x6d, 0x7b, 0xb4, 0x02, 0xf0, 0x00, 0x6e
.byte 0x00, 0x18, 0x00, 0x00, 0x00, 0x6d, 0x79, 0xb4, 0x79, 0xb6, 0x00, 0x18, 0x00, 0x00, 0x00, 0x6d
.byte 0x05, 0x92, 0x00, 0x52, 0x16, 0x60, 0x01, 0x4a, 0x05, 0x2a, 0x06, 0x93, 0x12, 0x2b, 0x01, 0x68
.byte 0x0b, 0xe8, 0xd8, 0x10, 0x05, 0x92, 0x02, 0x4a, 0x05, 0x2a, 0x06, 0x92, 0x0a, 0x2a, 0x01, 0x68
.byte 0x0b, 0xe8, 0xd0, 0x10, 0x05, 0x92, 0x03, 0x4a, 0xc0, 0xf0, 0x07, 0x2a, 0x06, 0x93, 0xc0, 0xf0
.byte 0x07, 0x23, 0x0f, 0x92, 0x00, 0xf6, 0x42, 0x35, 0x00, 0xf6, 0x22, 0x32, 0x40, 0x32, 0x69, 0xb4
.byte 0xff, 0xf7, 0x1f, 0x6e, 0x00, 0x18, 0x00, 0x00, 0x4d, 0xed, 0x30, 0x35, 0x66, 0xb1, 0x67, 0xb4
.byte 0x00, 0x18, 0x00, 0x00, 0x2c, 0xed, 0x0f, 0x93, 0x70, 0x35, 0x65, 0xb4, 0x00, 0x18, 0x00, 0x00
.byte 0x2c, 0xed, 0x04, 0x92, 0x02, 0x72, 0x1c, 0x61, 0x62, 0xb1, 0x91, 0x67, 0x62, 0xb6, 0x00, 0x18
.byte 0x00, 0x00, 0x00, 0x6d, 0x61, 0xb4, 0x00, 0x6d, 0x00, 0x18, 0x00, 0x00, 0x10, 0x6e, 0x57, 0xb4
.byte 0x0f, 0x6d, 0x0c, 0xed, 0x00, 0x18, 0x00, 0x00, 0x8f, 0x6e, 0x5d, 0xb5, 0x5d, 0xb6, 0x00, 0x18
.byte 0x00, 0x00, 0x91, 0x67, 0x91, 0x67, 0x00, 0x6d, 0x00, 0x18, 0x00, 0x00, 0xc0, 0x6e, 0x1e, 0x10
.byte 0x04, 0x93, 0x01, 0x73, 0x10, 0x61, 0x53, 0xb4, 0x1a, 0xf1, 0x0d, 0x6d, 0x56, 0xb6, 0x00, 0x18
.byte 0x00, 0x00, 0x00, 0x65, 0x0f, 0x6d, 0x0c, 0xed, 0x48, 0xb4, 0x80, 0x6a, 0x4d, 0xed, 0x00, 0x18
.byte 0x00, 0x00, 0x8f, 0x6e, 0x0b, 0x10, 0x45, 0xb4, 0x0f, 0x6d, 0x0c, 0xed, 0x00, 0x18, 0x00, 0x00
.byte 0x8f, 0x6e, 0x48, 0xb4, 0x4a, 0xb6, 0x00, 0x18, 0x00, 0x00, 0x00, 0x6d, 0x0d, 0x92, 0x01, 0x72
.byte 0x12, 0x61, 0x04, 0x92, 0xff, 0x4a, 0x11, 0xea, 0x02, 0x5a, 0x06, 0x60, 0x41, 0xb4, 0x10, 0xf0
.byte 0x00, 0x6e, 0x00, 0x18, 0x00, 0x00, 0x00, 0x6d, 0x38, 0xb4, 0x44, 0xb5, 0x38, 0xb6, 0x00, 0x18
.byte 0x00, 0x00, 0x00, 0x68, 0x3b, 0x10, 0x0d, 0x93, 0x2a, 0x2b, 0x34, 0xb4, 0x40, 0xb5, 0x34, 0xb6
.byte 0x00, 0x18, 0x00, 0x00, 0x00, 0x68, 0x0d, 0x10, 0x00, 0x18, 0x00, 0x00, 0x01, 0x6c, 0x41, 0x40
.byte 0xfd, 0x48, 0xff, 0xf7, 0x1d, 0x6b, 0x63, 0xe8, 0x02, 0x67, 0x03, 0x61, 0x34, 0xb3, 0x43, 0xeb
.byte 0x07, 0x61, 0x38, 0xb4, 0x00, 0x18, 0x00, 0x00, 0x00, 0x65, 0x01, 0x6b, 0x6c, 0xea, 0xec, 0x22
.byte 0x26, 0xb0, 0x27, 0xb1, 0x90, 0x67, 0x00, 0x6d, 0x00, 0x18, 0x00, 0x00, 0xd1, 0x67, 0x00, 0x18
.byte 0x00, 0x00, 0x01, 0x6c, 0x90, 0x67, 0x2d, 0xb5, 0x00, 0x18, 0x00, 0x00, 0xd1, 0x67, 0x00, 0x68
.byte 0x0d, 0x10, 0x00, 0x18, 0x00, 0x00, 0x01, 0x6c, 0x41, 0x40, 0xfd, 0x48, 0xff, 0xf7, 0x1d, 0x6b
.byte 0x63, 0xe8, 0x02, 0x67, 0x03, 0x61, 0x22, 0xb3, 0x43, 0xeb, 0x07, 0x61, 0x25, 0xb4, 0x00, 0x18
.byte 0x00, 0x00, 0x00, 0x65, 0x01, 0x6b, 0x6c, 0xea, 0xec, 0x22, 0x00, 0x18, 0x00, 0x00, 0x01, 0x6c
.byte 0x21, 0xb4, 0x00, 0x18, 0x00, 0x00, 0x00, 0x65, 0x02, 0x67, 0x10, 0xb4, 0x10, 0xb6, 0x00, 0x18
.byte 0x00, 0x00, 0x00, 0x6d, 0x0a, 0xb4, 0x00, 0x18, 0x00, 0x00, 0x07, 0x95, 0x0b, 0x10, 0x01, 0x68
.byte 0x0b, 0xe8, 0x08, 0x10, 0x01, 0x68, 0x0b, 0xe8, 0x05, 0x10, 0x01, 0x68, 0x0b, 0xe8, 0x02, 0x10
.byte 0x01, 0x68, 0x0b, 0xe8, 0x50, 0x67, 0x76, 0x64, 0xa0, 0xe8, 0x00, 0x65, 0xd0, 0x00, 0x03, 0x00
.byte 0xc0, 0x00, 0xf0, 0x00, 0x30, 0x00, 0x02, 0x00, 0x9c, 0x00, 0x03, 0x00, 0x00, 0x00, 0x00, 0xe0
.byte 0x90, 0x00, 0x03, 0x00, 0xff, 0xff, 0xff, 0x00, 0x94, 0x00, 0x03, 0x00, 0x98, 0x00, 0x03, 0x00
.byte 0xa0, 0x00, 0x03, 0x00, 0x00, 0x00, 0x02, 0x00, 0x0c, 0x00, 0x03, 0x00, 0x00, 0x00, 0x01, 0x00
.byte 0x00, 0xc0, 0x01, 0x00, 0x1f, 0xdf, 0x01, 0x00, 0x00, 0x00, 0x00, 0x40, 0x00, 0x00, 0x00, 0x80
.byte 0x20, 0x01, 0x02, 0x00, 0x24, 0x01, 0x02, 0x00
.globl TestEngineCompare
.type TestEngineCompare, @function
TestEngineCompare:
.insn
.byte 0xf6, 0x64, 0x24, 0x67, 0x4b, 0x9c, 0x01, 0x72, 0x10, 0x61, 0x20, 0xf0, 0x58, 0xa4, 0x01, 0x72
.byte 0x54, 0x61, 0xc9, 0x9c, 0xea, 0x9c, 0x01, 0x6a, 0x04, 0xd2, 0x00, 0x6a, 0x05, 0xd2, 0x06, 0xd2
.byte 0x07, 0xd2, 0x00, 0x18, 0x00, 0x00, 0x01, 0x6d, 0x46, 0x10, 0x53, 0x22, 0x05, 0x72, 0x1c, 0x61
.byte 0x20, 0xf0, 0x58, 0xa4, 0x01, 0x72, 0x0c, 0x61, 0xc9, 0x9c, 0xea, 0x9c, 0x02, 0x6a, 0x04, 0xd2
.byte 0x00, 0x6a, 0x05, 0xd2, 0x06, 0xd2, 0x07, 0xd2, 0x00, 0x18, 0x00, 0x00, 0x01, 0x6d, 0x33, 0x10
.byte 0xc9, 0x9c, 0xea, 0x9c, 0x02, 0x6a, 0x04, 0xd2, 0x00, 0x6a, 0x05, 0xd2, 0x06, 0xd2, 0x07, 0xd2
.byte 0x00, 0x18, 0x00, 0x00, 0xa2, 0x67, 0x27, 0x10, 0x06, 0x72, 0x1a, 0x61, 0xc9, 0x9c, 0xea, 0x9c
.byte 0x01, 0x6a, 0x04, 0xd2, 0x00, 0x6a, 0x05, 0xd2, 0x06, 0xd2, 0x07, 0xd2, 0x00, 0x18, 0x00, 0x00
.byte 0xa2, 0x67, 0x02, 0x67, 0xc9, 0x99, 0xea, 0x99, 0x02, 0x6a, 0x04, 0xd2, 0x00, 0x6a, 0x05, 0xd2
.byte 0x06, 0xd2, 0x07, 0xd2, 0x91, 0x67, 0x00, 0x18, 0x00, 0x00, 0xa2, 0x67, 0x0d, 0xea, 0x0b, 0x10
.byte 0xc9, 0x9c, 0xea, 0x9c, 0x01, 0x6a, 0x04, 0xd2, 0x00, 0x6a, 0x05, 0xd2, 0x06, 0xd2, 0x07, 0xd2
.byte 0x00, 0x18, 0x00, 0x00, 0xa2, 0x67, 0x76, 0x64, 0xa0, 0xe8, 0xc9, 0x9c, 0xea, 0x9c, 0x01, 0x6a
.byte 0x04, 0xd2, 0x00, 0x6a, 0x05, 0xd2, 0x06, 0xd2, 0x07, 0xd2, 0x00, 0x18, 0x00, 0x00, 0xa2, 0x67
.byte 0xf2, 0x17, 0xc9, 0x9c, 0xea, 0x9c, 0x00, 0x6a, 0x04, 0xd2, 0x05, 0xd2, 0x06, 0xd2, 0x07, 0xd2
.byte 0x00, 0x18, 0x00, 0x00, 0xa2, 0x67, 0xe7, 0x17
.globl DramcModeRegWrite_PC3
.type DramcModeRegWrite_PC3, @function
DramcModeRegWrite_PC3:
.insn
.byte 0x0c, 0xf0, 0xf4, 0x64, 0x25, 0x67, 0x11, 0xe9, 0x1e, 0xb0, 0x40, 0xf5, 0x20, 0x35, 0x1e, 0xb6
.byte 0x00, 0x18, 0x00, 0x00, 0x90, 0x67, 0x90, 0x67, 0x0a, 0x92, 0x1c, 0xb6, 0x00, 0x18, 0x00, 0x00
.byte 0x40, 0x35, 0x1b, 0xb4, 0x01, 0x6d, 0x00, 0x18, 0x00, 0x00, 0xc5, 0x67, 0x19, 0xb4, 0x00, 0x18
.byte 0x00, 0x00, 0x00, 0x65, 0x03, 0x10, 0x00, 0x18, 0x00, 0x00, 0x01, 0x6c, 0x16, 0xb4, 0x00, 0x18
.byte 0x00, 0x00, 0x00, 0x65, 0x01, 0x6b, 0x6c, 0xea, 0xf6, 0x22, 0x14, 0xb4, 0x00, 0x18, 0x00, 0x00
.byte 0x00, 0x65, 0x00, 0x18, 0x00, 0x00, 0x91, 0x67, 0x11, 0xb4, 0x00, 0x18, 0x00, 0x00, 0x00, 0x65
.byte 0x0a, 0x94, 0x00, 0x18, 0x00, 0x00, 0x08, 0x6d, 0x0e, 0xb4, 0x00, 0x18, 0x00, 0x00, 0x00, 0x65
.byte 0x07, 0xb4, 0x00, 0x6d, 0x00, 0x18, 0x00, 0x00, 0x01, 0x6e, 0x74, 0x64, 0xa0, 0xe8, 0x00, 0x65
.byte 0x5c, 0x00, 0x03, 0x00, 0x00, 0x00, 0xe0, 0x00, 0x00, 0xff, 0x1f, 0x00, 0x60, 0x00, 0x03, 0x00
.byte 0x28, 0x01, 0x00, 0x00, 0x88, 0x00, 0x02, 0x00, 0x40, 0x01, 0x00, 0x00, 0x4c, 0x01, 0x00, 0x00
.byte 0x58, 0x01, 0x00, 0x00
.globl DramcModeRegWrite_PC4
.type DramcModeRegWrite_PC4, @function
DramcModeRegWrite_PC4:
.insn
.byte 0xf4, 0x64, 0x27, 0x67, 0x06, 0x67, 0x16, 0xb4, 0x80, 0xf7, 0xa0, 0x35, 0x15, 0xb6, 0x00, 0x18
.byte 0x00, 0x00, 0x11, 0xe8, 0x12, 0xb4, 0x40, 0xf5, 0x00, 0x35, 0x13, 0xb6, 0x00, 0x18, 0x00, 0x00
.byte 0x00, 0x65, 0x0f, 0xb4, 0x11, 0xb6, 0x00, 0x18, 0x00, 0x00, 0x20, 0x35, 0x10, 0xb4, 0x01, 0x6d
.byte 0x00, 0x18, 0x00, 0x00, 0xc5, 0x67, 0x03, 0x10, 0x00, 0x18, 0x00, 0x00, 0x01, 0x6c, 0x0d, 0xb4
.byte 0x00, 0x18, 0x00, 0x00, 0x00, 0x65, 0x01, 0x6b, 0x6c, 0xea, 0xf6, 0x22, 0x08, 0xb4, 0x00, 0x6d
.byte 0x00, 0x18, 0x00, 0x00, 0xc3, 0x67, 0x74, 0x64, 0xa0, 0xe8, 0x00, 0x65, 0x5c, 0x00, 0x03, 0x00
.byte 0x00, 0x00, 0x00, 0xc0, 0x00, 0x00, 0xe0, 0x00, 0x00, 0xff, 0x1f, 0x00, 0x60, 0x00, 0x03, 0x00
.byte 0x88, 0x00, 0x02, 0x00
.globl DramcInit
.type DramcInit, @function
DramcInit:
.insn
.byte 0xf4, 0x64, 0x04, 0x67, 0x00, 0x18, 0x00, 0x00, 0x01, 0x6c, 0xc3, 0xf7, 0x08, 0xb1, 0xc3, 0xf7
.byte 0x08, 0xb4, 0xb1, 0x67, 0x00, 0x18, 0x00, 0x00, 0xd1, 0x67, 0x00, 0x18, 0x00, 0x00, 0x01, 0x6c
.byte 0xa3, 0xf7, 0x14, 0xb4, 0x00, 0x6d, 0x00, 0x18, 0x00, 0x00, 0xd1, 0x67, 0xa3, 0xf7, 0x0c, 0xb4
.byte 0xa3, 0xf7, 0x0c, 0xb5, 0xa3, 0xf7, 0x0c, 0xb6, 0x00, 0x18, 0x00, 0x00, 0x00, 0x65, 0x01, 0xf6
.byte 0x00, 0x69, 0xa3, 0xf7, 0x04, 0xb4, 0x07, 0xf7, 0x00, 0x6e, 0x00, 0x18, 0x00, 0x00, 0xb1, 0x67
.byte 0x83, 0xf7, 0x18, 0xb4, 0x07, 0xf7, 0x00, 0x6e, 0x00, 0x18, 0x00, 0x00, 0xb1, 0x67, 0x83, 0xf7
.byte 0x10, 0xb4, 0x27, 0xf7, 0x1f, 0x6e, 0x00, 0x18, 0x00, 0x00, 0x0e, 0x6d, 0x83, 0xf7, 0x04, 0xb4
.byte 0x00, 0x18, 0x00, 0x00, 0x00, 0x6d, 0x01, 0x69, 0x2b, 0xe9, 0x63, 0xf7, 0x1c, 0xb4, 0x00, 0x18
.byte 0x00, 0x00, 0xb1, 0x67, 0x63, 0xf7, 0x14, 0xb4, 0x00, 0x18, 0x00, 0x00, 0xb1, 0x67, 0x63, 0xf7
.byte 0x10, 0xb1, 0x63, 0xf7, 0x10, 0xb4, 0x00, 0x18, 0x00, 0x00, 0xb1, 0x67, 0x63, 0xf7, 0x08, 0xb4
.byte 0x63, 0xf7, 0x08, 0xb5, 0x00, 0x18, 0x00, 0x00, 0x00, 0x65, 0x63, 0xf7, 0x04, 0xb4, 0x00, 0x18
.byte 0x00, 0x00, 0xb1, 0x67, 0x43, 0xf7, 0x1c, 0xb4, 0x43, 0xf7, 0x1c, 0xb5, 0x00, 0x18, 0x00, 0x00
.byte 0x00, 0x65, 0x42, 0x98, 0x05, 0x72, 0x0a, 0x61, 0x43, 0xf7, 0x10, 0xb4, 0x43, 0xf7, 0x10, 0xb5
.byte 0xff, 0xf7, 0x11, 0x6e, 0x00, 0x18, 0x00, 0x00, 0xcb, 0xee, 0x0a, 0x10, 0x04, 0x72, 0x08, 0x61
.byte 0x23, 0xf7, 0x18, 0xb4, 0x01, 0x6d, 0xff, 0xf7, 0x11, 0x6e, 0x00, 0x18, 0x00, 0x00, 0xcb, 0xee
.byte 0x23, 0xf7, 0x10, 0xb4, 0x21, 0x6d, 0x00, 0x18, 0x00, 0x00, 0x2f, 0x6e, 0x23, 0xf7, 0x08, 0xb4
.byte 0x01, 0x6d, 0x00, 0x18, 0x00, 0x00, 0x0f, 0x6e, 0x23, 0xf7, 0x00, 0xb4, 0x00, 0x18, 0x00, 0x00
.byte 0x07, 0x6d, 0x03, 0xf7, 0x1c, 0xb4, 0x00, 0x18, 0x00, 0x00, 0x07, 0x6d, 0x03, 0xf7, 0x14, 0xb4
.byte 0x00, 0x6d, 0x00, 0x18, 0x00, 0x00, 0x01, 0x6e, 0x03, 0xf7, 0x0c, 0xb4, 0x03, 0xf7, 0x0c, 0xb5
.byte 0x03, 0xf7, 0x0c, 0xb6, 0x00, 0x18, 0x00, 0x00, 0x00, 0x65, 0x03, 0xf7, 0x08, 0xb4, 0x03, 0xf7
.byte 0x08, 0xb5, 0x03, 0xf7, 0x08, 0xb6, 0x00, 0x18, 0x00, 0x00, 0x00, 0x65, 0x03, 0xf7, 0x00, 0xb1
.byte 0x03, 0xf7, 0x00, 0xb4, 0x03, 0xf7, 0x00, 0xb6, 0x00, 0x18, 0x00, 0x00, 0xb1, 0x67, 0xe3, 0xf6
.byte 0x1c, 0xb4, 0xe3, 0xf6, 0x14, 0xb6, 0x00, 0x18, 0x00, 0x00, 0xb1, 0x67, 0x00, 0x18, 0x00, 0x00
.byte 0x01, 0x6c, 0xe3, 0xf6, 0x0c, 0xb4, 0x10, 0x6d, 0x00, 0x18, 0x00, 0x00, 0xc5, 0x67, 0xe3, 0xf6
.byte 0x04, 0xb4, 0x10, 0x6d, 0x00, 0x18, 0x00, 0x00, 0xc5, 0x67, 0xc3, 0xf6, 0x1c, 0xb4, 0xc3, 0xf6
.byte 0x1c, 0xb5, 0x00, 0x18, 0x00, 0x00, 0x00, 0x65, 0xc3, 0xf6, 0x14, 0xb4, 0xc3, 0xf6, 0x14, 0xb5
.byte 0x00, 0x18, 0x00, 0x00, 0x00, 0x65, 0xc3, 0xf6, 0x10, 0xb4, 0x02, 0xf0, 0x10, 0x6d, 0x6f, 0xf7
.byte 0x1f, 0x6e, 0x00, 0x18, 0x00, 0x00, 0x00, 0x65, 0xc3, 0xf6, 0x00, 0xb4, 0xc3, 0xf6, 0x00, 0xb5
.byte 0xc3, 0xf6, 0x00, 0xb6, 0x00, 0x18, 0x00, 0x00, 0x00, 0x65, 0xa3, 0xf6, 0x1c, 0xb4, 0xa3, 0xf6
.byte 0x1c, 0xb5, 0xa3, 0xf6, 0x1c, 0xb6, 0x00, 0x18, 0x00, 0x00, 0x00, 0x65, 0xa3, 0xf6, 0x14, 0xb1
.byte 0x83, 0xf6, 0x18, 0xb4, 0xb1, 0x67, 0x00, 0x18, 0x00, 0x00, 0xd1, 0x67, 0xa3, 0xf6, 0x08, 0xb4
.byte 0x02, 0xf0, 0x10, 0x6d, 0x6f, 0xf7, 0x1f, 0x6e, 0x00, 0x18, 0x00, 0x00, 0x00, 0x65, 0x83, 0xf6
.byte 0x1c, 0xb4, 0x63, 0xf6, 0x1c, 0xb5, 0x63, 0xf6, 0x1c, 0xb6, 0x00, 0x18, 0x00, 0x00, 0x00, 0x65
.byte 0x83, 0xf6, 0x0c, 0xb4, 0x63, 0xf6, 0x14, 0xb5, 0x63, 0xf6, 0x14, 0xb6, 0x00, 0x18, 0x00, 0x00
.byte 0x00, 0x65, 0x63, 0xf6, 0x18, 0xb4, 0xb1, 0x67, 0x00, 0x18, 0x00, 0x00, 0xd1, 0x67, 0x23, 0xf6
.byte 0x10, 0xb4, 0x08, 0x6d, 0x00, 0x18, 0x00, 0x00, 0xc5, 0x67, 0x23, 0xf6, 0x08, 0xb4, 0x08, 0x6d
.byte 0x00, 0x18, 0x00, 0x00, 0xc5, 0x67, 0x43, 0xf6, 0x1c, 0xb4, 0x08, 0x6d, 0x00, 0x18, 0x00, 0x00
.byte 0xc5, 0x67, 0x43, 0xf6, 0x14, 0xb4, 0x43, 0xf6, 0x14, 0xb5, 0x43, 0xf6, 0x14, 0xb6, 0x00, 0x18
.byte 0x00, 0x00, 0x00, 0x65, 0x43, 0xf6, 0x0c, 0xb4, 0x5f, 0xf7, 0x00, 0x6e, 0x00, 0x18, 0x00, 0x00
.byte 0x00, 0x6d, 0x83, 0xf5, 0x14, 0xb4, 0x43, 0xf6, 0x00, 0xb5, 0x00, 0x18, 0x00, 0x00, 0x00, 0x65
.byte 0x23, 0xf6, 0x18, 0xb6, 0x23, 0xf6, 0x18, 0xb4, 0x00, 0x18, 0x00, 0x00, 0xa6, 0x67, 0x00, 0x18
.byte 0x00, 0x00, 0x90, 0x67, 0x23, 0xf6, 0x0c, 0xb4, 0x00, 0x6d, 0x00, 0x18, 0x00, 0x00, 0xff, 0x6e
.byte 0x23, 0xf6, 0x04, 0xb4, 0x00, 0x6d, 0x00, 0x18, 0x00, 0x00, 0xff, 0x6e, 0x42, 0x98, 0x04, 0x72
.byte 0x1f, 0x61, 0x03, 0xf6, 0x18, 0xb1, 0x03, 0xf6, 0x18, 0xb4, 0x03, 0xf6, 0x18, 0xb6, 0x00, 0x18
.byte 0x00, 0x00, 0xb1, 0x67, 0x03, 0xf6, 0x10, 0xb4, 0x03, 0xf6, 0x08, 0xb6, 0x00, 0x18, 0x00, 0x00
.byte 0xb1, 0x67, 0x03, 0xf6, 0x08, 0xb4, 0xe3, 0xf5, 0x1c, 0xb6, 0x00, 0x18, 0x00, 0x00, 0xb1, 0x67
.byte 0xe3, 0xf5, 0x1c, 0xb4, 0xe3, 0xf5, 0x0c, 0xb6, 0x00, 0x18, 0x00, 0x00, 0xb1, 0x67, 0x20, 0x10
.byte 0x05, 0x72, 0x1e, 0x61, 0xe3, 0xf5, 0x0c, 0xb1, 0xc3, 0xf5, 0x14, 0xb4, 0xc3, 0xf5, 0x14, 0xb6
.byte 0x00, 0x18, 0x00, 0x00, 0xb1, 0x67, 0xc3, 0xf5, 0x10, 0xb4, 0xc3, 0xf5, 0x08, 0xb6, 0x00, 0x18
.byte 0x00, 0x00, 0xb1, 0x67, 0xc3, 0xf5, 0x04, 0xb4, 0xa3, 0xf5, 0x18, 0xb6, 0x00, 0x18, 0x00, 0x00
.byte 0xb1, 0x67, 0xa3, 0xf5, 0x1c, 0xb4, 0xa3, 0xf5, 0x0c, 0xb6, 0x00, 0x18, 0x00, 0x00, 0xb1, 0x67
.byte 0x23, 0xf5, 0x0c, 0xb4, 0x04, 0x6d, 0x00, 0x18, 0x00, 0x00, 0xc5, 0x67, 0x43, 0xf5, 0x08, 0xb4
.byte 0x10, 0x6d, 0x00, 0x18, 0x00, 0x00, 0x1c, 0x6e, 0x03, 0xf5, 0x18, 0xb4, 0x04, 0x6d, 0x00, 0x18
.byte 0x00, 0x00, 0xc5, 0x67, 0x43, 0xf5, 0x08, 0xb4, 0x10, 0x6d, 0x00, 0x18, 0x00, 0x00, 0x1c, 0x6e
.byte 0x83, 0xf5, 0x04, 0xb1, 0x83, 0xf5, 0x04, 0xb4, 0x00, 0x6d, 0x00, 0x18, 0x00, 0x00, 0xd1, 0x67
.byte 0x63, 0xf5, 0x1c, 0xb4, 0x00, 0x6d, 0x00, 0x18, 0x00, 0x00, 0xd1, 0x67, 0x23, 0xf5, 0x04, 0xb4
.byte 0x04, 0x6d, 0x00, 0x18, 0x00, 0x00, 0xc5, 0x67, 0x63, 0xf5, 0x08, 0xb4, 0x10, 0x6d, 0x00, 0x18
.byte 0x00, 0x00, 0x14, 0x6e, 0x63, 0xf5, 0x00, 0xb4, 0x63, 0xf5, 0x00, 0xb6, 0x00, 0x18, 0x00, 0x00
.byte 0x00, 0x6d, 0x43, 0xf5, 0x1c, 0xb4, 0xc1, 0xf7, 0x0f, 0x6e, 0x00, 0x18, 0x00, 0x00, 0x00, 0x6d
.byte 0x42, 0x98, 0x04, 0x72, 0x11, 0x61, 0x01, 0xf4, 0x0c, 0x69, 0x43, 0xf5, 0x08, 0xb4, 0x03, 0xf7
.byte 0x1f, 0x6e, 0x00, 0x18, 0x00, 0x00, 0xb1, 0x67, 0x23, 0xf5, 0x1c, 0xb4, 0x03, 0xf7, 0x1f, 0x6e
.byte 0x00, 0x18, 0x00, 0x00, 0xb1, 0x67, 0x12, 0x10, 0x05, 0x72, 0x10, 0x61, 0x01, 0xf6, 0x0e, 0x69
.byte 0x23, 0xf5, 0x00, 0xb4, 0x03, 0xf7, 0x1f, 0x6e, 0x00, 0x18, 0x00, 0x00, 0xb1, 0x67, 0x03, 0xf5
.byte 0x18, 0xb4, 0x03, 0xf7, 0x1f, 0x6e, 0x00, 0x18, 0x00, 0x00, 0xb1, 0x67, 0xe0, 0xf4, 0x00, 0x69
.byte 0x43, 0xf4, 0x1c, 0xb4, 0x03, 0xf5, 0x04, 0xb6, 0x00, 0x18, 0x00, 0x00, 0xb1, 0x67, 0x43, 0xf4
.byte 0x14, 0xb4, 0xe3, 0xf4, 0x18, 0xb6, 0x00, 0x18, 0x00, 0x00, 0xb1, 0x67, 0x42, 0x98, 0x04, 0x72
.byte 0x2a, 0x61, 0xe3, 0xf4, 0x0c, 0xb4, 0x02, 0xf0, 0x00, 0x6d, 0x0e, 0xf0, 0x00, 0x6e, 0x00, 0x18
.byte 0x00, 0x00, 0x00, 0x65, 0xc3, 0xf4, 0x1c, 0xb1, 0x23, 0xf4, 0x04, 0xb4, 0x00, 0x6d, 0x00, 0x18
.byte 0x00, 0x00, 0xd1, 0x67, 0x43, 0xf4, 0x00, 0xb4, 0x00, 0x6d, 0x00, 0x18, 0x00, 0x00, 0x20, 0x6e
.byte 0x43, 0xf4, 0x0c, 0xb4, 0x00, 0x6d, 0x00, 0x18, 0x00, 0x00, 0x20, 0x6e, 0x03, 0xf4, 0x04, 0xb4
.byte 0x00, 0x6d, 0x00, 0x18, 0x00, 0x00, 0xd1, 0x67, 0x83, 0xf4, 0x08, 0xb4, 0x00, 0x6d, 0x00, 0x18
.byte 0x00, 0x00, 0x20, 0x6e, 0x29, 0x10, 0x83, 0xf4, 0x18, 0xb4, 0x04, 0xf0, 0x00, 0x6d, 0x0e, 0xf0
.byte 0x00, 0x6e, 0x00, 0x18, 0x00, 0x00, 0x00, 0x65, 0x83, 0xf4, 0x08, 0xb1, 0xc3, 0xf3, 0x10, 0xb4
.byte 0xb1, 0x67, 0x00, 0x18, 0x00, 0x00, 0xd1, 0x67, 0xe3, 0xf3, 0x0c, 0xb4, 0x20, 0x6d, 0x00, 0x18
.byte 0x00, 0x00, 0xc5, 0x67, 0xe3, 0xf3, 0x18, 0xb4, 0x20, 0x6d, 0x00, 0x18, 0x00, 0x00, 0xc5, 0x67
.byte 0xa3, 0xf3, 0x10, 0xb4, 0xb1, 0x67, 0x00, 0x18, 0x00, 0x00, 0xd1, 0x67, 0x23, 0xf4, 0x14, 0xb4
.byte 0x20, 0x6d, 0x00, 0x18, 0x00, 0x00, 0xc5, 0x67, 0x43, 0xf4, 0x0c, 0xb1, 0x83, 0xf3, 0x04, 0xb4
.byte 0x00, 0x6d, 0x00, 0x18, 0x00, 0x00, 0xd1, 0x67, 0x83, 0xf3, 0x00, 0xb4, 0x00, 0x6d, 0x00, 0x18
.byte 0x00, 0x00, 0xd1, 0x67, 0x23, 0xf4, 0x14, 0xb1, 0x91, 0x67, 0x20, 0x6d, 0x00, 0x18, 0x00, 0x00
.byte 0xc5, 0x67, 0x91, 0x67, 0x23, 0xf4, 0x08, 0xb6, 0x00, 0x18, 0x00, 0x00, 0x00, 0x6d, 0xa3, 0xf3
.byte 0x04, 0xb4, 0x00, 0x6d, 0x00, 0x18, 0x00, 0x00, 0x02, 0x6e, 0x83, 0xf3, 0x1c, 0xb4, 0x03, 0xf4
.byte 0x10, 0xb6, 0x00, 0x18, 0x00, 0x00, 0x00, 0x6d, 0x40, 0xf2, 0x00, 0x69, 0x63, 0xf3, 0x08, 0xb4
.byte 0x03, 0xf4, 0x00, 0xb6, 0x00, 0x18, 0x00, 0x00, 0xb1, 0x67, 0x63, 0xf3, 0x14, 0xb4, 0xe3, 0xf3
.byte 0x14, 0xb6, 0x00, 0x18, 0x00, 0x00, 0xb1, 0x67, 0xa3, 0xf3, 0x18, 0xb4, 0xe3, 0xf3, 0x04, 0xb6
.byte 0x00, 0x18, 0x00, 0x00, 0xb1, 0x67, 0xe3, 0xf3, 0x00, 0xb4, 0x00, 0x6d, 0x00, 0x18, 0x00, 0x00
.byte 0x10, 0x6e, 0xc3, 0xf3, 0x18, 0xb4, 0x00, 0x6d, 0x00, 0x18, 0x00, 0x00, 0x10, 0x6e, 0x03, 0xf3
.byte 0x1c, 0xb4, 0x80, 0x6d, 0x00, 0x18, 0x00, 0x00, 0xc5, 0x67, 0x23, 0xf3, 0x10, 0xb1, 0x91, 0x67
.byte 0x80, 0x6d, 0x00, 0x18, 0x00, 0x00, 0xc5, 0x67, 0x91, 0x67, 0x80, 0x6d, 0x00, 0x18, 0x00, 0x00
.byte 0xc5, 0x67, 0xe3, 0xf2, 0x18, 0xb4, 0x80, 0x6d, 0x00, 0x18, 0x00, 0x00, 0xc5, 0x67, 0x83, 0xf3
.byte 0x00, 0xb4, 0x00, 0xf2, 0x00, 0x6d, 0x21, 0xf7, 0x10, 0x6e, 0x00, 0x18, 0x00, 0x00, 0x00, 0x65
.byte 0xa3, 0xf2, 0x10, 0xb4, 0x00, 0x6d, 0x00, 0x18, 0x00, 0x00, 0x40, 0x6e, 0xa3, 0xf2, 0x0c, 0xb4
.byte 0x00, 0x6d, 0x00, 0x18, 0x00, 0x00, 0x40, 0x6e, 0x23, 0xf2, 0x14, 0xb4, 0x00, 0x6d, 0x00, 0x18
.byte 0x00, 0x00, 0x40, 0x6e, 0x42, 0x98, 0x04, 0x72, 0x1d, 0x61, 0x83, 0xf2, 0x08, 0xb4, 0x12, 0x6d
.byte 0x00, 0x18, 0x00, 0x00, 0x3f, 0x6e, 0x83, 0xf2, 0x04, 0xb4, 0x12, 0x6d, 0x00, 0x18, 0x00, 0x00
.byte 0x3f, 0x6e, 0x43, 0xf3, 0x0c, 0xb1, 0xa3, 0xf2, 0x00, 0xb4, 0x43, 0xf3, 0x08, 0xb6, 0x00, 0x18
.byte 0x00, 0x00, 0xb1, 0x67, 0xa3, 0xf2, 0x08, 0xb4, 0x23, 0xf3, 0x18, 0xb6, 0x00, 0x18, 0x00, 0x00
.byte 0xb1, 0x67, 0x1c, 0x10, 0x43, 0xf2, 0x0c, 0xb4, 0x13, 0x6d, 0x00, 0x18, 0x00, 0x00, 0x3f, 0x6e
.byte 0x43, 0xf2, 0x08, 0xb4, 0x13, 0x6d, 0x00, 0x18, 0x00, 0x00, 0x3f, 0x6e, 0x03, 0xf3, 0x00, 0xb1
.byte 0x63, 0xf2, 0x04, 0xb4, 0x03, 0xf3, 0x0c, 0xb6, 0x00, 0x18, 0x00, 0x00, 0xb1, 0x67, 0x63, 0xf2
.byte 0x10, 0xb4, 0x03, 0xf3, 0x00, 0xb6, 0x00, 0x18, 0x00, 0x00, 0xb1, 0x67, 0xe3, 0xf2, 0x00, 0xb1
.byte 0x23, 0xf2, 0x18, 0xb4, 0xb1, 0x67, 0x00, 0x18, 0x00, 0x00, 0xd1, 0x67, 0x43, 0xf2, 0x0c, 0xb4
.byte 0xb1, 0x67, 0x00, 0x18, 0x00, 0x00, 0xd1, 0x67, 0xc3, 0xf1, 0x1c, 0xb1, 0xc3, 0xf2, 0x18, 0xb5
.byte 0xc3, 0xf2, 0x18, 0xb6, 0x00, 0x18, 0x00, 0x00, 0x91, 0x67, 0xc3, 0xf2, 0x14, 0xb6, 0x91, 0x67
.byte 0x00, 0x18, 0x00, 0x00, 0xa6, 0x67, 0xff, 0x69, 0x01, 0x49, 0xe3, 0xf1, 0x04, 0xb4, 0xb1, 0x67
.byte 0x00, 0x18, 0x00, 0x00, 0xd1, 0x67, 0xc3, 0xf1, 0x1c, 0xb4, 0xb1, 0x67, 0x00, 0x18, 0x00, 0x00
.byte 0xd1, 0x67, 0xa3, 0xf2, 0x10, 0xb1, 0xa3, 0xf2, 0x10, 0xb4, 0xb1, 0x67, 0x00, 0x18, 0x00, 0x00
.byte 0xd1, 0x67, 0xa3, 0xf2, 0x08, 0xb4, 0xa3, 0xf2, 0x08, 0xb5, 0x00, 0x18, 0x00, 0x00, 0xd1, 0x67
.byte 0xe3, 0xf1, 0x14, 0xb4, 0x83, 0xf2, 0x1c, 0xb6, 0x00, 0x18, 0x00, 0x00, 0x00, 0x6d, 0x43, 0xf2
.byte 0x00, 0xb4, 0x00, 0x6d, 0x00, 0x18, 0x00, 0x00, 0x40, 0x6e, 0x20, 0xf0, 0x5a, 0xa0, 0x01, 0x72
.byte 0x1c, 0x60, 0x83, 0xf2, 0x04, 0xb1, 0x83, 0xf1, 0x08, 0xb4, 0x00, 0x6d, 0x00, 0x18, 0x00, 0x00
.byte 0xd1, 0x67, 0x83, 0xf1, 0x00, 0xb4, 0x00, 0x6d, 0x00, 0x18, 0x00, 0x00, 0xd1, 0x67, 0xe0, 0xf1
.byte 0x1f, 0x69, 0xe3, 0xf1, 0x18, 0xb4, 0x00, 0x6d, 0x00, 0x18, 0x00, 0x00, 0xd1, 0x67, 0xe3, 0xf1
.byte 0x10, 0xb4, 0xb1, 0x67, 0x00, 0x18, 0x00, 0x00, 0xd1, 0x67, 0x42, 0x98, 0x05, 0x72, 0x1f, 0x61
.byte 0xc3, 0xf0, 0x00, 0xb1, 0x43, 0xf1, 0x08, 0xb4, 0xb1, 0x67, 0x00, 0x18, 0x00, 0x00, 0xd1, 0x67
.byte 0x43, 0xf1, 0x00, 0xb4, 0xb1, 0x67, 0x00, 0x18, 0x00, 0x00, 0xd1, 0x67, 0x23, 0xf2, 0x0c, 0xb1
.byte 0x43, 0xf1, 0x14, 0xb4, 0x23, 0xf2, 0x08, 0xb6, 0x00, 0x18, 0x00, 0x00, 0xb1, 0x67, 0x63, 0xf1
.byte 0x00, 0xb4, 0x03, 0xf2, 0x1c, 0xb6, 0x00, 0x18, 0x00, 0x00, 0xb1, 0x67, 0x27, 0x10, 0x83, 0xf0
.byte 0x04, 0xb1, 0x03, 0xf1, 0x0c, 0xb4, 0x00, 0x6d, 0x00, 0x18, 0x00, 0x00, 0xd1, 0x67, 0x03, 0xf1
.byte 0x04, 0xb4, 0x00, 0x6d, 0x00, 0x18, 0x00, 0x00, 0xd1, 0x67, 0xe3, 0xf1, 0x18, 0xb1, 0x03, 0xf1
.byte 0x18, 0xb4, 0xe3, 0xf1, 0x0c, 0xb6, 0x00, 0x18, 0x00, 0x00, 0xb1, 0x67, 0x23, 0xf1, 0x00, 0xb4
.byte 0xc3, 0xf1, 0x1c, 0xb6, 0x00, 0x18, 0x00, 0x00, 0xb1, 0x67, 0x63, 0xf1, 0x08, 0xb4, 0xa3, 0xf0
.byte 0x04, 0xb5, 0xc3, 0xf1, 0x14, 0xb6, 0x00, 0x18, 0x00, 0x00, 0x00, 0x65, 0x83, 0xf1, 0x10, 0xb1
.byte 0x43, 0xf1, 0x08, 0xb4, 0x00, 0x6d, 0x00, 0x18, 0x00, 0x00, 0xd1, 0x67, 0x43, 0xf1, 0x00, 0xb4
.byte 0x00, 0x6d, 0x00, 0x18, 0x00, 0x00, 0xd1, 0x67, 0xc0, 0xf7, 0x00, 0x6e, 0xa3, 0xf1, 0x0c, 0xb4
.byte 0x00, 0x18, 0x00, 0x00, 0xa6, 0x67, 0xff, 0xf7, 0x1f, 0x6e, 0xa3, 0xf1, 0x04, 0xb4, 0x00, 0x18
.byte 0x00, 0x00, 0xa6, 0x67, 0x83, 0xf1, 0x1c, 0xb6, 0x83, 0xf1, 0x1c, 0xb4, 0x00, 0x18, 0x00, 0x00
.byte 0xa6, 0x67, 0x83, 0xf1, 0x18, 0xb1, 0x91, 0x67, 0x83, 0xf1, 0x14, 0xb6, 0x00, 0x18, 0x00, 0x00
.byte 0x00, 0x6d, 0x63, 0xf1, 0x10, 0xb5, 0x83, 0xf1, 0x0c, 0xb6, 0x00, 0x18, 0x00, 0x00, 0x91, 0x67
.byte 0x50, 0x98, 0x01, 0x72, 0x0e, 0x60, 0x05, 0x22, 0x02, 0x72, 0x14, 0x60, 0x03, 0x72, 0x1c, 0x60
.byte 0x22, 0x10, 0x23, 0xf1, 0x14, 0xb4, 0x00, 0xf3, 0x00, 0x6e, 0x00, 0x18, 0x00, 0x00, 0x00, 0x6d
.byte 0x1a, 0x10, 0x23, 0xf1, 0x04, 0xb4, 0xff, 0x6d, 0x00, 0xf3, 0x00, 0x6e, 0x00, 0x18, 0x00, 0x00
.byte 0x01, 0x4d, 0x11, 0x10, 0x03, 0xf1, 0x10, 0xb4, 0x00, 0xf2, 0x00, 0x6d, 0x00, 0xf3, 0x00, 0x6e
.byte 0x00, 0x18, 0x00, 0x00, 0x00, 0x65, 0x07, 0x10, 0x00, 0xf3, 0x00, 0x6e, 0xe3, 0xf0, 0x18, 0xb4
.byte 0x00, 0x18, 0x00, 0x00, 0xa6, 0x67, 0x42, 0x98, 0x04, 0x72, 0x40, 0xf5, 0x08, 0x61, 0x23, 0xf1
.byte 0x08, 0xb4, 0x23, 0xf1, 0x08, 0xb5, 0x23, 0xf1, 0x08, 0xb6, 0x00, 0x18, 0x00, 0x00, 0x00, 0x65
.byte 0x23, 0xf1, 0x00, 0xb4, 0x00, 0x6d, 0x00, 0x18, 0x00, 0x00, 0x0c, 0x6e, 0x03, 0xf1, 0x18, 0xb4
.byte 0x00, 0x6d, 0x00, 0x18, 0x00, 0x00, 0x0c, 0x6e, 0x03, 0xf1, 0x10, 0xb4, 0x03, 0xf1, 0x10, 0xb5
.byte 0x03, 0xf1, 0x10, 0xb6, 0x00, 0x18, 0x00, 0x00, 0x00, 0x65, 0x03, 0xf1, 0x0c, 0xb4, 0x03, 0xf1
.byte 0x0c, 0xb5, 0x03, 0xf1, 0x0c, 0xb6, 0x00, 0x18, 0x00, 0x00, 0x00, 0x65, 0x03, 0xf1, 0x04, 0xb4
.byte 0x03, 0xf1, 0x04, 0xb5, 0x03, 0xf1, 0x04, 0xb6, 0x00, 0x18, 0x00, 0x00, 0x00, 0x65, 0x48, 0x98
.byte 0x10, 0x72, 0x08, 0x61, 0xe3, 0xf0, 0x18, 0xb6, 0x02, 0xf7, 0x0c, 0xb4, 0x00, 0x18, 0x00, 0x00
.byte 0xa6, 0x67, 0x07, 0x10, 0xe3, 0xf0, 0x0c, 0xb6, 0xe2, 0xf6, 0x1c, 0xb4, 0x00, 0x18, 0x00, 0x00
.byte 0xa6, 0x67, 0xe3, 0xf0, 0x04, 0xb1, 0xe3, 0xf0, 0x04, 0xb4, 0xb1, 0x67, 0x00, 0x18, 0x00, 0x00
.byte 0xd1, 0x67, 0xc3, 0xf0, 0x1c, 0xb4, 0xb1, 0x67, 0x00, 0x18, 0x00, 0x00, 0xd1, 0x67, 0xc3, 0xf0
.byte 0x14, 0xb4, 0xc3, 0xf0, 0x14, 0xb5, 0xc3, 0xf0, 0x14, 0xb6, 0x00, 0x18, 0x00, 0x00, 0x00, 0x65
.byte 0x43, 0x98, 0x01, 0x6d, 0x4c, 0xed, 0xc3, 0xf0, 0x08, 0xb4, 0xc3, 0xf0, 0x08, 0xb2, 0xc3, 0xf0
.byte 0x08, 0xb6, 0x00, 0x18, 0x00, 0x00, 0x4d, 0xed, 0x43, 0xf0, 0x1c, 0xb4, 0x04, 0xf0, 0x00, 0x6d
.byte 0xa3, 0xf0, 0x18, 0xb6, 0x00, 0x18, 0x00, 0x00, 0x00, 0x65, 0xa3, 0xf0, 0x14, 0xb1, 0xa3, 0xf0
.byte 0x14, 0xb4, 0x82, 0xf6, 0x10, 0xb5, 0x00, 0x18, 0x00, 0x00, 0xd1, 0x67, 0xa3, 0xf0, 0x08, 0xb4
.byte 0xa3, 0xf0, 0x08, 0xb5, 0xa3, 0xf0, 0x08, 0xb6, 0x00, 0x18, 0x00, 0x00, 0x00, 0x65, 0xa3, 0xf0
.byte 0x04, 0xb4, 0xb1, 0x67, 0x00, 0x18, 0x00, 0x00, 0xd1, 0x67, 0x83, 0xf0, 0x1c, 0xb4, 0x04, 0x6d
.byte 0x00, 0x18, 0x00, 0x00, 0xc5, 0x67, 0x83, 0xf0, 0x14, 0xb4, 0x83, 0xf0, 0x14, 0xb5, 0x83, 0xf0
.byte 0x14, 0xb6, 0x00, 0x18, 0x00, 0x00, 0x00, 0x65, 0xe2, 0xf7, 0x00, 0xb4, 0x83, 0xf0, 0x08, 0xb5
.byte 0x83, 0xf0, 0x08, 0xb6, 0x00, 0x18, 0x00, 0x00, 0x00, 0x65, 0x83, 0xf0, 0x04, 0xb4, 0x00, 0x6d
.byte 0x00, 0x18, 0x00, 0x00, 0x03, 0x6e, 0x63, 0xf0, 0x1c, 0xb4, 0x00, 0x6d, 0x00, 0x18, 0x00, 0x00
.byte 0x02, 0x6e, 0x10, 0xf0, 0x00, 0x6e, 0x63, 0xf0, 0x10, 0xb4, 0x00, 0x18, 0x00, 0x00, 0xa6, 0x67
.byte 0x63, 0xf0, 0x08, 0xb1, 0x63, 0xf0, 0x08, 0xb4, 0x00, 0x6d, 0x00, 0x18, 0x00, 0x00, 0xd1, 0x67
.byte 0x63, 0xf0, 0x00, 0xb4, 0x63, 0xf0, 0x00, 0xb6, 0x00, 0x18, 0x00, 0x00, 0x00, 0x6d, 0x43, 0xf0
.byte 0x1c, 0xb4, 0x00, 0x6d, 0x00, 0x18, 0x00, 0x00, 0xd1, 0x67, 0x43, 0xf0, 0x14, 0xb4, 0x00, 0x6d
.byte 0x00, 0x18, 0x00, 0x00, 0xd1, 0x67, 0x43, 0xf0, 0x0c, 0xb4, 0x43, 0xf0, 0x0c, 0xb5, 0x43, 0xf0
.byte 0x0c, 0xb6, 0x00, 0x18, 0x00, 0x00, 0x00, 0x65, 0x43, 0xf0, 0x04, 0xb4, 0x43, 0xf0, 0x04, 0xb5
.byte 0x23, 0xf0, 0x04, 0xb6, 0x00, 0x18, 0x00, 0x00, 0x00, 0x65, 0x23, 0xf0, 0x1c, 0xb4, 0x00, 0x6d
.byte 0x00, 0x18, 0x00, 0x00, 0xd1, 0x67, 0x23, 0xf0, 0x14, 0xb4, 0x00, 0x6d, 0x00, 0x18, 0x00, 0x00
.byte 0xd1, 0x67, 0x23, 0xf0, 0x0c, 0xb1, 0x23, 0xf0, 0x0c, 0xb4, 0x01, 0xf2, 0x00, 0x6d, 0x00, 0x18
.byte 0x00, 0x00, 0xd1, 0x67, 0x23, 0xf0, 0x00, 0xb4, 0x00, 0x6d, 0x00, 0x18, 0x00, 0x00, 0xd1, 0x67
.byte 0x4c, 0x98, 0x40, 0xf6, 0x01, 0x5a, 0x49, 0x60, 0xc2, 0xf7, 0x10, 0xb1, 0x03, 0xf0, 0x0c, 0xb4
.byte 0x03, 0xf0, 0x0c, 0xb5, 0x00, 0x18, 0x00, 0x00, 0xd1, 0x67, 0x03, 0xf0, 0x08, 0xb4, 0x03, 0xf0
.byte 0x08, 0xb5, 0x00, 0x18, 0x00, 0x00, 0xd1, 0x67, 0x03, 0xf0, 0x00, 0xb4, 0xe2, 0xf7, 0x10, 0xb5
.byte 0x00, 0x18, 0x00, 0x00, 0xd1, 0x67, 0xe2, 0xf7, 0x18, 0xb4, 0xe2, 0xf7, 0x04, 0xb5, 0x00, 0x18
.byte 0x00, 0x00, 0xd1, 0x67, 0xe2, 0xf7, 0x0c, 0xb4, 0xc2, 0xf7, 0x1c, 0xb5, 0x00, 0x18, 0x00, 0x00
.byte 0xd1, 0x67, 0xe2, 0xf7, 0x04, 0xb4, 0xc2, 0xf7, 0x10, 0xb5, 0x00, 0x18, 0x00, 0x00, 0xd1, 0x67
.byte 0xc2, 0xf7, 0x18, 0xb4, 0xa2, 0xf7, 0x18, 0xb5, 0x00, 0x18, 0x00, 0x00, 0xd1, 0x67, 0xc2, 0xf7
.byte 0x10, 0xb4, 0xa2, 0xf7, 0x0c, 0xb5, 0x00, 0x18, 0x00, 0x00, 0xd1, 0x67, 0xc2, 0xf7, 0x04, 0xb4
.byte 0xa2, 0xf7, 0x04, 0xb5, 0x00, 0x18, 0x00, 0x00, 0xd1, 0x67, 0xa2, 0xf7, 0x1c, 0xb4, 0x82, 0xf7
.byte 0x18, 0xb5, 0x00, 0x18, 0x00, 0x00, 0xd1, 0x67, 0x4b, 0x10, 0x40, 0xf7, 0x0a, 0x72, 0x48, 0x61
.byte 0x22, 0xf7, 0x18, 0xb1, 0x62, 0xf7, 0x14, 0xb4, 0xa2, 0xf7, 0x00, 0xb5, 0x00, 0x18, 0x00, 0x00
.byte 0xd1, 0x67, 0x62, 0xf7, 0x10, 0xb4, 0x82, 0xf7, 0x18, 0xb5, 0x00, 0x18, 0x00, 0x00, 0xd1, 0x67
.byte 0x62, 0xf7, 0x08, 0xb4, 0x82, 0xf7, 0x04, 0xb5, 0x00, 0x18, 0x00, 0x00, 0xd1, 0x67, 0x62, 0xf7
.byte 0x00, 0xb4, 0x62, 0xf7, 0x18, 0xb5, 0x00, 0x18, 0x00, 0x00, 0xd1, 0x67, 0x42, 0xf7, 0x14, 0xb4
.byte 0x62, 0xf7, 0x0c, 0xb5, 0x00, 0x18, 0x00, 0x00, 0xd1, 0x67, 0x42, 0xf7, 0x0c, 0xb4, 0x62, 0xf7
.byte 0x00, 0xb5, 0x00, 0x18, 0x00, 0x00, 0xd1, 0x67, 0x42, 0xf7, 0x00, 0xb4, 0x42, 0xf7, 0x0c, 0xb5
.byte 0x00, 0x18, 0x00, 0x00, 0xd1, 0x67, 0x22, 0xf7, 0x18, 0xb4, 0x42, 0xf7, 0x00, 0xb5, 0x00, 0x18
.byte 0x00, 0x00, 0xd1, 0x67, 0x22, 0xf7, 0x0c, 0xb4, 0x22, 0xf7, 0x14, 0xb5, 0x00, 0x18, 0x00, 0x00
.byte 0xd1, 0x67, 0x22, 0xf7, 0x04, 0xb4, 0x22, 0xf7, 0x08, 0xb5, 0x00, 0x18, 0x00, 0x00, 0xd1, 0x67
.byte 0x22, 0xf7, 0x00, 0xb1, 0x22, 0xf7, 0x00, 0xb4, 0x22, 0xf7, 0x00, 0xb6, 0x00, 0x18, 0x00, 0x00
.byte 0xb1, 0x67, 0x02, 0xf7, 0x1c, 0xb4, 0x02, 0xf7, 0x14, 0xb6, 0x00, 0x18, 0x00, 0x00, 0xb1, 0x67
.byte 0x02, 0xf7, 0x10, 0xb4, 0x02, 0xf7, 0x04, 0xb6, 0x00, 0x18, 0x00, 0x00, 0xb1, 0x67, 0x02, 0xf7
.byte 0x08, 0xb4, 0xe2, 0xf6, 0x18, 0xb6, 0x00, 0x18, 0x00, 0x00, 0xb1, 0x67, 0x62, 0xf6, 0x0c, 0xb1
.byte 0xe2, 0xf6, 0x18, 0xb4, 0xe2, 0xf6, 0x18, 0xb5, 0x00, 0x18, 0x00, 0x00, 0xd1, 0x67, 0xe2, 0xf6
.byte 0x14, 0xb4, 0x26, 0xf0, 0x10, 0x6d, 0x00, 0x18, 0x00, 0x00, 0xd1, 0x67, 0xe2, 0xf6, 0x08, 0xb4
.byte 0x02, 0xf1, 0x11, 0x6d, 0x00, 0x18, 0x00, 0x00, 0xd1, 0x67, 0xe2, 0xf6, 0x00, 0xb4, 0x26, 0xf3
.byte 0x13, 0x6d, 0x00, 0x18, 0x00, 0x00, 0xd1, 0x67, 0xc2, 0xf6, 0x14, 0xb4, 0xc2, 0xf6, 0x14, 0xb5
.byte 0xc2, 0xf6, 0x14, 0xb6, 0x00, 0x18, 0x00, 0x00, 0x00, 0x65, 0xc2, 0xf6, 0x10, 0xb4, 0x82, 0xf6
.byte 0x0c, 0xb5, 0x00, 0x18, 0x00, 0x00, 0xd1, 0x67, 0xc2, 0xf6, 0x04, 0xb4, 0xc2, 0xf6, 0x04, 0xb5
.byte 0x00, 0x18, 0x00, 0x00, 0xd1, 0x67, 0xc2, 0xf6, 0x00, 0xb4, 0x62, 0xf6, 0x10, 0xb5, 0x00, 0x18
.byte 0x00, 0x00, 0xd1, 0x67, 0xa2, 0xf6, 0x14, 0xb4, 0xa2, 0xf6, 0x08, 0xb5, 0x00, 0x18, 0x00, 0x00
.byte 0xd1, 0x67, 0xa2, 0xf6, 0x0c, 0xb1, 0xa2, 0xf6, 0x0c, 0xb4, 0x00, 0x6d, 0x00, 0x18, 0x00, 0x00
.byte 0xd1, 0x67, 0xa2, 0xf6, 0x04, 0xb4, 0x00, 0x6d, 0x00, 0x18, 0x00, 0x00, 0xd1, 0x67, 0x82, 0xf6
.byte 0x1c, 0xb4, 0x00, 0x6d, 0x00, 0x18, 0x00, 0x00, 0xd1, 0x67, 0x82, 0xf6, 0x14, 0xb4, 0x00, 0x6d
.byte 0x00, 0x18, 0x00, 0x00, 0xd1, 0x67, 0x82, 0xf6, 0x0c, 0xb4, 0x82, 0xf6, 0x0c, 0xb6, 0x00, 0x18
.byte 0x00, 0x00, 0x00, 0x6d, 0x82, 0xf6, 0x04, 0xb4, 0x00, 0x6d, 0x00, 0x18, 0x00, 0x00, 0xd1, 0x67
.byte 0x62, 0xf6, 0x1c, 0xb4, 0x00, 0x6d, 0x00, 0x18, 0x00, 0x00, 0xd1, 0x67, 0x62, 0xf6, 0x14, 0xb4
.byte 0x00, 0x6d, 0x00, 0x18, 0x00, 0x00, 0xd1, 0x67, 0x62, 0xf6, 0x0c, 0xb4, 0x00, 0x6d, 0x00, 0x18
.byte 0x00, 0x00, 0xd1, 0x67, 0x62, 0xf6, 0x04, 0xb4, 0x42, 0xf6, 0x0c, 0xb6, 0x00, 0x18, 0x00, 0x00
.byte 0x00, 0x6d, 0x42, 0xf6, 0x1c, 0xb4, 0x00, 0x6d, 0x00, 0x18, 0x00, 0x00, 0xd1, 0x67, 0x42, 0xf6
.byte 0x14, 0xb4, 0x00, 0x6d, 0x00, 0x18, 0x00, 0x00, 0xd1, 0x67, 0x42, 0xf6, 0x0c, 0xb4, 0x00, 0x6d
.byte 0x00, 0x18, 0x00, 0x00, 0xd1, 0x67, 0x42, 0xf6, 0x04, 0xb4, 0x00, 0x6d, 0x00, 0x18, 0x00, 0x00
.byte 0xd1, 0x67, 0x22, 0xf6, 0x1c, 0xb4, 0x02, 0xf6, 0x10, 0xb6, 0x00, 0x18, 0x00, 0x00, 0x00, 0x6d
.byte 0x22, 0xf6, 0x10, 0xb4, 0x00, 0x6d, 0x00, 0x18, 0x00, 0x00, 0xd1, 0x67, 0x22, 0xf6, 0x08, 0xb4
.byte 0x00, 0x6d, 0x00, 0x18, 0x00, 0x00, 0xd1, 0x67, 0x22, 0xf6, 0x00, 0xb4, 0x00, 0x6d, 0x00, 0x18
.byte 0x00, 0x00, 0xd1, 0x67, 0x02, 0xf6, 0x18, 0xb4, 0x00, 0x6d, 0x00, 0x18, 0x00, 0x00, 0xd1, 0x67
.byte 0x02, 0xf6, 0x10, 0xb4, 0xc2, 0xf5, 0x10, 0xb6, 0x00, 0x18, 0x00, 0x00, 0x00, 0x6d, 0x02, 0xf6
.byte 0x08, 0xb4, 0x02, 0xf6, 0x08, 0xb5, 0x02, 0xf6, 0x08, 0xb6, 0x00, 0x18, 0x00, 0x00, 0x00, 0x65
.byte 0x02, 0xf6, 0x00, 0xb4, 0x02, 0x6d, 0x00, 0x18, 0x00, 0x00, 0x0f, 0x6e, 0xe2, 0xf5, 0x18, 0xb4
.byte 0x02, 0x6d, 0x00, 0x18, 0x00, 0x00, 0x0f, 0x6e, 0xe2, 0xf5, 0x10, 0xb4, 0x00, 0x18, 0x00, 0x00
.byte 0x00, 0x65, 0x4c, 0x98, 0x40, 0xf6, 0x00, 0x5a, 0xe2, 0xf5, 0x04, 0xb1, 0x1f, 0x61, 0xc2, 0x98
.byte 0x71, 0x67, 0x00, 0x6c, 0xa0, 0xab, 0xca, 0xed, 0x0e, 0x61, 0xa1, 0xab, 0xaa, 0xea, 0x0b, 0x61
.byte 0x88, 0x32, 0x94, 0x31, 0x47, 0xe1, 0x85, 0xe1, 0x28, 0x31, 0xc2, 0xf5, 0x04, 0xb2, 0x45, 0xe1
.byte 0x04, 0x74, 0x0c, 0x61, 0x05, 0x10, 0x01, 0x4c, 0x11, 0xec, 0x74, 0x4b, 0x04, 0x74, 0xea, 0x61
.byte 0xa2, 0xf5, 0x10, 0xb4, 0x00, 0x18, 0x00, 0x00, 0x00, 0x65, 0xb2, 0x10, 0xac, 0xa9, 0x0f, 0x6a
.byte 0x4c, 0xed, 0x00, 0xf6, 0xa0, 0x35, 0x4f, 0xa9, 0x07, 0x6b, 0x6c, 0xea, 0x40, 0x32, 0x40, 0x32
.byte 0x4d, 0xed, 0x4e, 0xa9, 0x0f, 0x6c, 0x8c, 0xea, 0x4d, 0xed, 0x4d, 0xa9, 0x1f, 0x6b, 0x6c, 0xea
.byte 0x40, 0x32, 0x82, 0xf5, 0x04, 0xb4, 0x82, 0xf5, 0x04, 0xb6, 0x00, 0x18, 0x00, 0x00, 0x4d, 0xed
.byte 0xa7, 0xa9, 0x1f, 0x6c, 0x8c, 0xed, 0x00, 0xf6, 0xa0, 0x35, 0x44, 0xa9, 0x0f, 0x6b, 0x6c, 0xea
.byte 0x40, 0x32, 0x40, 0x32, 0x4d, 0xed, 0x46, 0xa9, 0x07, 0x6c, 0x8c, 0xea, 0x4d, 0xed, 0x45, 0xa9
.byte 0x6c, 0xea, 0x40, 0x32, 0x42, 0xf5, 0x18, 0xb4, 0x42, 0xf5, 0x18, 0xb6, 0x00, 0x18, 0x00, 0x00
.byte 0x4d, 0xed, 0xb0, 0xa9, 0x1f, 0x6a, 0x4c, 0xed, 0x00, 0xf6, 0xa0, 0x35, 0x4b, 0xa9, 0x07, 0x6b
.byte 0x6c, 0xea, 0x40, 0x32, 0x4d, 0xed, 0x4a, 0xa9, 0x6c, 0xea, 0x4d, 0xed, 0x43, 0x98, 0x11, 0x4a
.byte 0x44, 0x32, 0x49, 0xe1, 0x40, 0xaa, 0x0f, 0x6c, 0x8c, 0xea, 0x40, 0x32, 0x40, 0x32, 0x22, 0xf5
.byte 0x08, 0xb4, 0x22, 0xf5, 0x08, 0xb6, 0x00, 0x18, 0x00, 0x00, 0x4d, 0xed, 0xb0, 0xa1, 0xa0, 0x35
.byte 0xa0, 0x35, 0x52, 0xa1, 0x02, 0xf5, 0x18, 0xb4, 0x02, 0xf5, 0x18, 0xb6, 0x00, 0x18, 0x00, 0x00
.byte 0x4d, 0xed, 0xb5, 0xa9, 0xe0, 0xf3, 0x1f, 0x6a, 0x4c, 0xed, 0x56, 0xa9, 0x00, 0xf6, 0x40, 0x32
.byte 0x4d, 0xed, 0x20, 0xf0, 0x48, 0xa1, 0x40, 0x32, 0x40, 0x32, 0xe2, 0xf4, 0x1c, 0xb4, 0x4d, 0xed
.byte 0x1f, 0xf4, 0x01, 0x6e, 0x00, 0x18, 0x00, 0x00, 0xcb, 0xee, 0xb8, 0xa9, 0x1f, 0x6a, 0x4c, 0xed
.byte 0xa0, 0x35, 0x57, 0xa9, 0x1f, 0x6b, 0x6c, 0xea, 0x4d, 0xed, 0x43, 0x98, 0x19, 0x4a, 0x44, 0x32
.byte 0x49, 0xe1, 0x40, 0xaa, 0x0f, 0x6c, 0x8c, 0xea, 0x00, 0xf6, 0x40, 0x32, 0xc2, 0xf4, 0x0c, 0xb4
.byte 0xc2, 0xf4, 0x0c, 0xb6, 0x00, 0x18, 0x00, 0x00, 0x4d, 0xed, 0x60, 0xf0, 0xa2, 0xa9, 0x0f, 0x6a
.byte 0x4c, 0xed, 0x00, 0xf6, 0xa0, 0x35, 0x60, 0xf0, 0x46, 0xa9, 0x0f, 0x6b, 0x6c, 0xea, 0x40, 0x32
.byte 0x4d, 0xed, 0x60, 0xf0, 0x48, 0xa9, 0x6c, 0xea, 0x4d, 0xed, 0x60, 0xf0, 0x44, 0xa9, 0x07, 0x6c
.byte 0x8c, 0xea, 0x40, 0x32, 0x40, 0x32, 0x82, 0xf4, 0x1c, 0xb4, 0x82, 0xf4, 0x1c, 0xb6, 0x00, 0x18
.byte 0x00, 0x00, 0x4d, 0xed, 0x42, 0xf4, 0x0c, 0xb4, 0x60, 0xf0, 0xac, 0xa9, 0x00, 0x18, 0x00, 0x00
.byte 0x0f, 0x6e, 0x42, 0xf4, 0x04, 0xb4, 0x60, 0xf0, 0xac, 0xa9, 0x00, 0x18, 0x00, 0x00, 0x0f, 0x6e
.byte 0xe2, 0xf1, 0x1c, 0xb1, 0x62, 0xf4, 0x14, 0xb4, 0xb1, 0x67, 0x00, 0x18, 0x00, 0x00, 0xd1, 0x67
.byte 0xe0, 0xf1, 0x14, 0x6c, 0x00, 0x18, 0x00, 0x00, 0x00, 0x65, 0x62, 0xf4, 0x04, 0xb6, 0x62, 0xf4
.byte 0x04, 0xb4, 0x00, 0x18, 0x00, 0x00, 0xa6, 0x67, 0x22, 0xf2, 0x10, 0xb4, 0x42, 0xf4, 0x18, 0xb5
.byte 0x42, 0xf4, 0x18, 0xb6, 0x00, 0x18, 0x00, 0x00, 0x00, 0x65, 0x22, 0xf2, 0x00, 0xb4, 0x00, 0x6d
.byte 0x00, 0x18, 0x00, 0x00, 0x01, 0x6e, 0x42, 0xf4, 0x08, 0xb4, 0x80, 0x6d, 0x00, 0x18, 0x00, 0x00
.byte 0xff, 0x6e, 0x42, 0xf4, 0x00, 0xb4, 0x09, 0x6d, 0x00, 0x18, 0x00, 0x00, 0x0b, 0x6e, 0xff, 0x6e
.byte 0x02, 0x4e, 0x22, 0xf4, 0x14, 0xb4, 0x00, 0x18, 0x00, 0x00, 0xa6, 0x67, 0x22, 0xf4, 0x0c, 0xb6
.byte 0x42, 0xf0, 0x08, 0xb4, 0x00, 0x18, 0x00, 0x00, 0xa6, 0x67, 0xe2, 0xf1, 0x0c, 0xb4, 0x22, 0xf4
.byte 0x00, 0xb5, 0x22, 0xf4, 0x00, 0xb6, 0x00, 0x18, 0x00, 0x00, 0x00, 0x65, 0x22, 0xf0, 0x08, 0xb4
.byte 0xb1, 0x67, 0x00, 0x18, 0x00, 0x00, 0xd1, 0x67, 0xa2, 0xf1, 0x1c, 0xb4, 0xc2, 0xf1, 0x00, 0xb5
.byte 0x02, 0xf4, 0x04, 0xb6, 0x00, 0x18, 0x00, 0x00, 0x00, 0x65, 0x02, 0xf4, 0x00, 0xb4, 0x02, 0xf4
.byte 0x00, 0xb5, 0x02, 0xf4, 0x00, 0xb6, 0x00, 0x18, 0x00, 0x00, 0x00, 0x65, 0x02, 0xf2, 0x14, 0xb4
.byte 0xe2, 0xf3, 0x14, 0xb5, 0xe2, 0xf3, 0x14, 0xb6, 0x00, 0x18, 0x00, 0x00, 0x00, 0x65, 0x02, 0xf2
.byte 0x18, 0xb1, 0x00, 0xf4, 0x14, 0x6d, 0xe0, 0xf4, 0x14, 0x6e, 0x00, 0x18, 0x00, 0x00, 0x91, 0x67
.byte 0x04, 0xf0, 0x00, 0x6e, 0x91, 0x67, 0x00, 0x18, 0x00, 0x00, 0xa6, 0x67, 0xe0, 0xf1, 0x14, 0x6c
.byte 0x00, 0x18, 0x00, 0x00, 0x00, 0x65, 0xc2, 0xf3, 0x08, 0xb6, 0xc2, 0xf3, 0x08, 0xb4, 0x00, 0x18
.byte 0x00, 0x00, 0xa6, 0x67, 0x00, 0x18, 0x00, 0x00, 0x64, 0x6c, 0x4c, 0x98, 0x40, 0xf6, 0x00, 0x72
.byte 0x06, 0x60, 0x40, 0xf7, 0x0a, 0x72, 0x25, 0x60, 0xa0, 0xf4, 0x10, 0x72, 0x44, 0x61, 0x90, 0x67
.byte 0x02, 0x6d, 0x00, 0x18, 0x00, 0x00, 0x18, 0x6e, 0x00, 0x18, 0x00, 0x00, 0x64, 0x6c, 0x90, 0x67
.byte 0x03, 0x6d, 0x00, 0x18, 0x00, 0x00, 0x00, 0x6e, 0x00, 0x18, 0x00, 0x00, 0x64, 0x6c, 0x90, 0x67
.byte 0x01, 0x6d, 0x00, 0x18, 0x00, 0x00, 0x40, 0x6e, 0x00, 0x18, 0x00, 0x00, 0x64, 0x6c, 0x90, 0x67
.byte 0x63, 0xf5, 0x10, 0x6e, 0x00, 0x18, 0x00, 0x00, 0x00, 0x6d, 0x00, 0x18, 0x00, 0x00, 0x64, 0x6c
.byte 0x43, 0x10, 0x90, 0x67, 0x02, 0x6d, 0x00, 0x18, 0x00, 0x00, 0x20, 0x6e, 0x00, 0x18, 0x00, 0x00
.byte 0x64, 0x6c, 0x90, 0x67, 0x03, 0x6d, 0x00, 0x18, 0x00, 0x00, 0x00, 0x6e, 0x00, 0x18, 0x00, 0x00
.byte 0x64, 0x6c, 0x90, 0x67, 0x01, 0x6d, 0x00, 0x18, 0x00, 0x00, 0x40, 0x6e, 0x00, 0x18, 0x00, 0x00
.byte 0x64, 0x6c, 0x90, 0x67, 0x02, 0xf1, 0x14, 0x6e, 0x00, 0x18, 0x00, 0x00, 0x00, 0x6d, 0x00, 0x18
.byte 0x00, 0x00, 0x64, 0x6c, 0x21, 0x10, 0x90, 0x67, 0x02, 0x6d, 0x00, 0x18, 0x00, 0x00, 0x10, 0x6e
.byte 0x00, 0x18, 0x00, 0x00, 0x64, 0x6c, 0x90, 0x67, 0x03, 0x6d, 0x00, 0x18, 0x00, 0x00, 0x00, 0x6e
.byte 0x00, 0x18, 0x00, 0x00, 0x64, 0x6c, 0x90, 0x67, 0x01, 0x6d, 0x00, 0x18, 0x00, 0x00, 0x40, 0x6e
.byte 0x00, 0x18, 0x00, 0x00, 0x64, 0x6c, 0x90, 0x67, 0x63, 0xf5, 0x00, 0x6e, 0x00, 0x18, 0x00, 0x00
.byte 0x00, 0x6d, 0x00, 0x18, 0x00, 0x00, 0x64, 0x6c, 0xe2, 0xf0, 0x1c, 0xb4, 0x04, 0xf4, 0x00, 0x6e
.byte 0x00, 0x18, 0x00, 0x00, 0x00, 0x6d, 0xc2, 0xf2, 0x10, 0xb1, 0xc2, 0xf2, 0x10, 0xb6, 0x91, 0x67
.byte 0x00, 0x18, 0x00, 0x00, 0xa6, 0x67, 0xc2, 0xf2, 0x08, 0xb4, 0x02, 0xf0, 0x04, 0xb5, 0xc2, 0xf2
.byte 0x04, 0xb6, 0x00, 0x18, 0x00, 0x00, 0x00, 0x65, 0xa2, 0xf2, 0x1c, 0xb4, 0x10, 0x6d, 0x00, 0x18
.byte 0x00, 0x00, 0xc5, 0x67, 0x00, 0x18, 0x00, 0x00, 0x64, 0x6c, 0xa2, 0xf2, 0x0c, 0xb4, 0x00, 0x6d
.byte 0x00, 0x18, 0x00, 0x00, 0x10, 0x6e, 0xa2, 0xf2, 0x00, 0xb4, 0x20, 0x6d, 0x00, 0x18, 0x00, 0x00
.byte 0xc5, 0x67, 0x82, 0xf2, 0x14, 0xb4, 0x00, 0x6d, 0x00, 0x18, 0x00, 0x00, 0x20, 0x6e, 0x82, 0xf2
.byte 0x0c, 0xb4, 0x01, 0x6d, 0x00, 0x18, 0x00, 0x00, 0xc5, 0x67, 0xff, 0x6e, 0x01, 0x4e, 0x91, 0x67
.byte 0x00, 0x18, 0x00, 0x00, 0xa6, 0x67, 0x00, 0xf2, 0x00, 0x6e, 0x91, 0x67, 0x00, 0x18, 0x00, 0x00
.byte 0xa6, 0x67, 0xa3, 0x98, 0x42, 0xf0, 0x08, 0xb4, 0xa4, 0x35, 0x00, 0x18, 0x00, 0x00, 0x02, 0x6e
.byte 0x42, 0xf2, 0x1c, 0xb4, 0x56, 0x6d, 0x00, 0x18, 0x00, 0x00, 0xff, 0x6e, 0x42, 0xf2, 0x14, 0xb4
.byte 0xa1, 0xf7, 0x04, 0xb5, 0x42, 0xf2, 0x10, 0xb6, 0x00, 0x18, 0x00, 0x00, 0x00, 0x65, 0xa1, 0xf7
.byte 0x18, 0xb4, 0xa1, 0xf7, 0x1c, 0xb5, 0x42, 0xf2, 0x04, 0xb6, 0x00, 0x18, 0x00, 0x00, 0x00, 0x65
.byte 0xe2, 0xf0, 0x1c, 0xb4, 0x22, 0xf2, 0x18, 0xb5, 0x22, 0xf2, 0x18, 0xb6, 0x00, 0x18, 0x00, 0x00
.byte 0x00, 0x65, 0x22, 0xf2, 0x14, 0xb0, 0xa1, 0xf7, 0x00, 0xb4, 0xb0, 0x67, 0x00, 0x18, 0x00, 0x00
.byte 0xd0, 0x67, 0x02, 0xf0, 0x04, 0xb4, 0xb0, 0x67, 0x00, 0x18, 0x00, 0x00, 0xd0, 0x67, 0xa2, 0xf1
.byte 0x18, 0xb4, 0x02, 0xf2, 0x18, 0xb5, 0x02, 0xf2, 0x18, 0xb6, 0x00, 0x18, 0x00, 0x00, 0x00, 0x65
.byte 0x02, 0xf2, 0x10, 0xb4, 0x02, 0xf2, 0x10, 0xb5, 0x02, 0xf2, 0x10, 0xb6, 0x00, 0x18, 0x00, 0x00
.byte 0x00, 0x65, 0x01, 0xf4, 0x00, 0x6e, 0x02, 0xf2, 0x08, 0xb4, 0x00, 0x18, 0x00, 0x00, 0xa6, 0x67
.byte 0x02, 0xf2, 0x00, 0xb4, 0x01, 0xf7, 0x1c, 0xb5, 0x10, 0x6e, 0x00, 0x18, 0x00, 0x00, 0xcb, 0xee
.byte 0xe2, 0xf1, 0x14, 0xb4, 0x08, 0xf0, 0x00, 0x6d, 0x10, 0x6e, 0x00, 0x18, 0x00, 0x00, 0xcb, 0xee
.byte 0xe2, 0xf1, 0x08, 0xb4, 0xe2, 0xf1, 0x08, 0xb5, 0xe2, 0xf1, 0x08, 0xb6, 0x00, 0x18, 0x00, 0x00
.byte 0x00, 0x65, 0x21, 0xf6, 0x10, 0xb6, 0x41, 0xf7, 0x00, 0xb4, 0x00, 0x18, 0x00, 0x00, 0xa6, 0x67
.byte 0xc2, 0xf1, 0x14, 0xb6, 0x91, 0x67, 0x00, 0x18, 0x00, 0x00, 0xa6, 0x67, 0xc2, 0xf1, 0x0c, 0xb6
.byte 0xc2, 0xf1, 0x0c, 0xb4, 0x00, 0x18, 0x00, 0x00, 0xa6, 0x67, 0xc2, 0xf1, 0x08, 0xb4, 0xc1, 0xf6
.byte 0x0c, 0xb5, 0x41, 0xf5, 0x04, 0xb6, 0x00, 0x18, 0x00, 0x00, 0x00, 0x65, 0xa2, 0xf1, 0x18, 0xb4
.byte 0xa2, 0xf1, 0x18, 0xb6, 0x00, 0x18, 0x00, 0x00, 0xb0, 0x67, 0x61, 0xf7, 0x18, 0xb4, 0x21, 0x6d
.byte 0x00, 0x18, 0x00, 0x00, 0xc5, 0x67, 0xa2, 0xf1, 0x08, 0xb4, 0xa2, 0xf1, 0x08, 0xb6, 0x00, 0x18
.byte 0x00, 0x00, 0x00, 0x6d, 0x91, 0x67, 0x00, 0x6d, 0x00, 0x18, 0x00, 0x00, 0x01, 0x6e, 0x02, 0xf1
.byte 0x14, 0xb4, 0x00, 0x6d, 0x00, 0x18, 0x00, 0x00, 0x50, 0x6e, 0xa1, 0xf6, 0x0c, 0xb4, 0xc2, 0xf0
.byte 0x1c, 0xb6, 0x00, 0x18, 0x00, 0x00, 0x00, 0x6d, 0x00, 0x6a, 0x60, 0xf6, 0x0e, 0x10, 0x05, 0x72
.byte 0x60, 0xf6, 0x05, 0x61, 0x62, 0xf1, 0x10, 0xb1, 0xe1, 0xf7, 0x18, 0xb4, 0xe1, 0xf7, 0x10, 0xb6
.byte 0x00, 0x18, 0x00, 0x00, 0xb1, 0x67, 0xe1, 0xf7, 0x10, 0xb4, 0xe1, 0xf7, 0x04, 0xb6, 0x00, 0x18
.byte 0x00, 0x00, 0xb1, 0x67, 0xe1, 0xf7, 0x04, 0xb4, 0xc1, 0xf7, 0x14, 0xb6, 0x00, 0x18, 0x00, 0x00
.byte 0xb1, 0x67, 0xc1, 0xf7, 0x1c, 0xb4, 0xc1, 0xf7, 0x08, 0xb6, 0x00, 0x18, 0x00, 0x00, 0xb1, 0x67
.byte 0xc1, 0xf7, 0x10, 0xb4, 0x22, 0xf1, 0x14, 0xb5, 0xc1, 0xf7, 0x0c, 0xb6, 0x00, 0x18, 0x00, 0x00
.byte 0x00, 0x65, 0xc1, 0xf7, 0x1c, 0xb4, 0xa1, 0xf7, 0x08, 0xb6, 0x00, 0x18, 0x00, 0x00, 0xb1, 0x67
.byte 0xc1, 0xf7, 0x10, 0xb4, 0x81, 0xf7, 0x18, 0xb6, 0x00, 0x18, 0x00, 0x00, 0xb1, 0x67, 0xc1, 0xf7
.byte 0x08, 0xb4, 0x81, 0xf7, 0x0c, 0xb6, 0x00, 0x18, 0x00, 0x00, 0xb1, 0x67, 0xa1, 0xf7, 0x1c, 0xb4
.byte 0x61, 0xf7, 0x1c, 0xb6, 0x00, 0x18, 0x00, 0x00, 0xb1, 0x67, 0xa1, 0xf7, 0x14, 0xb4, 0xe2, 0xf0
.byte 0x0c, 0xb5, 0x81, 0xf7, 0x04, 0xb6, 0x00, 0x18, 0x00, 0x00, 0x00, 0x65, 0xe2, 0xf0, 0x00, 0xb4
.byte 0x01, 0xf7, 0x08, 0xb5, 0x00, 0x18, 0x00, 0x00, 0x00, 0x65, 0xff, 0xf7, 0x11, 0x69, 0x2b, 0xe9
.byte 0xc2, 0xf0, 0x10, 0xb4, 0x00, 0x6d, 0x00, 0x18, 0x00, 0x00, 0xd1, 0x67, 0xc2, 0xf0, 0x08, 0xb4
.byte 0xe1, 0xf6, 0x08, 0xb5, 0x00, 0x18, 0x00, 0x00, 0x00, 0x65, 0xc2, 0xf0, 0x00, 0xb4, 0x00, 0x6d
.byte 0x00, 0x18, 0x00, 0x00, 0xd1, 0x67, 0xc1, 0xf6, 0x1c, 0xb1, 0xc1, 0xf6, 0x1c, 0xb4, 0xc1, 0xf6
.byte 0x1c, 0xb6, 0x00, 0x18, 0x00, 0x00, 0xb1, 0x67, 0xc1, 0xf6, 0x18, 0xb4, 0xc1, 0xf6, 0x0c, 0xb6
.byte 0x00, 0x18, 0x00, 0x00, 0xb1, 0x67, 0x61, 0xf5, 0x00, 0xb4, 0x82, 0xf0, 0x14, 0xb5, 0x82, 0xf0
.byte 0x14, 0xb6, 0x00, 0x18, 0x00, 0x00, 0x00, 0x65, 0xa1, 0xf5, 0x00, 0xb4, 0xa1, 0xf5, 0x00, 0xb5
.byte 0x82, 0xf0, 0x04, 0xb6, 0x00, 0x18, 0x00, 0x00, 0x00, 0x65, 0x81, 0xf5, 0x08, 0xb4, 0x62, 0xf0
.byte 0x1c, 0xb5, 0x62, 0xf0, 0x1c, 0xb6, 0x00, 0x18, 0x00, 0x00, 0x00, 0x65, 0x81, 0xf5, 0x08, 0xb4
.byte 0x81, 0xf5, 0x08, 0xb5, 0x62, 0xf0, 0x0c, 0xb6, 0x00, 0x18, 0x00, 0x00, 0x00, 0x65, 0x81, 0xf5
.byte 0x04, 0xb4, 0x81, 0xf5, 0x04, 0xb5, 0x81, 0xf5, 0x04, 0xb6, 0x00, 0x18, 0x00, 0x00, 0x00, 0x65
.byte 0x81, 0xf5, 0x08, 0xb4, 0x42, 0xf0, 0x10, 0xb5, 0x42, 0xf0, 0x10, 0xb6, 0x00, 0x18, 0x00, 0x00
.byte 0x00, 0x65, 0x81, 0xf5, 0x00, 0xb4, 0x42, 0xf0, 0x08, 0xb5, 0x42, 0xf0, 0x08, 0xb6, 0x00, 0x18
.byte 0x00, 0x00, 0x00, 0x65, 0x43, 0x98, 0x01, 0x6d, 0x4c, 0xed, 0x61, 0xf5, 0x14, 0xb4, 0x22, 0xf0
.byte 0x18, 0xb2, 0x22, 0xf0, 0x18, 0xb6, 0x00, 0x18, 0x00, 0x00, 0x4d, 0xed, 0x01, 0xf5, 0x08, 0xb4
.byte 0x22, 0xf0, 0x0c, 0xb5, 0x22, 0xf0, 0x0c, 0xb6, 0x00, 0x18, 0x00, 0x00, 0x00, 0x65, 0x81, 0xf5
.byte 0x1c, 0xb1, 0x81, 0xf5, 0x1c, 0xb4, 0x00, 0x6d, 0x00, 0x18, 0x00, 0x00, 0xd1, 0x67, 0x81, 0xf5
.byte 0x14, 0xb4, 0x81, 0xf5, 0x14, 0xb6, 0x00, 0x18, 0x00, 0x00, 0x00, 0x6d, 0x81, 0xf5, 0x0c, 0xb4
.byte 0x00, 0x6d, 0x00, 0x18, 0x00, 0x00, 0xd1, 0x67, 0x81, 0xf5, 0x04, 0xb4, 0x00, 0x6d, 0x00, 0x18
.byte 0x00, 0x00, 0xd1, 0x67, 0x61, 0xf5, 0x1c, 0xb4, 0xe1, 0xf7, 0x0c, 0xb5, 0x00, 0x18, 0x00, 0x00
.byte 0xd1, 0x67, 0x61, 0xf5, 0x1c, 0xb4, 0x61, 0xf5, 0x00, 0xb6, 0x00, 0x18, 0x00, 0x00, 0x00, 0x6d
.byte 0x61, 0xf5, 0x14, 0xb4, 0x00, 0x6d, 0x00, 0x18, 0x00, 0x00, 0xd1, 0x67, 0x61, 0xf5, 0x0c, 0xb4
.byte 0x00, 0x6d, 0x00, 0x18, 0x00, 0x00, 0xd1, 0x67, 0x61, 0xf5, 0x10, 0xb4, 0x81, 0xf5, 0x1c, 0xb5
.byte 0x00, 0x18, 0x00, 0x00, 0xd1, 0x67, 0x61, 0xf5, 0x0c, 0xb4, 0xa1, 0xf7, 0x10, 0xb5, 0x00, 0x18
.byte 0x00, 0x00, 0xd1, 0x67, 0x61, 0xf5, 0x04, 0xb4, 0x81, 0xf5, 0x00, 0xb5, 0x00, 0x18, 0x00, 0x00
.byte 0xd1, 0x67, 0x41, 0xf5, 0x1c, 0xb4, 0x61, 0xf5, 0x14, 0xb5, 0x00, 0x18, 0x00, 0x00, 0xd1, 0x67
.byte 0x41, 0xf5, 0x10, 0xb4, 0x81, 0xf7, 0x04, 0xb5, 0x00, 0x18, 0x00, 0x00, 0xd1, 0x67, 0x41, 0xf5
.byte 0x08, 0xb4, 0x61, 0xf7, 0x18, 0xb5, 0x00, 0x18, 0x00, 0x00, 0xd1, 0x67, 0xa1, 0xf4, 0x04, 0xb4
.byte 0x61, 0xf7, 0x0c, 0xb5, 0x00, 0x18, 0x00, 0x00, 0x00, 0x65, 0x81, 0xf4, 0x1c, 0xb4, 0x81, 0xf4
.byte 0x1c, 0xb5, 0x61, 0xf7, 0x00, 0xb6, 0x00, 0x18, 0x00, 0x00, 0x00, 0x65, 0x81, 0xf4, 0x14, 0xb4
.byte 0x61, 0xf4, 0x1c, 0xb5, 0x41, 0xf7, 0x10, 0xb6, 0x00, 0x18, 0x00, 0x00, 0x00, 0x65, 0xa1, 0xf4
.byte 0x00, 0xb4, 0xff, 0x6d, 0x41, 0xf7, 0x04, 0xb6, 0x00, 0x18, 0x00, 0x00, 0x11, 0x4d, 0x81, 0xf4
.byte 0x14, 0xb4, 0x21, 0xf7, 0x1c, 0xb5, 0x21, 0xf7, 0x1c, 0xb6, 0x00, 0x18, 0x00, 0x00, 0x00, 0x65
.byte 0x81, 0xf4, 0x04, 0xb4, 0x21, 0xf7, 0x10, 0xb5, 0x21, 0xf7, 0x10, 0xb6, 0x00, 0x18, 0x00, 0x00
.byte 0x00, 0x65, 0x21, 0xf2, 0x04, 0xb4, 0x00, 0x18, 0x00, 0x00, 0x00, 0x6d, 0x48, 0x98, 0x10, 0x72
.byte 0x08, 0x61, 0x01, 0xf7, 0x1c, 0xb6, 0x01, 0xf2, 0x10, 0xb4, 0x00, 0x18, 0x00, 0x00, 0xa6, 0x67
.byte 0x07, 0x10, 0x01, 0xf7, 0x10, 0xb6, 0x01, 0xf2, 0x00, 0xb4, 0x00, 0x18, 0x00, 0x00, 0xa6, 0x67
.byte 0x01, 0xf6, 0x04, 0xb4, 0x04, 0xf0, 0x01, 0x6d, 0xe1, 0xf6, 0x1c, 0xb6, 0x00, 0x18, 0x00, 0x00
.byte 0x00, 0x65, 0xa1, 0xf5, 0x10, 0xb4, 0xa1, 0xf5, 0x08, 0xb5, 0xe1, 0xf6, 0x10, 0xb6, 0x00, 0x18
.byte 0x00, 0x00, 0x00, 0x65, 0x61, 0xf3, 0x14, 0xb4, 0xe1, 0xf6, 0x04, 0xb5, 0xe1, 0xf6, 0x04, 0xb6
.byte 0x00, 0x18, 0x00, 0x00, 0x00, 0x65, 0x81, 0xf5, 0x18, 0xb4, 0xe0, 0xf3, 0x1f, 0x6e, 0x00, 0x18
.byte 0x00, 0x00, 0x80, 0x6d, 0x81, 0xf5, 0x0c, 0xb4, 0xc1, 0xf6, 0x0c, 0xb6, 0x00, 0x18, 0x00, 0x00
.byte 0x09, 0x6d, 0x81, 0xf5, 0x04, 0xb4, 0xc1, 0xf6, 0x04, 0xb5, 0xc1, 0xf6, 0x04, 0xb6, 0x00, 0x18
.byte 0x00, 0x00, 0x00, 0x65, 0x81, 0xf1, 0x14, 0xb4, 0x81, 0xf1, 0x14, 0xb5, 0x81, 0xf1, 0x14, 0xb6
.byte 0x00, 0x18, 0x00, 0x00, 0x00, 0x65, 0x21, 0xf3, 0x10, 0xb4, 0xa1, 0xf6, 0x08, 0xb5, 0x41, 0xf6
.byte 0x14, 0xb6, 0x00, 0x18, 0x00, 0x00, 0x00, 0x65, 0x01, 0xf3, 0x0c, 0xb4, 0x81, 0xf6, 0x18, 0xb5
.byte 0x81, 0xf6, 0x18, 0xb6, 0x00, 0x18, 0x00, 0x00, 0x00, 0x65, 0x41, 0xf5, 0x10, 0xb4, 0x41, 0xf5
.byte 0x10, 0xb5, 0x81, 0xf6, 0x0c, 0xb6, 0x00, 0x18, 0x00, 0x00, 0x00, 0x65, 0x81, 0xf6, 0x04, 0xb6
.byte 0x61, 0xf3, 0x00, 0xb4, 0x00, 0x18, 0x00, 0x00, 0xa6, 0x67, 0xa1, 0xf4, 0x0c, 0xb4, 0x61, 0xf6
.byte 0x18, 0xb5, 0x81, 0xf6, 0x0d, 0x6e, 0x00, 0x18, 0x00, 0x00, 0xcb, 0xee, 0x61, 0xf6, 0x0c, 0xb4
.byte 0x61, 0xf6, 0x0c, 0xb5, 0x61, 0xf6, 0x0c, 0xb6, 0x00, 0x18, 0x00, 0x00, 0x00, 0x65, 0x61, 0xf3
.byte 0x0c, 0xb1, 0x01, 0xf4, 0x18, 0xb4, 0x41, 0xf6, 0x18, 0xb5, 0x00, 0x18, 0x00, 0x00, 0xd1, 0x67
.byte 0x01, 0xf4, 0x0c, 0xb4, 0x41, 0xf6, 0x10, 0xb5, 0x00, 0x18, 0x00, 0x00, 0x00, 0x65, 0x01, 0xf4
.byte 0x00, 0xb4, 0x21, 0xf6, 0x1c, 0xb5, 0x00, 0x18, 0x00, 0x00, 0xd1, 0x67, 0x41, 0xf3, 0x00, 0xb4
.byte 0x00, 0x6d, 0x00, 0x18, 0x00, 0x00, 0xd1, 0x67, 0x21, 0xf3, 0x18, 0xb4, 0x21, 0xf3, 0x18, 0xb6
.byte 0x00, 0x18, 0x00, 0x00, 0x00, 0x6d, 0x21, 0xf3, 0x14, 0xb4, 0x00, 0x6d, 0x00, 0x18, 0x00, 0x00
.byte 0xd1, 0x67, 0x21, 0xf3, 0x0c, 0xb4, 0x00, 0x6d, 0x00, 0x18, 0x00, 0x00, 0xd1, 0x67, 0x21, 0xf3
.byte 0x04, 0xb4, 0x21, 0xf3, 0x04, 0xb5, 0x00, 0x18, 0x00, 0x00, 0xd1, 0x67, 0x21, 0xf3, 0x00, 0xb4
.byte 0x21, 0xf3, 0x00, 0xb5, 0x01, 0xf3, 0x00, 0xb6, 0x00, 0x18, 0x00, 0x00, 0x00, 0x65, 0x01, 0xf3
.byte 0x18, 0xb4, 0x00, 0x6d, 0x00, 0x18, 0x00, 0x00, 0xd1, 0x67, 0x01, 0xf3, 0x10, 0xb4, 0x00, 0x6d
.byte 0x00, 0x18, 0x00, 0x00, 0xd1, 0x67, 0x01, 0xf3, 0x08, 0xb1, 0x01, 0xf3, 0x08, 0xb4, 0x01, 0xf2
.byte 0x00, 0x6d, 0x00, 0x18, 0x00, 0x00, 0xd1, 0x67, 0xe1, 0xf2, 0x1c, 0xb4, 0x00, 0x6d, 0x00, 0x18
.byte 0x00, 0x00, 0xd1, 0x67, 0x4c, 0x98, 0x40, 0xf6, 0x00, 0x72, 0x2d, 0x61, 0xa1, 0xf2, 0x0c, 0xb1
.byte 0xe1, 0xf2, 0x08, 0xb4, 0x01, 0xf3, 0x14, 0xb5, 0x00, 0x18, 0x00, 0x00, 0xd1, 0x67, 0xe1, 0xf2
.byte 0x04, 0xb4, 0x21, 0xf5, 0x08, 0xb5, 0x00, 0x18, 0x00, 0x00, 0xd1, 0x67, 0xc1, 0xf2, 0x1c, 0xb4
.byte 0xe1, 0xf2, 0x18, 0xb5, 0x00, 0x18, 0x00, 0x00, 0xd1, 0x67, 0xc1, 0xf2, 0x14, 0xb4, 0xe1, 0xf2
.byte 0x0c, 0xb5, 0x00, 0x18, 0x00, 0x00, 0xd1, 0x67, 0xc1, 0xf2, 0x08, 0xb4, 0xe1, 0xf4, 0x1c, 0xb5
.byte 0x00, 0x18, 0x00, 0x00, 0xd1, 0x67, 0xc1, 0xf2, 0x00, 0xb4, 0xe1, 0xf4, 0x10, 0xb5, 0x00, 0x18
.byte 0x00, 0x00, 0xd1, 0x67, 0x2f, 0x10, 0x40, 0xf7, 0x0a, 0x72, 0x2c, 0x61, 0x41, 0xf2, 0x0c, 0xb1
.byte 0x81, 0xf2, 0x08, 0xb4, 0x41, 0xf5, 0x04, 0xb5, 0x00, 0x18, 0x00, 0x00, 0xd1, 0x67, 0x81, 0xf2
.byte 0x04, 0xb4, 0x81, 0xf2, 0x04, 0xb5, 0x00, 0x18, 0x00, 0x00, 0xd1, 0x67, 0x61, 0xf2, 0x1c, 0xb4
.byte 0x21, 0xf5, 0x08, 0xb5, 0x00, 0x18, 0x00, 0x00, 0xd1, 0x67, 0x61, 0xf2, 0x14, 0xb4, 0x01, 0xf5
.byte 0x1c, 0xb5, 0x00, 0x18, 0x00, 0x00, 0xd1, 0x67, 0x61, 0xf2, 0x08, 0xb4, 0x41, 0xf2, 0x18, 0xb5
.byte 0x00, 0x18, 0x00, 0x00, 0xd1, 0x67, 0x61, 0xf2, 0x00, 0xb4, 0x41, 0xf2, 0x0c, 0xb5, 0x00, 0x18
.byte 0x00, 0x00, 0xd1, 0x67, 0xe1, 0xf1, 0x14, 0xb1, 0x41, 0xf2, 0x10, 0xb4, 0x41, 0xf2, 0x1c, 0xb5
.byte 0x00, 0x18, 0x00, 0x00, 0xd1, 0x67, 0x41, 0xf2, 0x08, 0xb4, 0x41, 0xf2, 0x10, 0xb5, 0x00, 0x18
.byte 0x00, 0x00, 0xd1, 0x67, 0x21, 0xf2, 0x1c, 0xb4, 0x61, 0xf4, 0x00, 0xb5, 0x00, 0x18, 0x00, 0x00
.byte 0xd1, 0x67, 0x21, 0xf2, 0x14, 0xb4, 0x01, 0xf2, 0x10, 0xb5, 0x00, 0x18, 0x00, 0x00, 0xd1, 0x67
.byte 0x21, 0xf2, 0x14, 0xb4, 0x21, 0xf2, 0x0c, 0xb5, 0x21, 0xf2, 0x10, 0xb6, 0x00, 0x18, 0x00, 0x00
.byte 0x00, 0x65, 0x21, 0xf2, 0x0c, 0xb4, 0x01, 0xf2, 0x1c, 0xb5, 0x21, 0xf2, 0x00, 0xb6, 0x00, 0x18
.byte 0x00, 0x00, 0x00, 0x65, 0x01, 0xf2, 0x1c, 0xb4, 0x01, 0xf2, 0x08, 0xb5, 0x01, 0xf2, 0x0c, 0xb6
.byte 0x00, 0x18, 0x00, 0x00, 0x00, 0x65, 0x01, 0xf2, 0x10, 0xb4, 0xe1, 0xf1, 0x18, 0xb5, 0xe1, 0xf1
.byte 0x1c, 0xb6, 0x00, 0x18, 0x00, 0x00, 0x00, 0x65, 0x01, 0xf2, 0x00, 0xb4, 0x02, 0xf1, 0x11, 0x6d
.byte 0x00, 0x18, 0x00, 0x00, 0xd1, 0x67, 0xe1, 0xf1, 0x1c, 0xb4, 0x26, 0xf3, 0x13, 0x6d, 0x00, 0x18
.byte 0x00, 0x00, 0xd1, 0x67, 0xe1, 0xf1, 0x18, 0xb4, 0x41, 0xf4, 0x14, 0xb5, 0xe1, 0xf1, 0x18, 0xb6
.byte 0x00, 0x18, 0x00, 0x00, 0x00, 0x65, 0xe1, 0xf1, 0x14, 0xb4, 0x21, 0xf4, 0x14, 0xb5, 0x00, 0x18
.byte 0x00, 0x00, 0xd1, 0x67, 0xe1, 0xf1, 0x08, 0xb4, 0x21, 0xf4, 0x0c, 0xb5, 0x00, 0x18, 0x00, 0x00
.byte 0xd1, 0x67, 0xe1, 0xf1, 0x04, 0xb4, 0x01, 0xf4, 0x18, 0xb5, 0x00, 0x18, 0x00, 0x00, 0xd1, 0x67
.byte 0xc1, 0xf1, 0x18, 0xb4, 0x01, 0xf4, 0x10, 0xb5, 0x00, 0x18, 0x00, 0x00, 0xd1, 0x67, 0x01, 0xf4
.byte 0x14, 0xb1, 0xc1, 0xf1, 0x10, 0xb4, 0xc1, 0xf1, 0x08, 0xb6, 0x00, 0x18, 0x00, 0x00, 0xb1, 0x67
.byte 0xc1, 0xf1, 0x04, 0xb4, 0xa1, 0xf1, 0x18, 0xb6, 0x00, 0x18, 0x00, 0x00, 0xb1, 0x67, 0xa1, 0xf1
.byte 0x1c, 0xb4, 0xa1, 0xf1, 0x0c, 0xb6, 0x00, 0x18, 0x00, 0x00, 0xb1, 0x67, 0xa1, 0xf1, 0x10, 0xb4
.byte 0x81, 0xf1, 0x1c, 0xb6, 0x00, 0x18, 0x00, 0x00, 0xb1, 0x67, 0xa1, 0xf1, 0x08, 0xb4, 0xa1, 0xf1
.byte 0x08, 0xb6, 0x00, 0x18, 0x00, 0x00, 0x00, 0x6d, 0xa1, 0xf1, 0x00, 0xb4, 0x81, 0xf1, 0x00, 0xb6
.byte 0x00, 0x18, 0x00, 0x00, 0xb1, 0x67, 0x81, 0xf1, 0x18, 0xb4, 0x61, 0xf1, 0x14, 0xb6, 0x00, 0x18
.byte 0x00, 0x00, 0xb1, 0x67, 0x81, 0xf1, 0x0c, 0xb4, 0x61, 0xf1, 0x04, 0xb6, 0x00, 0x18, 0x00, 0x00
.byte 0xb1, 0x67, 0x81, 0xf1, 0x04, 0xb4, 0x41, 0xf1, 0x18, 0xb6, 0x00, 0x18, 0x00, 0x00, 0xb1, 0x67
.byte 0x61, 0xf1, 0x18, 0xb4, 0x61, 0xf1, 0x00, 0xb6, 0x00, 0x18, 0x00, 0x00, 0x00, 0x6d, 0x61, 0xf1
.byte 0x10, 0xb4, 0x21, 0xf1, 0x1c, 0xb6, 0x00, 0x18, 0x00, 0x00, 0xb1, 0x67, 0x61, 0xf1, 0x04, 0xb4
.byte 0x21, 0xf1, 0x0c, 0xb6, 0x00, 0x18, 0x00, 0x00, 0xb1, 0x67, 0x41, 0xf1, 0x1c, 0xb4, 0x21, 0xf1
.byte 0x00, 0xb6, 0x00, 0x18, 0x00, 0x00, 0xb1, 0x67, 0x41, 0xf1, 0x10, 0xb4, 0x01, 0xf1, 0x10, 0xb6
.byte 0x00, 0x18, 0x00, 0x00, 0xb1, 0x67, 0x41, 0xf1, 0x08, 0xb4, 0x01, 0xf1, 0x1c, 0xb6, 0x00, 0x18
.byte 0x00, 0x00, 0x00, 0x6d, 0x21, 0xf1, 0x1c, 0xb4, 0xe1, 0xf0, 0x14, 0xb6, 0x00, 0x18, 0x00, 0x00
.byte 0xb1, 0x67, 0x21, 0xf1, 0x14, 0xb4, 0xe1, 0xf0, 0x08, 0xb6, 0x00, 0x18, 0x00, 0x00, 0xb1, 0x67
.byte 0x21, 0xf1, 0x08, 0xb4, 0xc1, 0xf0, 0x18, 0xb6, 0x00, 0x18, 0x00, 0x00, 0xb1, 0x67, 0x21, 0xf1
.byte 0x00, 0xb4, 0xc1, 0xf0, 0x0c, 0xb6, 0x00, 0x18, 0x00, 0x00, 0xb1, 0x67, 0x01, 0xf1, 0x14, 0xb4
.byte 0xc1, 0xf0, 0x14, 0xb6, 0x00, 0x18, 0x00, 0x00, 0x00, 0x6d, 0x01, 0xf1, 0x0c, 0xb4, 0xe1, 0xf2
.byte 0x18, 0xb5, 0x01, 0xf1, 0x0c, 0xb6, 0x00, 0x18, 0x00, 0x00, 0x00, 0x65, 0x01, 0xf1, 0x04, 0xb4
.byte 0x03, 0x6d, 0x00, 0x18, 0x00, 0x00, 0x0f, 0x6e, 0xe1, 0xf0, 0x1c, 0xb4, 0x03, 0x6d, 0x00, 0x18
.byte 0x00, 0x00, 0x0f, 0x6e, 0xa2, 0x98, 0xe1, 0xf0, 0x18, 0xb2, 0x00, 0x6b, 0x80, 0xaa, 0xaa, 0xec
.byte 0x0f, 0x61, 0xc1, 0xaa, 0x8c, 0x98, 0x8a, 0xee, 0x0b, 0x61, 0x68, 0x32, 0x74, 0x31, 0x47, 0xe1
.byte 0x65, 0xe1, 0x28, 0x31, 0xc1, 0xf0, 0x18, 0xb2, 0x45, 0xe1, 0x04, 0x73, 0x07, 0x61, 0xee, 0x10
.byte 0x01, 0x4b, 0x11, 0xeb, 0x74, 0x4a, 0x04, 0x73, 0xe9, 0x61, 0xe8, 0x10, 0xac, 0xa9, 0x0f, 0x6a
.byte 0x4c, 0xed, 0x00, 0xf6, 0xa0, 0x35, 0x4f, 0xa9, 0x07, 0x6b, 0x6c, 0xea, 0x40, 0x32, 0x40, 0x32
.byte 0x4d, 0xed, 0x4e, 0xa9, 0x0f, 0x6c, 0x8c, 0xea, 0x4d, 0xed, 0x4d, 0xa9, 0x1f, 0x6b, 0x6c, 0xea
.byte 0x40, 0x32, 0xa1, 0xf0, 0x04, 0xb4, 0xa1, 0xf0, 0x04, 0xb6, 0x00, 0x18, 0x00, 0x00, 0x4d, 0xed
.byte 0xa7, 0xa9, 0x1f, 0x6c, 0x8c, 0xed, 0x00, 0xf6, 0xa0, 0x35, 0x44, 0xa9, 0x0f, 0x6b, 0x6c, 0xea
.byte 0x40, 0x32, 0x40, 0x32, 0x4d, 0xed, 0x46, 0xa9, 0x07, 0x6c, 0x8c, 0xea, 0x4d, 0xed, 0x45, 0xa9
.byte 0x6c, 0xea, 0x40, 0x32, 0x61, 0xf0, 0x18, 0xb4, 0x61, 0xf0, 0x18, 0xb6, 0x00, 0x18, 0x00, 0x00
.byte 0x4d, 0xed, 0xb0, 0xa9, 0x1f, 0x6a, 0x4c, 0xed, 0x00, 0xf6, 0xa0, 0x35, 0x4b, 0xa9, 0x07, 0x6b
.byte 0x6c, 0xea, 0x40, 0x32, 0x4d, 0xed, 0x4a, 0xa9, 0x6c, 0xea, 0x4d, 0xed, 0x43, 0x98, 0x11, 0x4a
.byte 0x44, 0x32, 0x49, 0xe1, 0x40, 0xaa, 0x0f, 0x6c, 0x8c, 0xea, 0x40, 0x32, 0x40, 0x32, 0x41, 0xf0
.byte 0x08, 0xb4, 0x41, 0xf0, 0x08, 0xb6, 0x00, 0x18, 0x00, 0x00, 0x4d, 0xed, 0xb0, 0xa1, 0xa0, 0x35
.byte 0xa0, 0x35, 0x52, 0xa1, 0x21, 0xf0, 0x18, 0xb4, 0x21, 0xf0, 0x18, 0xb6, 0x00, 0x18, 0x00, 0x00
.byte 0x4d, 0xed, 0xb5, 0xa9, 0xe0, 0xf3, 0x1f, 0x6a, 0x4c, 0xed, 0x56, 0xa9, 0x00, 0xf6, 0x40, 0x32
.byte 0x4d, 0xed, 0x20, 0xf0, 0x48, 0xa1, 0x40, 0x32, 0x40, 0x32, 0x01, 0xf0, 0x1c, 0xb4, 0x4d, 0xed
.byte 0x1f, 0xf4, 0x01, 0x6e, 0x00, 0x18, 0x00, 0x00, 0xcb, 0xee, 0xb8, 0xa9, 0x1f, 0x6a, 0x4c, 0xed
.byte 0xa0, 0x35, 0x57, 0xa9, 0x1f, 0x6b, 0x6c, 0xea, 0x4d, 0xed, 0x43, 0x98, 0x19, 0x4a, 0x44, 0x32
.byte 0x49, 0xe1, 0x40, 0xaa, 0x0f, 0x6c, 0x8c, 0xea, 0x00, 0xf6, 0x40, 0x32, 0xe0, 0xf7, 0x0c, 0xb4
.byte 0xe0, 0xf7, 0x0c, 0xb6, 0x00, 0x18, 0x00, 0x00, 0x4d, 0xed, 0xbb, 0xa9, 0x0f, 0x6a, 0x4c, 0xed
.byte 0xa0, 0x35, 0x5c, 0xa9, 0x50, 0x32, 0xff, 0x6b, 0x6c, 0xea, 0x4d, 0xed, 0x7d, 0xa9, 0x03, 0x6a
.byte 0x6c, 0xea, 0x61, 0xf1, 0x18, 0xb4, 0xe1, 0xf7, 0x13, 0x6e, 0x00, 0x18, 0x00, 0x00, 0x4d, 0xed
.byte 0x60, 0xf0, 0xa2, 0xa9, 0x0f, 0x6c, 0x8c, 0xed, 0x00, 0xf6, 0xa0, 0x35, 0x60, 0xf0, 0x44, 0xa9
.byte 0x07, 0x6b, 0x6c, 0xea, 0x40, 0x32, 0x40, 0x32, 0x4d, 0xed, 0x60, 0xf0, 0x48, 0xa9, 0x8c, 0xea
.byte 0x4d, 0xed, 0x60, 0xf0, 0x46, 0xa9, 0x8c, 0xea, 0x40, 0x32, 0x80, 0xf7, 0x18, 0xb4, 0x80, 0xf7
.byte 0x18, 0xb6, 0x00, 0x18, 0x00, 0x00, 0x4d, 0xed, 0x40, 0xf0, 0xba, 0xa9, 0x01, 0x6a, 0x4c, 0xed
.byte 0xc0, 0xf5, 0xa0, 0x35, 0x40, 0xf0, 0x7c, 0xa9, 0x4c, 0xeb, 0x80, 0xf5, 0x60, 0x33, 0x6d, 0xed
.byte 0x40, 0xf0, 0x62, 0xa9, 0x4c, 0xeb, 0x6d, 0xed, 0x7f, 0xa9, 0x7c, 0x33, 0xff, 0x6c, 0x8c, 0xeb
.byte 0x6d, 0xed, 0x40, 0xf0, 0x6c, 0xa9, 0x4c, 0xeb, 0x78, 0x33, 0x6d, 0xed, 0x40, 0xf0, 0x6e, 0xa9
.byte 0x4c, 0xeb, 0x60, 0x33, 0x68, 0x33, 0x6d, 0xed, 0x40, 0xf0, 0x68, 0xa9, 0x6c, 0xea, 0x50, 0x32
.byte 0xe1, 0xf0, 0x0c, 0xb4, 0xe1, 0xf0, 0x0c, 0xb6, 0x00, 0x18, 0x00, 0x00, 0x4d, 0xed, 0xe0, 0xf6
.byte 0x14, 0xb4, 0x60, 0xf0, 0xac, 0xa9, 0x00, 0x18, 0x00, 0x00, 0x0f, 0x6e, 0xa0, 0xf4, 0x10, 0xb6
.byte 0x20, 0xf7, 0x08, 0xb4, 0x00, 0x18, 0x00, 0x00, 0xa6, 0x67, 0xe0, 0xf1, 0x14, 0x6c, 0x00, 0x18
.byte 0x00, 0x00, 0x00, 0x65, 0x80, 0xf5, 0x00, 0xb4, 0xa1, 0xf0, 0x1c, 0xb5, 0xa1, 0xf0, 0x1c, 0xb6
.byte 0x00, 0x18, 0x00, 0x00, 0x00, 0x65, 0x00, 0x18, 0x00, 0x00, 0x14, 0x6c, 0x40, 0xf7, 0x04, 0xb4
.byte 0x20, 0xf7, 0x1c, 0xb5, 0xa1, 0xf0, 0x08, 0xb6, 0x00, 0x18, 0x00, 0x00, 0x00, 0x65, 0x00, 0x18
.byte 0x00, 0x00, 0x64, 0x6c, 0x4c, 0x98, 0x40, 0xf6, 0x00, 0x72, 0x49, 0x61, 0x90, 0x67, 0x00, 0x6d
.byte 0x02, 0x6e, 0x00, 0x18, 0x00, 0x00, 0xe5, 0x67, 0x90, 0x67, 0x00, 0x6d, 0x03, 0x6e, 0x00, 0x18
.byte 0x00, 0x00, 0xe5, 0x67, 0x90, 0x67, 0x00, 0x6d, 0x01, 0x6e, 0xff, 0x6f, 0x00, 0x18, 0x00, 0x00
.byte 0x04, 0x4f, 0x90, 0x67, 0x01, 0x6d, 0x00, 0x6e, 0x00, 0x18, 0x00, 0x00, 0xe6, 0x67, 0x90, 0x67
.byte 0x01, 0x6d, 0x00, 0xf4, 0x00, 0x6f, 0x00, 0x18, 0x00, 0x00, 0xc5, 0x67, 0x90, 0x67, 0x01, 0x6d
.byte 0x80, 0xf4, 0x00, 0x6f, 0x00, 0x18, 0x00, 0x00, 0x02, 0x6e, 0x00, 0x18, 0x00, 0x00, 0x0a, 0x6c
.byte 0x90, 0x67, 0x01, 0x6d, 0xc0, 0xf4, 0x08, 0x6f, 0x00, 0x18, 0x00, 0x00, 0x02, 0x6e, 0x00, 0x18
.byte 0x00, 0x00, 0x0a, 0x6c, 0x90, 0x67, 0x01, 0x6d, 0x40, 0xf4, 0x08, 0x6f, 0x00, 0x18, 0x00, 0x00
.byte 0x02, 0x6e, 0x00, 0x18, 0x00, 0x00, 0x0a, 0x6c, 0x90, 0x67, 0x00, 0x6d, 0x00, 0xf3, 0x10, 0x6f
.byte 0x00, 0x18, 0x00, 0x00, 0xc5, 0x67, 0x00, 0x18, 0x00, 0x00, 0x64, 0x6c, 0x4b, 0x10, 0x40, 0xf7
.byte 0x0a, 0x72, 0x48, 0x61, 0x90, 0x67, 0x00, 0x6d, 0x02, 0x6e, 0x00, 0x18, 0x00, 0x00, 0x08, 0x6f
.byte 0x90, 0x67, 0x00, 0x6d, 0x03, 0x6e, 0x00, 0x18, 0x00, 0x00, 0xe5, 0x67, 0x90, 0x67, 0x00, 0x6d
.byte 0x01, 0x6e, 0xff, 0x6f, 0x00, 0x18, 0x00, 0x00, 0x04, 0x4f, 0x90, 0x67, 0x01, 0x6d, 0x00, 0x6e
.byte 0x00, 0x18, 0x00, 0x00, 0xe6, 0x67, 0x90, 0x67, 0x01, 0x6d, 0x00, 0xf4, 0x00, 0x6f, 0x00, 0x18
.byte 0x00, 0x00, 0xc5, 0x67, 0x90, 0x67, 0x01, 0x6d, 0x80, 0xf4, 0x00, 0x6f, 0x00, 0x18, 0x00, 0x00
.byte 0x02, 0x6e, 0x00, 0x18, 0x00, 0x00, 0x0a, 0x6c, 0x90, 0x67, 0x01, 0x6d, 0xc0, 0xf4, 0x08, 0x6f
.byte 0x00, 0x18, 0x00, 0x00, 0x02, 0x6e, 0x00, 0x18, 0x00, 0x00, 0x0a, 0x6c, 0x90, 0x67, 0x01, 0x6d
.byte 0x40, 0xf4, 0x08, 0x6f, 0x00, 0x18, 0x00, 0x00, 0x02, 0x6e, 0x00, 0x18, 0x00, 0x00, 0x0a, 0x6c
.byte 0x90, 0x67, 0x00, 0x6d, 0x20, 0xf5, 0x00, 0x6f, 0x00, 0x18, 0x00, 0x00, 0xc5, 0x67, 0x00, 0x18
.byte 0x00, 0x00, 0x64, 0x6c, 0x00, 0xf6, 0x08, 0xb4, 0xd1, 0xb5, 0x00, 0x18, 0x00, 0x00, 0x00, 0x65
.byte 0x00, 0xf6, 0x04, 0xb1, 0x91, 0x67, 0x00, 0x18, 0x00, 0x00, 0x00, 0x6d, 0x91, 0x67, 0x10, 0x6d
.byte 0x00, 0x18, 0x00, 0x00, 0xc5, 0x67, 0x00, 0x18, 0x00, 0x00, 0x0a, 0x6c, 0x91, 0x67, 0x00, 0x6d
.byte 0x00, 0x18, 0x00, 0x00, 0x10, 0x6e, 0x00, 0x18, 0x00, 0x00, 0x64, 0x6c, 0xc0, 0xf5, 0x08, 0xb4
.byte 0x20, 0xf7, 0x10, 0xb5, 0xc0, 0xf6, 0x00, 0xb6, 0x00, 0x18, 0x00, 0x00, 0x00, 0x65, 0x91, 0x67
.byte 0x20, 0x6d, 0x00, 0x18, 0x00, 0x00, 0xc5, 0x67, 0x00, 0x18, 0x00, 0x00, 0x0a, 0x6c, 0x91, 0x67
.byte 0x00, 0x6d, 0x00, 0x18, 0x00, 0x00, 0x20, 0x6e, 0xa0, 0xf5, 0x10, 0xb1, 0x91, 0x67, 0x00, 0x18
.byte 0x00, 0x00, 0x00, 0x6d, 0x91, 0x67, 0x01, 0x6d, 0x00, 0x18, 0x00, 0x00, 0xc5, 0x67, 0xff, 0x6e
.byte 0x01, 0x4e, 0x80, 0xf5, 0x04, 0xb4, 0x00, 0x18, 0x00, 0x00, 0xa6, 0x67, 0xac, 0xb6, 0x60, 0xf5
.byte 0x18, 0xb4, 0x00, 0x18, 0x00, 0x00, 0xa6, 0x67, 0xa3, 0x98, 0xd9, 0xb4, 0xa4, 0x35, 0x00, 0x18
.byte 0x00, 0x00, 0x02, 0x6e, 0x60, 0xf5, 0x18, 0xb4, 0x41, 0xf2, 0x16, 0x6d, 0xc0, 0xf6, 0x08, 0xb6
.byte 0x00, 0x18, 0x00, 0x00, 0x00, 0x65, 0x60, 0xf5, 0x0c, 0xb4, 0xaf, 0xb5, 0xa0, 0xf6, 0x1c, 0xb6
.byte 0x00, 0x18, 0x00, 0x00, 0x00, 0x65, 0xb4, 0xb4, 0xa0, 0xf6, 0x14, 0xb5, 0x40, 0xf6, 0x1c, 0xb6
.byte 0x00, 0x18, 0x00, 0x00, 0x00, 0x65, 0x00, 0xf4, 0x18, 0xb4, 0x40, 0xf5, 0x14, 0xb5, 0x40, 0xf5
.byte 0x14, 0xb6, 0x00, 0x18, 0x00, 0x00, 0x00, 0x65, 0x40, 0xf5, 0x0c, 0xb0, 0xae, 0xb4, 0x80, 0xf6
.byte 0x14, 0xb6, 0x00, 0x18, 0x00, 0x00, 0xb0, 0x67, 0xc7, 0xb4, 0xb0, 0x67, 0x00, 0x18, 0x00, 0x00
.byte 0xd0, 0x67, 0x9e, 0xb1, 0x80, 0xf6, 0x00, 0xb4, 0x80, 0xf6, 0x00, 0xb6, 0x00, 0x18, 0x00, 0x00
.byte 0xb1, 0x67, 0x20, 0xf5, 0x08, 0xb6, 0xc0, 0xf4, 0x00, 0xb4, 0x00, 0x18, 0x00, 0x00, 0xa6, 0x67
.byte 0x20, 0xf5, 0x0c, 0xb4, 0x60, 0xf6, 0x08, 0xb5, 0x00, 0x18, 0x00, 0x00, 0x10, 0x68, 0x0b, 0xe8
.byte 0x20, 0xf5, 0x00, 0xb4, 0x8f, 0xb5, 0x00, 0x18, 0x00, 0x00, 0xd0, 0x67, 0x00, 0xf5, 0x18, 0xb4
.byte 0x08, 0xf0, 0x00, 0x6d, 0x00, 0x18, 0x00, 0x00, 0xd0, 0x67, 0x00, 0xf5, 0x10, 0xb4, 0x40, 0xf6
.byte 0x04, 0xb5, 0x40, 0xf6, 0x04, 0xb6, 0x00, 0x18, 0x00, 0x00, 0x00, 0x65, 0x55, 0xb6, 0x9a, 0xb4
.byte 0x00, 0x18, 0x00, 0x00, 0xa6, 0x67, 0x20, 0xf6, 0x14, 0xb6, 0x80, 0xf4, 0x1c, 0xb4, 0x00, 0x18
.byte 0x00, 0x00, 0xa6, 0x67, 0xe0, 0xf4, 0x18, 0xb0, 0x20, 0xf6, 0x04, 0xb5, 0x20, 0xf6, 0x04, 0xb6
.byte 0x00, 0x18, 0x00, 0x00, 0x90, 0x67, 0x90, 0x67, 0x00, 0xf6, 0x1c, 0xb6, 0x00, 0x18, 0x00, 0x00
.byte 0xb1, 0x67, 0xe0, 0xf4, 0x04, 0xb0, 0x00, 0xf6, 0x14, 0xb1, 0x90, 0x67, 0x00, 0x18, 0x00, 0x00
.byte 0xb1, 0x67, 0x90, 0x67, 0x00, 0xf6, 0x08, 0xb6, 0x00, 0x18, 0x00, 0x00, 0xb1, 0x67, 0xa5, 0xb4
.byte 0x21, 0x6d, 0x00, 0x18, 0x00, 0x00, 0xc5, 0x67, 0xc0, 0xf4, 0x04, 0xb4, 0x00, 0x18, 0x00, 0x00
.byte 0x00, 0x6d, 0x40, 0xf4, 0x04, 0xb4, 0x00, 0x6d, 0x00, 0x18, 0x00, 0x00, 0x01, 0x6e, 0x20, 0xf4
.byte 0x14, 0xb4, 0x00, 0x6d, 0x00, 0x18, 0x00, 0x00, 0x50, 0x6e, 0x00, 0x6a, 0x06, 0x10, 0xc0, 0xf5
.byte 0x14, 0xb4, 0x00, 0x18, 0x00, 0x00, 0x00, 0x65, 0x01, 0x6a, 0x74, 0x64, 0xa0, 0xe8, 0x00, 0x65
.byte 0x00, 0x00, 0x00, 0x80, 0x00, 0x00, 0x03, 0x00, 0x40, 0x00, 0x03, 0x00, 0x0c, 0x00, 0x00, 0x30
.byte 0x3f, 0x00, 0x00, 0x30, 0xac, 0x01, 0x04, 0x00, 0xac, 0x01, 0x05, 0x00, 0x14, 0x0d, 0x04, 0x00
.byte 0x78, 0x02, 0x04, 0x00, 0x74, 0x02, 0x04, 0x00, 0x7c, 0x02, 0x04, 0x00, 0xbf, 0x03, 0x60, 0x00
.byte 0x8c, 0x02, 0x04, 0x00, 0x94, 0x02, 0x04, 0x00, 0x00, 0x00, 0x30, 0x13, 0x8c, 0x02, 0x05, 0x00
.byte 0x94, 0x02, 0x05, 0x00, 0x00, 0x2a, 0x2a, 0x22, 0x1c, 0x0d, 0x04, 0x00, 0x01, 0x00, 0x01, 0x00
.byte 0x1c, 0x0c, 0x04, 0x00, 0x9c, 0x0c, 0x04, 0x00, 0xe4, 0x05, 0x04, 0x00, 0xe4, 0x05, 0x05, 0x00
.byte 0x08, 0x00, 0x04, 0x00, 0x64, 0x02, 0x04, 0x00, 0x00, 0x00, 0x92, 0x92, 0x00, 0x00, 0xff, 0xbf
.byte 0x68, 0x02, 0x04, 0x00, 0x40, 0x00, 0x12, 0x00, 0x60, 0x00, 0x3f, 0x00, 0x00, 0x00, 0x50, 0x00
.byte 0x14, 0x0c, 0x04, 0x00, 0x00, 0x3f, 0x70, 0x00, 0x94, 0x0c, 0x04, 0x00, 0xa4, 0x00, 0x04, 0x00
.byte 0x24, 0x01, 0x04, 0x00, 0x88, 0x02, 0x04, 0x00, 0x00, 0xf6, 0x03, 0x00, 0x88, 0x02, 0x05, 0x00
.byte 0xdf, 0xef, 0x7b, 0xff, 0xa8, 0x00, 0x04, 0x00, 0xac, 0x00, 0x04, 0x00, 0x00, 0x0e, 0x10, 0x00
.byte 0x00, 0x3f, 0xf0, 0x01, 0xb0, 0x00, 0x04, 0x00, 0x80, 0x10, 0x00, 0x01, 0x80, 0xd0, 0x00, 0x01
.byte 0x00, 0x00, 0x00, 0x02, 0x28, 0x01, 0x04, 0x00, 0x2c, 0x01, 0x04, 0x00, 0x30, 0x01, 0x04, 0x00
.byte 0xa4, 0x01, 0x04, 0x00, 0xb8, 0x01, 0x04, 0x00, 0x01, 0x01, 0x08, 0x00, 0x1f, 0x1f, 0x08, 0x00
.byte 0x6c, 0x02, 0x04, 0x00, 0x00, 0x00, 0x40, 0x13, 0xf0, 0xf0, 0xf0, 0xff, 0x70, 0x02, 0x04, 0x00
.byte 0xb4, 0x00, 0x04, 0x00, 0x34, 0x01, 0x04, 0x00, 0x0c, 0x0c, 0x05, 0x05, 0x04, 0x0c, 0x04, 0x00
.byte 0x1f, 0x1f, 0x1f, 0x1f, 0x08, 0x0c, 0x04, 0x00, 0x84, 0x0c, 0x04, 0x00, 0x88, 0x0c, 0x04, 0x00
.byte 0x0e, 0x0e, 0x0a, 0x00, 0x00, 0xc0, 0x33, 0x00, 0xa0, 0x00, 0x04, 0x00, 0x20, 0x01, 0x04, 0x00
.byte 0xb0, 0x01, 0x04, 0x00, 0xa0, 0x01, 0x04, 0x00, 0x00, 0x00, 0x37, 0x00, 0xb4, 0x01, 0x04, 0x00
.byte 0x08, 0x0d, 0x04, 0x00, 0x04, 0x0d, 0x04, 0x00, 0xe2, 0x84, 0x00, 0x01, 0xc4, 0x00, 0x04, 0x00
.byte 0x00, 0x02, 0x00, 0x02, 0x00, 0x00, 0x07, 0x00, 0xc8, 0x00, 0x04, 0x00, 0x00, 0x00, 0x01, 0x00
.byte 0x43, 0x02, 0x00, 0x80, 0xb8, 0x00, 0x04, 0x00, 0x38, 0x01, 0x04, 0x00, 0x00, 0x00, 0x04, 0x00
.byte 0x00, 0x00, 0x05, 0x00, 0x00, 0x40, 0x92, 0x00, 0x00, 0x60, 0xff, 0x00, 0x00, 0x80, 0x00, 0x80
.byte 0x8c, 0x00, 0x00, 0x81, 0xa0, 0x02, 0x04, 0x00, 0xa0, 0x02, 0x05, 0x00, 0x8c, 0x00, 0x00, 0x01
.byte 0x00, 0x00, 0x10, 0x00, 0x00, 0x00, 0xff, 0x00, 0x00, 0x00, 0x02, 0x00, 0x00, 0x00, 0x0a, 0x00
.byte 0x00, 0x00, 0x08, 0x00, 0x08, 0x00, 0x05, 0x00, 0xc8, 0x08, 0x03, 0x00, 0x3c, 0x00, 0x03, 0x00
.byte 0x00, 0x00, 0x00, 0x10, 0x64, 0x00, 0x03, 0x00, 0x0c, 0x00, 0x03, 0x00, 0x00, 0x00, 0x00, 0x04
.byte 0x00, 0x20, 0x08, 0x00, 0x4c, 0x00, 0x03, 0x00, 0x01, 0x40, 0x71, 0x65, 0x01, 0x70, 0xf1, 0x6f
.byte 0xa8, 0x02, 0x04, 0x00, 0xa8, 0x02, 0x05, 0x00, 0x54, 0x0c, 0x03, 0x00, 0x00, 0x06, 0x20, 0x00
.byte 0x00, 0x0f, 0x20, 0x00, 0xdc, 0x00, 0x03, 0x00, 0x07, 0xd0, 0x01, 0x00, 0x3f, 0xd0, 0xff, 0x00
.byte 0x10, 0x02, 0x03, 0x00, 0x01, 0x06, 0x09, 0x0e, 0x01, 0x3f, 0x3f, 0x3f, 0x00, 0x30, 0x00, 0x20
.byte 0x00, 0x30, 0x10, 0x20, 0x0f, 0x02, 0x01, 0x01, 0x9c, 0x02, 0x04, 0x00, 0x9c, 0x02, 0x05, 0x00
.byte 0x40, 0x08, 0x03, 0x00, 0xbf, 0x10, 0x00, 0xa2, 0xbf, 0xf0, 0x00, 0xe2, 0x60, 0x08, 0x03, 0x00
.byte 0x50, 0x00, 0x03, 0xc0, 0xf3, 0x00, 0x7f, 0xc0, 0x01, 0x70, 0x00, 0x40, 0x00, 0x00, 0x00, 0xc0
.byte 0x00, 0x02, 0x03, 0x00, 0x48, 0x00, 0x03, 0x00, 0x00, 0x00, 0x00, 0x08, 0x00, 0x00, 0x40, 0x4f
.byte 0x78, 0x08, 0x03, 0x00, 0x34, 0x00, 0x03, 0x00, 0x48, 0x08, 0x03, 0x00, 0x0f, 0x32, 0x07, 0x00
.byte 0xff, 0xff, 0x07, 0x00, 0x00, 0xa0, 0x02, 0x00, 0x3e, 0xf8, 0xff, 0x00, 0xd4, 0x00, 0x03, 0x00
.byte 0x50, 0x00, 0x03, 0x00, 0x54, 0x00, 0x03, 0x00, 0x77, 0x77, 0x77, 0x77, 0x80, 0x08, 0x03, 0x00
.byte 0x84, 0x08, 0x03, 0x00, 0x77, 0x07, 0x07, 0x07, 0x88, 0x08, 0x03, 0x00, 0x8c, 0x08, 0x03, 0x00
.byte 0x90, 0x08, 0x03, 0x00, 0x11, 0x01, 0x00, 0x10, 0x77, 0x07, 0x77, 0x77, 0x94, 0x08, 0x03, 0x00
.byte 0x00, 0x00, 0x00, 0x01, 0x98, 0x08, 0x03, 0x00, 0x9c, 0x08, 0x03, 0x00, 0x3f, 0x3f, 0x00, 0x3f
.byte 0xc4, 0x0e, 0x04, 0x00, 0xc4, 0x0f, 0x04, 0x00, 0xa0, 0x08, 0x03, 0x00, 0x22, 0x22, 0x11, 0x11
.byte 0xa4, 0x08, 0x03, 0x00, 0x11, 0x11, 0x33, 0x33, 0x2c, 0x0a, 0x03, 0x00, 0x30, 0x0a, 0x03, 0x00
.byte 0x34, 0x0a, 0x03, 0x00, 0x38, 0x0a, 0x03, 0x00, 0x2c, 0x0b, 0x03, 0x00, 0x30, 0x0b, 0x03, 0x00
.byte 0x34, 0x0b, 0x03, 0x00, 0x38, 0x0b, 0x03, 0x00, 0x22, 0x22, 0x22, 0x22, 0x33, 0x33, 0x55, 0x55
.byte 0x00, 0x0f, 0x0f, 0x00, 0x1c, 0x0e, 0x04, 0x00, 0x00, 0x3f, 0x3f, 0x3f, 0x1c, 0x0f, 0x04, 0x00
.byte 0x6c, 0x0e, 0x04, 0x00, 0x6c, 0x0f, 0x04, 0x00, 0x1c, 0x0a, 0x03, 0x00, 0x10, 0x10, 0x11, 0x11
.byte 0x20, 0x0a, 0x03, 0x00, 0x1c, 0x0b, 0x03, 0x00, 0x20, 0x0b, 0x03, 0x00, 0x44, 0x08, 0x03, 0x00
.byte 0x0e, 0x0c, 0x00, 0x2c, 0x1f, 0x1f, 0x00, 0x7c, 0x24, 0x0a, 0x03, 0x00, 0x28, 0x0a, 0x03, 0x00
.byte 0x20, 0x20, 0x20, 0x20, 0x24, 0x0b, 0x03, 0x00, 0x28, 0x0b, 0x03, 0x00, 0x3f, 0x3f, 0x3f, 0x3f
.byte 0x08, 0x0e, 0x04, 0x00, 0x0c, 0x0e, 0x04, 0x00, 0x10, 0x0e, 0x04, 0x00, 0x14, 0x0e, 0x04, 0x00
.byte 0x18, 0x0e, 0x04, 0x00, 0x3f, 0x3f, 0x7f, 0x7f, 0x08, 0x0f, 0x04, 0x00, 0x0c, 0x0f, 0x04, 0x00
.byte 0x10, 0x0f, 0x04, 0x00, 0x14, 0x0f, 0x04, 0x00, 0x18, 0x0f, 0x04, 0x00, 0x58, 0x0e, 0x04, 0x00
.byte 0x5c, 0x0e, 0x04, 0x00, 0x60, 0x0e, 0x04, 0x00, 0x64, 0x0e, 0x04, 0x00, 0x68, 0x0e, 0x04, 0x00
.byte 0x58, 0x0f, 0x04, 0x00, 0x5c, 0x0f, 0x04, 0x00, 0x60, 0x0f, 0x04, 0x00, 0x64, 0x0f, 0x04, 0x00
.byte 0x68, 0x0f, 0x04, 0x00, 0x58, 0x08, 0x03, 0x00, 0x01, 0x00, 0x00, 0x20, 0x03, 0x00, 0x00, 0xf0
.byte 0x00, 0x0a, 0x03, 0x00, 0x00, 0x0b, 0x03, 0x00, 0x60, 0x01, 0x00, 0x00, 0x00, 0x00, 0x00, 0x00
.byte 0x84, 0x01, 0x00, 0x00, 0x00, 0x08, 0x03, 0x00, 0x0f, 0x1f, 0x07, 0x0f, 0x04, 0x08, 0x03, 0x00
.byte 0x07, 0x0f, 0x0f, 0x1f, 0x08, 0x08, 0x03, 0x00, 0x07, 0x07, 0x0f, 0x1f, 0x0c, 0x08, 0x03, 0x00
.byte 0xff, 0x00, 0xff, 0x00, 0x10, 0x08, 0x03, 0x00, 0x14, 0x08, 0x03, 0x00, 0x1f, 0x1f, 0x00, 0x0f
.byte 0x1c, 0x08, 0x03, 0x00, 0x0f, 0x0f, 0x07, 0x0f, 0x04, 0x00, 0x04, 0x00, 0x00, 0x00, 0x08, 0x81
.byte 0x08, 0x00, 0x03, 0x00, 0x03, 0x4f, 0x02, 0x00, 0x13, 0xcf, 0x02, 0x00, 0x10, 0x00, 0x03, 0x00
.byte 0x20, 0x00, 0x03, 0x00, 0x38, 0x00, 0x03, 0x00, 0x00, 0x00, 0x00, 0x20, 0x01, 0x40, 0x00, 0x05
.byte 0x01, 0x70, 0x00, 0x0f, 0x40, 0x00, 0x00, 0x04, 0xb0, 0x00, 0x03, 0x00, 0x00, 0x00, 0x30, 0x04
.byte 0x00, 0x00, 0xf0, 0xff, 0x00, 0x00, 0x20, 0x80, 0x00, 0x00, 0x20, 0xc0, 0x50, 0x20, 0x00, 0x80
.byte 0x24, 0x00, 0x03, 0x00, 0x04, 0x00, 0x03, 0x00, 0x00, 0x00, 0x70, 0x00, 0x5c, 0x00, 0x03, 0x00
.byte 0x00, 0xff, 0x1f, 0x00, 0x60, 0x00, 0x03, 0x00, 0x74, 0x00, 0x03, 0x00, 0x58, 0x00, 0x03, 0x00
.byte 0x4c, 0x08, 0x03, 0x00, 0x00, 0x00, 0xff, 0x01, 0x00, 0x00, 0x00, 0x24, 0x00, 0x00, 0xb0, 0x00
.byte 0x00, 0x00, 0xff, 0x03, 0x00, 0x00, 0x00, 0x40, 0x01, 0x00, 0x00, 0x40, 0x01, 0x00, 0x00, 0x44
.byte 0x0c, 0x02, 0x03, 0x00, 0x02, 0x00, 0x01, 0x00, 0x02, 0x00, 0x0f, 0x00, 0x04, 0x02, 0x03, 0x00
.byte 0x94, 0x00, 0x03, 0x00, 0x98, 0x00, 0x03, 0x00, 0x9c, 0x00, 0x03, 0x00, 0x80, 0x04, 0x00, 0x10
.byte 0x80, 0x07, 0x00, 0x10, 0x20, 0x00, 0x08, 0x04, 0x00, 0x00, 0x00, 0x30, 0x5c, 0x08, 0x03, 0x00
.byte 0xd0, 0x00, 0x03, 0x00, 0xa0, 0x00, 0x03, 0x00, 0x00, 0x00, 0x00, 0x70, 0x1c, 0x00, 0x03, 0x00
.byte 0x00, 0x00, 0x00, 0x77, 0x00, 0x08, 0x00, 0x08, 0x00, 0x08, 0x0a, 0x12, 0x00, 0x0e, 0x04, 0x00
.byte 0x04, 0x0e, 0x04, 0x00, 0x50, 0x0f, 0x04, 0x00, 0x54, 0x0e, 0x04, 0x00, 0x8c, 0x00, 0x00, 0x80
.byte 0xff, 0xf4, 0xff, 0xbe, 0xff, 0xff, 0x3f, 0xf3, 0x31, 0x11, 0x35, 0x11, 0x7f, 0xf3, 0x7f, 0xf3
.byte 0xbf, 0xf1, 0xff, 0x33, 0x0f, 0x02, 0x01, 0x31, 0xff, 0xfb, 0xfd, 0xf7, 0xbf, 0x10, 0x08, 0xa2
.byte 0xff, 0xf2, 0x0f, 0xfb, 0x50, 0x00, 0x07, 0xc0, 0xf3, 0x00, 0x7f, 0xc8, 0x00, 0x20, 0x71, 0x25
.byte 0xe7, 0x7d, 0xf7, 0xff, 0x01, 0x00, 0x00, 0x10, 0x33, 0x33, 0x11, 0x11, 0x00, 0x00, 0x10, 0xf0
.byte 0x00, 0x00, 0x71, 0xcf, 0x77, 0x07, 0x00, 0xfc, 0x33, 0x3f, 0x7a, 0x03, 0x00, 0x07, 0x00, 0x30
.byte 0x33, 0x07, 0x00, 0xf0, 0x21, 0xb3, 0x43, 0x65, 0x77, 0xf7, 0x77, 0xf7, 0x00, 0x20, 0x01, 0x40
.byte 0x00, 0x20, 0x11, 0x40, 0xff, 0xf7, 0x7d, 0x0f, 0x01, 0x00, 0xeb, 0x8f, 0x02, 0x6e, 0x02, 0x00
.byte 0xfb, 0xff, 0xfe, 0xcd, 0x0b, 0x11, 0xff, 0x70, 0x06, 0x01, 0x00, 0x80, 0xf7, 0x05, 0x38, 0xcc
.byte 0x01, 0x40, 0x71, 0x25, 0x80, 0x00, 0x00, 0x24, 0xe0, 0x08, 0x08, 0xfe, 0x66, 0x20, 0xf0, 0xff
.byte 0x00, 0x00, 0x20, 0x00, 0x01, 0x00, 0x10, 0x11, 0x04, 0x0a, 0x03, 0x00, 0x10, 0x10, 0x10, 0x10
.byte 0x7f, 0x7f, 0x7f, 0x7f, 0x06, 0x06, 0x06, 0x06, 0x33, 0x33, 0x22, 0x22, 0x0f, 0x0d, 0x00, 0x30
.byte 0x0f, 0x0f, 0x0f, 0x0f, 0x01, 0x00, 0x00, 0x30, 0x18, 0x08, 0x03, 0x00, 0x20, 0x08, 0x03, 0x00
.byte 0xd1, 0x04, 0xc0, 0x00, 0x14, 0x14, 0x73, 0x00, 0xff, 0xff, 0xff, 0x77, 0xff, 0xff, 0x00, 0xa0
.byte 0x01, 0x20, 0x70, 0x00, 0xff, 0xff, 0x00, 0xc0, 0xff, 0x01, 0xff, 0x01, 0xc0, 0x00, 0x00, 0x04
.byte 0x00, 0x00, 0x00, 0x60, 0x6c, 0x00, 0x03, 0x00, 0x00, 0xff, 0x03, 0x00, 0x00, 0x5e, 0x01, 0x00
.byte 0x80, 0x04, 0x00, 0x12, 0xff, 0x7f, 0xf8, 0xff, 0x20, 0x00, 0x00, 0x02, 0x00, 0x00, 0x21, 0x30
.byte 0x00, 0x00, 0x77, 0x33, 0xf3, 0xff, 0xf3, 0x03, 0x0d, 0x11, 0x80, 0x40, 0xff, 0xdf, 0xd3, 0xf3
.byte 0xa4, 0x01, 0x00, 0x00
.globl DramReInitForCalibration
.type DramReInitForCalibration, @function
DramReInitForCalibration:
.insn
.byte 0xa0, 0xe8, 0x00, 0x65
.globl DramcHWDQSGatingTracking_DVT
.type DramcHWDQSGatingTracking_DVT, @function
DramcHWDQSGatingTracking_DVT:
.insn
.byte 0xa0, 0xe8, 0x00, 0x65
.globl DramcHWGatingInit
.type DramcHWGatingInit, @function
DramcHWGatingInit:
.insn
.byte 0xa0, 0xe8, 0x00, 0x65
.globl DramcHWGatingOnOff
.type DramcHWGatingOnOff, @function
DramcHWGatingOnOff:
.insn
.byte 0xe3, 0x64, 0x07, 0xb0, 0x90, 0x67, 0x07, 0xb6, 0x00, 0x18, 0x00, 0x00, 0x00, 0x6d, 0x90, 0x67
.byte 0x05, 0xb6, 0x00, 0x18, 0x00, 0x00, 0x00, 0x6d, 0x63, 0x64, 0xa0, 0xe8, 0x00, 0x02, 0x03, 0x00
.byte 0x00, 0x00, 0x00, 0x01, 0x00, 0x00, 0x40, 0x00
.reloc __recon_dramc_pi_basic_api_1_start + 0xe, R_MIPS16_26, SaveCurrDramCtx
.reloc __recon_dramc_pi_basic_api_1_start + 0x14, R_MIPS16_26, vSetRankNumber
.reloc __recon_dramc_pi_basic_api_1_start + 0x2c, R_MIPS16_26, prom_puts
.reloc __recon_dramc_pi_basic_api_1_start + 0x36, R_MIPS16_26, vIO32Write4BMsk
.reloc __recon_dramc_pi_basic_api_1_start + 0x44, R_MIPS_32, __recon_dramc_pi_basic_api_9_start
.reloc __recon_dramc_pi_basic_api_1_start + 0x5a, R_MIPS16_26, vIO32Write4BMsk
.reloc __recon_dramc_pi_basic_api_1_start + 0x66, R_MIPS16_26, vIO32Write4BMsk
.reloc __recon_dramc_pi_basic_api_1_start + 0x72, R_MIPS16_26, vIO32Write4BMsk
.reloc __recon_dramc_pi_basic_api_1_start + 0x84, R_MIPS16_26, vIO32Write4BMsk
.reloc __recon_dramc_pi_basic_api_1_start + 0x92, R_MIPS16_26, vIO32Write4BMsk
.reloc __recon_dramc_pi_basic_api_1_start + 0x9e, R_MIPS16_26, vIO32Write4BMsk
.reloc __recon_dramc_pi_basic_api_1_start + 0xae, R_MIPS16_26, vIO32Write4BMsk
.reloc __recon_dramc_pi_basic_api_1_start + 0xbc, R_MIPS16_26, vIO32Write4BMsk
.reloc __recon_dramc_pi_basic_api_1_start + 0xc6, R_MIPS16_26, vIO32Write4BMsk
.reloc __recon_dramc_pi_basic_api_1_start + 0xd2, R_MIPS16_26, vIO32Write4BMsk
.reloc __recon_dramc_pi_basic_api_1_start + 0xe2, R_MIPS16_26, vIO32Write4BMsk_All
.reloc __recon_dramc_pi_basic_api_1_start + 0xee, R_MIPS16_26, vIO32Write4BMsk
.reloc __recon_dramc_pi_basic_api_1_start + 0xfa, R_MIPS16_26, vIO32Write4BMsk
.reloc __recon_dramc_pi_basic_api_1_start + 0x106, R_MIPS16_26, vIO32Write4BMsk_All
.reloc __recon_dramc_pi_basic_api_1_start + 0x112, R_MIPS16_26, vIO32Write4BMsk
.reloc __recon_dramc_pi_basic_api_1_start + 0x11e, R_MIPS16_26, vIO32Write4BMsk
.reloc __recon_dramc_pi_basic_api_1_start + 0x12c, R_MIPS16_26, vIO32Write4BMsk_All
.reloc __recon_dramc_pi_basic_api_1_start + 0x13a, R_MIPS16_26, vIO32Write4BMsk
.reloc __recon_dramc_pi_basic_api_1_start + 0x148, R_MIPS16_26, vIO32Write4BMsk
.reloc __recon_dramc_pi_basic_api_1_start + 0x158, R_MIPS16_26, vIO32Write4BMsk
.reloc __recon_dramc_pi_basic_api_1_start + 0x164, R_MIPS16_26, vIO32Write4BMsk
.reloc __recon_dramc_pi_basic_api_1_start + 0x188, R_MIPS16_26, prom_puts
.reloc __recon_dramc_pi_basic_api_1_start + 0x198, R_MIPS16_26, vIO32Write4BMsk
.reloc __recon_dramc_pi_basic_api_1_start + 0x1a4, R_MIPS16_26, vIO32Write4BMsk
.reloc __recon_dramc_pi_basic_api_1_start + 0x1b4, R_MIPS16_26, vIO32Write4BMsk
.reloc __recon_dramc_pi_basic_api_1_start + 0x1c0, R_MIPS16_26, vIO32Write4BMsk
.reloc __recon_dramc_pi_basic_api_1_start + 0x1d4, R_MIPS16_26, vIO32Write4BMsk
.reloc __recon_dramc_pi_basic_api_1_start + 0x1e0, R_MIPS16_26, vIO32Write4BMsk
.reloc __recon_dramc_pi_basic_api_1_start + 0x1f6, R_MIPS16_26, vIO32Write4BMsk
.reloc __recon_dramc_pi_basic_api_1_start + 0x202, R_MIPS16_26, vIO32Write4BMsk
.reloc __recon_dramc_pi_basic_api_1_start + 0x210, R_MIPS16_26, ucDram_Register_Write
.reloc __recon_dramc_pi_basic_api_1_start + 0x21a, R_MIPS16_26, ucDram_Register_Write
.reloc __recon_dramc_pi_basic_api_1_start + 0x226, R_MIPS16_26, vIO32Write4BMsk
.reloc __recon_dramc_pi_basic_api_1_start + 0x232, R_MIPS16_26, vIO32Write4BMsk
.reloc __recon_dramc_pi_basic_api_1_start + 0x23e, R_MIPS16_26, prom_puts
.reloc __recon_dramc_pi_basic_api_1_start + 0x24e, R_MIPS16_26, vIO32Write4BMsk
.reloc __recon_dramc_pi_basic_api_1_start + 0x25a, R_MIPS16_26, vIO32Write4BMsk
.reloc __recon_dramc_pi_basic_api_1_start + 0x26a, R_MIPS16_26, vIO32Write4BMsk
.reloc __recon_dramc_pi_basic_api_1_start + 0x276, R_MIPS16_26, vIO32Write4BMsk
.reloc __recon_dramc_pi_basic_api_1_start + 0x28a, R_MIPS16_26, vIO32Write4BMsk
.reloc __recon_dramc_pi_basic_api_1_start + 0x296, R_MIPS16_26, vIO32Write4BMsk
.reloc __recon_dramc_pi_basic_api_1_start + 0x2ac, R_MIPS16_26, vIO32Write4BMsk
.reloc __recon_dramc_pi_basic_api_1_start + 0x2b8, R_MIPS16_26, vIO32Write4BMsk
.reloc __recon_dramc_pi_basic_api_1_start + 0x2c6, R_MIPS16_26, ucDram_Register_Write
.reloc __recon_dramc_pi_basic_api_1_start + 0x2d0, R_MIPS16_26, ucDram_Register_Write
.reloc __recon_dramc_pi_basic_api_1_start + 0x2dc, R_MIPS16_26, vIO32Write4BMsk
.reloc __recon_dramc_pi_basic_api_1_start + 0x2e8, R_MIPS16_26, vIO32Write4BMsk
.reloc __recon_dramc_pi_basic_api_1_start + 0x2fa, R_MIPS16_26, vIO32Write4BMsk
.reloc __recon_dramc_pi_basic_api_1_start + 0x306, R_MIPS16_26, vIO32Write4BMsk
.reloc __recon_dramc_pi_basic_api_1_start + 0x316, R_MIPS16_26, vIO32Write4BMsk
.reloc __recon_dramc_pi_basic_api_1_start + 0x322, R_MIPS16_26, vIO32Write4BMsk
.reloc __recon_dramc_pi_basic_api_1_start + 0x336, R_MIPS16_26, vIO32Write4BMsk
.reloc __recon_dramc_pi_basic_api_1_start + 0x342, R_MIPS16_26, vIO32Write4BMsk
.reloc __recon_dramc_pi_basic_api_1_start + 0x358, R_MIPS16_26, vIO32Write4BMsk
.reloc __recon_dramc_pi_basic_api_1_start + 0x364, R_MIPS16_26, vIO32Write4BMsk
.reloc __recon_dramc_pi_basic_api_1_start + 0x372, R_MIPS16_26, ucDram_Register_Write
.reloc __recon_dramc_pi_basic_api_1_start + 0x37c, R_MIPS16_26, ucDram_Register_Write
.reloc __recon_dramc_pi_basic_api_1_start + 0x388, R_MIPS16_26, vIO32Write4BMsk
.reloc __recon_dramc_pi_basic_api_1_start + 0x394, R_MIPS16_26, vIO32Write4BMsk
.reloc __recon_dramc_pi_basic_api_1_start + 0x3a0, R_MIPS16_26, prom_puts
.reloc __recon_dramc_pi_basic_api_1_start + 0x3aa, R_MIPS16_26, u4Dram_Register_Read
.reloc __recon_dramc_pi_basic_api_1_start + 0x3bc, R_MIPS16_26, u4Dram_Register_Read
.reloc __recon_dramc_pi_basic_api_1_start + 0x3c6, R_MIPS16_26, u4Dram_Register_Read
.reloc __recon_dramc_pi_basic_api_1_start + 0x3de, R_MIPS16_26, vIO32Write4BMsk
.reloc __recon_dramc_pi_basic_api_1_start + 0x3ea, R_MIPS16_26, vIO32Write4BMsk
.reloc __recon_dramc_pi_basic_api_1_start + 0x418, R_MIPS16_26, prom_puts
.reloc __recon_dramc_pi_basic_api_1_start + 0x41e, R_MIPS16_26, prom_print_dec
.reloc __recon_dramc_pi_basic_api_1_start + 0x428, R_MIPS16_26, prom_puts
.reloc __recon_dramc_pi_basic_api_1_start + 0x444, R_MIPS16_26, prom_puts
.reloc __recon_dramc_pi_basic_api_1_start + 0x454, R_MIPS16_26, prom_puts
.reloc __recon_dramc_pi_basic_api_1_start + 0x45a, R_MIPS16_26, prom_print_dec
.reloc __recon_dramc_pi_basic_api_1_start + 0x464, R_MIPS16_26, prom_puts
.reloc __recon_dramc_pi_basic_api_1_start + 0x482, R_MIPS16_26, prom_puts
.reloc __recon_dramc_pi_basic_api_1_start + 0x48e, R_MIPS16_26, vIO32Write4BMsk
.reloc __recon_dramc_pi_basic_api_1_start + 0x4ba, R_MIPS16_26, prom_puts
.reloc __recon_dramc_pi_basic_api_1_start + 0x4c2, R_MIPS16_26, prom_print_hex
.reloc __recon_dramc_pi_basic_api_1_start + 0x4cc, R_MIPS16_26, prom_puts
.reloc __recon_dramc_pi_basic_api_1_start + 0x4e4, R_MIPS16_26, prom_puts
.reloc __recon_dramc_pi_basic_api_1_start + 0x52a, R_MIPS16_26, vIO32Write4BMsk
.reloc __recon_dramc_pi_basic_api_1_start + 0x538, R_MIPS16_26, vIO32Write4BMsk
.reloc __recon_dramc_pi_basic_api_1_start + 0x548, R_MIPS16_26, vIO32Write4BMsk
.reloc __recon_dramc_pi_basic_api_1_start + 0x554, R_MIPS16_26, vIO32Write4BMsk
.reloc __recon_dramc_pi_basic_api_1_start + 0x564, R_MIPS16_26, prom_puts
.reloc __recon_dramc_pi_basic_api_1_start + 0x56c, R_MIPS16_26, prom_print_hex
.reloc __recon_dramc_pi_basic_api_1_start + 0x576, R_MIPS16_26, prom_puts
.reloc __recon_dramc_pi_basic_api_1_start + 0x596, R_MIPS16_26, prom_puts
.reloc __recon_dramc_pi_basic_api_1_start + 0x5da, R_MIPS16_26, vIO32Write4BMsk
.reloc __recon_dramc_pi_basic_api_1_start + 0x5e6, R_MIPS16_26, vIO32Write4BMsk
.reloc __recon_dramc_pi_basic_api_1_start + 0x5f6, R_MIPS16_26, vIO32Write4BMsk
.reloc __recon_dramc_pi_basic_api_1_start + 0x602, R_MIPS16_26, vIO32Write4BMsk
.reloc __recon_dramc_pi_basic_api_1_start + 0x618, R_MIPS16_26, vIO32Write4BMsk
.reloc __recon_dramc_pi_basic_api_1_start + 0x624, R_MIPS16_26, vIO32Write4BMsk
.reloc __recon_dramc_pi_basic_api_1_start + 0x636, R_MIPS16_26, pause_polling
.reloc __recon_dramc_pi_basic_api_1_start + 0x642, R_MIPS16_26, vIO32Write4BMsk
.reloc __recon_dramc_pi_basic_api_1_start + 0x64e, R_MIPS16_26, vIO32Write4BMsk_All
.reloc __recon_dramc_pi_basic_api_1_start + 0x65a, R_MIPS16_26, vIO32Write4BMsk
.reloc __recon_dramc_pi_basic_api_1_start + 0x666, R_MIPS16_26, vIO32Write4BMsk
.reloc __recon_dramc_pi_basic_api_1_start + 0x678, R_MIPS16_26, vIO32Write4BMsk_All
.reloc __recon_dramc_pi_basic_api_1_start + 0x688, R_MIPS16_26, vIO32Write4BMsk
.reloc __recon_dramc_pi_basic_api_1_start + 0x694, R_MIPS16_26, vIO32Write4BMsk
.reloc __recon_dramc_pi_basic_api_1_start + 0x6a2, R_MIPS16_26, vIO32Write4BMsk
.reloc __recon_dramc_pi_basic_api_1_start + 0x6b0, R_MIPS16_26, vIO32Write4BMsk
.reloc __recon_dramc_pi_basic_api_1_start + 0x6be, R_MIPS16_26, vIO32Write4BMsk
.reloc __recon_dramc_pi_basic_api_1_start + 0x6ce, R_MIPS16_26, vIO32Write4BMsk
.reloc __recon_dramc_pi_basic_api_1_start + 0x6da, R_MIPS16_26, vIO32Write4BMsk
.reloc __recon_dramc_pi_basic_api_1_start + 0x6e0, R_MIPS16_26, pause_polling
.reloc __recon_dramc_pi_basic_api_1_start + 0x6e6, R_MIPS16_26, SscEnable
.reloc __recon_dramc_pi_basic_api_1_start + 0x6f8, R_MIPS16_26, vIO32Write4BMsk
.reloc __recon_dramc_pi_basic_api_1_start + 0x704, R_MIPS16_26, vIO32Write4BMsk
.reloc __recon_dramc_pi_basic_api_1_start + 0x710, R_MIPS16_26, vIO32Write4BMsk
.reloc __recon_dramc_pi_basic_api_1_start + 0x71c, R_MIPS16_26, vIO32Write4BMsk
.reloc __recon_dramc_pi_basic_api_1_start + 0x72c, R_MIPS16_26, vIO32Write4BMsk
.reloc __recon_dramc_pi_basic_api_1_start + 0x73a, R_MIPS16_26, vIO32Write4BMsk
.reloc __recon_dramc_pi_basic_api_1_start + 0x748, R_MIPS16_26, vIO32Write4BMsk
.reloc __recon_dramc_pi_basic_api_1_start + 0x754, R_MIPS16_26, vIO32Write4BMsk
.reloc __recon_dramc_pi_basic_api_1_start + 0x760, R_MIPS16_26, vIO32Write4BMsk
.reloc __recon_dramc_pi_basic_api_1_start + 0x76a, R_MIPS16_26, vIO32Write4BMsk_All
.reloc __recon_dramc_pi_basic_api_1_start + 0x774, R_MIPS16_26, vIO32Write4BMsk
.reloc __recon_dramc_pi_basic_api_1_start + 0x77e, R_MIPS16_26, vIO32Write4BMsk
.reloc __recon_dramc_pi_basic_api_1_start + 0x784, R_MIPS16_26, pause_polling
.reloc __recon_dramc_pi_basic_api_1_start + 0x79e, R_MIPS16_26, vIO32Write4BMsk
.reloc __recon_dramc_pi_basic_api_1_start + 0x7b0, R_MIPS16_26, vIO32Write4BMsk
.reloc __recon_dramc_pi_basic_api_1_start + 0x7be, R_MIPS16_26, vIO32Write4BMsk
.reloc __recon_dramc_pi_basic_api_1_start + 0x7c8, R_MIPS16_26, vIO32Write4BMsk
.reloc __recon_dramc_pi_basic_api_1_start + 0x7d4, R_MIPS16_26, vIO32Write4BMsk
.reloc __recon_dramc_pi_basic_api_1_start + 0x7e6, R_MIPS16_26, vIO32Write4BMsk
.reloc __recon_dramc_pi_basic_api_1_start + 0x7f0, R_MIPS16_26, vIO32Write4BMsk
.reloc __recon_dramc_pi_basic_api_1_start + 0x7fe, R_MIPS16_26, vIO32Write4BMsk
.reloc __recon_dramc_pi_basic_api_1_start + 0x80a, R_MIPS16_26, vIO32Write4BMsk
.reloc __recon_dramc_pi_basic_api_1_start + 0x814, R_MIPS16_26, vIO32Write4BMsk
.reloc __recon_dramc_pi_basic_api_1_start + 0x81e, R_MIPS16_26, vIO32Write4BMsk
.reloc __recon_dramc_pi_basic_api_1_start + 0x82e, R_MIPS16_26, vIO32Write4BMsk
.reloc __recon_dramc_pi_basic_api_1_start + 0x83c, R_MIPS16_26, vIO32Write4BMsk
.reloc __recon_dramc_pi_basic_api_1_start + 0x848, R_MIPS16_26, vIO32Write4BMsk
.reloc __recon_dramc_pi_basic_api_1_start + 0x852, R_MIPS16_26, vIO32Write4BMsk
.reloc __recon_dramc_pi_basic_api_1_start + 0x85c, R_MIPS16_26, vIO32Write4BMsk
.reloc __recon_dramc_pi_basic_api_1_start + 0x86a, R_MIPS16_26, vIO32Write4BMsk
.reloc __recon_dramc_pi_basic_api_1_start + 0x874, R_MIPS16_26, vIO32Write4BMsk
.reloc __recon_dramc_pi_basic_api_1_start + 0x880, R_MIPS16_26, vIO32Write4BMsk
.reloc __recon_dramc_pi_basic_api_1_start + 0x88a, R_MIPS16_26, vIO32Write4BMsk
.reloc __recon_dramc_pi_basic_api_1_start + 0x894, R_MIPS16_26, vIO32Write4BMsk
.reloc __recon_dramc_pi_basic_api_1_start + 0x89a, R_MIPS16_26, pause_polling
.reloc __recon_dramc_pi_basic_api_1_start + 0x8a4, R_MIPS16_26, vIO32Write4BMsk
.reloc __recon_dramc_pi_basic_api_1_start + 0x8ae, R_MIPS16_26, vIO32Write4BMsk_All
.reloc __recon_dramc_pi_basic_api_1_start + 0x8ba, R_MIPS16_26, vIO32Write4BMsk
.reloc __recon_dramc_pi_basic_api_1_start + 0x8c4, R_MIPS16_26, vIO32Write4BMsk
.reloc __recon_dramc_pi_basic_api_1_start + 0x8d0, R_MIPS16_26, vIO32Write4BMsk_All
.reloc __recon_dramc_pi_basic_api_1_start + 0x8dc, R_MIPS16_26, vIO32Write4BMsk
.reloc __recon_dramc_pi_basic_api_1_start + 0x8e6, R_MIPS16_26, vIO32Write4BMsk
.reloc __recon_dramc_pi_basic_api_1_start + 0x8f2, R_MIPS16_26, vIO32Write4BMsk_All
.reloc __recon_dramc_pi_basic_api_1_start + 0x8fe, R_MIPS16_26, vIO32Write4BMsk
.reloc __recon_dramc_pi_basic_api_1_start + 0x908, R_MIPS16_26, vIO32Write4BMsk
.reloc __recon_dramc_pi_basic_api_1_start + 0x918, R_MIPS16_26, vIO32Write4BMsk
.reloc __recon_dramc_pi_basic_api_1_start + 0x924, R_MIPS16_26, vIO32Write4BMsk
.reloc __recon_dramc_pi_basic_api_1_start + 0x92e, R_MIPS16_26, vIO32Write4BMsk
.reloc __recon_dramc_pi_basic_api_1_start + 0x938, R_MIPS16_26, vIO32Write4BMsk
.reloc __recon_dramc_pi_basic_api_1_start + 0x944, R_MIPS16_26, vIO32Write4BMsk
.reloc __recon_dramc_pi_basic_api_1_start + 0x94e, R_MIPS16_26, vIO32Write4BMsk
.reloc __recon_dramc_pi_basic_api_1_start + 0x958, R_MIPS16_26, vIO32Write4BMsk
.reloc __recon_dramc_pi_basic_api_1_start + 0x962, R_MIPS16_26, vIO32Write4BMsk_All
.reloc __recon_dramc_pi_basic_api_1_start + 0x96c, R_MIPS16_26, vIO32Write4BMsk
.reloc __recon_dramc_pi_basic_api_1_start + 0x976, R_MIPS16_26, vIO32Write4BMsk
.reloc __recon_dramc_pi_basic_api_1_start + 0x988, R_MIPS16_26, vIO32Write4BMsk
.reloc __recon_dramc_pi_basic_api_1_start + 0x992, R_MIPS16_26, vIO32Write4BMsk
.reloc __recon_dramc_pi_basic_api_1_start + 0x99e, R_MIPS16_26, vIO32Write4BMsk
.reloc __recon_dramc_pi_basic_api_1_start + 0x9a8, R_MIPS16_26, ucDram_Register_Write
.reloc __recon_dramc_pi_basic_api_1_start + 0x9b4, R_MIPS16_26, vIO32Write4BMsk
.reloc __recon_dramc_pi_basic_api_1_start + 0x9c0, R_MIPS16_26, vIO32Write4BMsk
.reloc __recon_dramc_pi_basic_api_1_start + 0x9ca, R_MIPS16_26, vIO32Write4BMsk
.reloc __recon_dramc_pi_basic_api_1_start + 0x9d6, R_MIPS16_26, vIO32Write4BMsk
.reloc __recon_dramc_pi_basic_api_1_start + 0x9e0, R_MIPS16_26, vIO32Write4BMsk
.reloc __recon_dramc_pi_basic_api_1_start + 0x9e6, R_MIPS16_26, pause_polling
.reloc __recon_dramc_pi_basic_api_1_start + 0x9f0, R_MIPS16_26, vIO32Write4BMsk
.reloc __recon_dramc_pi_basic_api_1_start + 0x9fa, R_MIPS16_26, vIO32Write4BMsk
.reloc __recon_dramc_pi_basic_api_1_start + 0xa04, R_MIPS16_26, vIO32Write4BMsk
.reloc __recon_dramc_pi_basic_api_1_start + 0xa0a, R_MIPS16_26, pause_polling
.reloc __recon_dramc_pi_basic_api_1_start + 0xa14, R_MIPS16_26, vIO32Write4BMsk_All
.reloc __recon_dramc_pi_basic_api_1_start + 0xa1e, R_MIPS16_26, vIO32Write4BMsk
.reloc __recon_dramc_pi_basic_api_1_start + 0xa2c, R_MIPS16_26, vIO32Write4BMsk
.reloc __recon_dramc_pi_basic_api_1_start + 0xa36, R_MIPS16_26, vIO32Write4BMsk_All
.reloc __recon_dramc_pi_basic_api_1_start + 0xa40, R_MIPS16_26, vIO32Write4BMsk_All
.reloc __recon_dramc_pi_basic_api_1_start + 0xa46, R_MIPS16_26, pause_polling
.reloc __recon_dramc_pi_basic_api_1_start + 0xa54, R_MIPS16_26, vIO32Write4BMsk_All
.reloc __recon_dramc_pi_basic_api_1_start + 0xa60, R_MIPS16_26, vIO32Write4BMsk_All
.reloc __recon_dramc_pi_basic_api_1_start + 0xa6a, R_MIPS16_26, vIO32Write4BMsk_All
.reloc __recon_dramc_pi_basic_api_1_start + 0xa74, R_MIPS16_26, vIO32Write4BMsk
.reloc __recon_dramc_pi_basic_api_1_start + 0xa7e, R_MIPS16_26, vIO32Write4BMsk
.reloc __recon_dramc_pi_basic_api_1_start + 0xa88, R_MIPS16_26, vIO32Write4BMsk_All
.reloc __recon_dramc_pi_basic_api_1_start + 0xa92, R_MIPS16_26, vIO32Write4BMsk
.reloc __recon_dramc_pi_basic_api_1_start + 0xa9c, R_MIPS16_26, vIO32Write4BMsk
.reloc __recon_dramc_pi_basic_api_1_start + 0xaa2, R_MIPS16_26, pause_polling
.reloc __recon_dramc_pi_basic_api_1_start + 0xaae, R_MIPS16_26, vIO32Write4B_All
.reloc __recon_dramc_pi_basic_api_1_start + 0xac0, R_MIPS16_26, vIO32Write4BMsk_All
.reloc __recon_dramc_pi_basic_api_1_start + 0xac6, R_MIPS16_26, pause_polling
.reloc __recon_dramc_pi_basic_api_1_start + 0xad0, R_MIPS16_26, vIO32Write4BMsk
.reloc __recon_dramc_pi_basic_api_1_start + 0xada, R_MIPS16_26, vIO32Write4BMsk
.reloc __recon_dramc_pi_basic_api_1_start + 0xae0, R_MIPS16_26, pause_polling
.reloc __recon_dramc_pi_basic_api_1_start + 0xb4c, R_MIPS_32, __recon_dramc_pi_basic_api_9_start
.reloc __recon_dramc_pi_basic_api_1_start + 0xb90, R_MIPS_32, __recon_dramc_pi_basic_api_9_start
.reloc __recon_dramc_pi_basic_api_1_start + 0xba4, R_MIPS_32, __recon_dramc_pi_basic_api_9_start
.reloc __recon_dramc_pi_basic_api_1_start + 0xbac, R_MIPS_32, __recon_dramc_pi_basic_api_9_start
.reloc __recon_dramc_pi_basic_api_1_start + 0xbb0, R_MIPS_32, __recon_dramc_pi_basic_api_9_start
.reloc __recon_dramc_pi_basic_api_1_start + 0xbb4, R_MIPS_32, __recon_dramc_pi_basic_api_9_start
.reloc __recon_dramc_pi_basic_api_1_start + 0xbb8, R_MIPS_32, __recon_dramc_pi_basic_api_9_start
.reloc __recon_dramc_pi_basic_api_1_start + 0xbbc, R_MIPS_32, __recon_dramc_pi_basic_api_9_start
.reloc __recon_dramc_pi_basic_api_1_start + 0xbc0, R_MIPS_32, __recon_dramc_pi_basic_api_9_start
.reloc __recon_dramc_pi_basic_api_1_start + 0xbc4, R_MIPS_32, __recon_dramc_pi_basic_api_9_start
.reloc __recon_dramc_pi_basic_api_1_start + 0xbc8, R_MIPS_32, __recon_dramc_pi_basic_api_9_start
.reloc __recon_dramc_pi_basic_api_1_start + 0xcdc, R_MIPS16_26, vIO32Write4BMsk_All
.reloc __recon_dramc_pi_basic_api_1_start + 0xce8, R_MIPS16_26, vIO32Write4BMsk
.reloc __recon_dramc_pi_basic_api_1_start + 0xcf2, R_MIPS16_26, vIO32Write4BMsk
.reloc __recon_dramc_pi_basic_api_1_start + 0xcfe, R_MIPS16_26, vIO32Write4BMsk_All
.reloc __recon_dramc_pi_basic_api_1_start + 0xd08, R_MIPS16_26, vIO32Write4BMsk
.reloc __recon_dramc_pi_basic_api_1_start + 0xd12, R_MIPS16_26, vIO32Write4BMsk
.reloc __recon_dramc_pi_basic_api_1_start + 0xd46, R_MIPS16_26, vIO32Write4BMsk_All
.reloc __recon_dramc_pi_basic_api_1_start + 0xd4e, R_MIPS16_26, EnableDramcPhyDCM
.reloc __recon_dramc_pi_basic_api_1_start + 0xd58, R_MIPS16_26, vIO32Write4BMsk_All
.reloc __recon_dramc_pi_basic_api_1_start + 0xd62, R_MIPS16_26, vIO32Write4BMsk_All
.reloc __recon_dramc_pi_basic_api_1_start + 0xd8a, R_MIPS16_26, vIO32Write4BMsk
.reloc __recon_dramc_pi_basic_api_1_start + 0xd96, R_MIPS16_26, vIO32Write4BMsk
.reloc __recon_dramc_pi_basic_api_1_start + 0xda2, R_MIPS16_26, vIO32Write4BMsk
.reloc __recon_dramc_pi_basic_api_1_start + 0xdda, R_MIPS16_26, u4Dram_Register_Read
.reloc __recon_dramc_pi_basic_api_1_start + 0xde8, R_MIPS16_26, vIO32Write4BMsk
.reloc __recon_dramc_pi_basic_api_1_start + 0xdf4, R_MIPS16_26, vIO32Write4BMsk
.reloc __recon_dramc_pi_basic_api_1_start + 0xdfe, R_MIPS16_26, vIO32Write4BMsk
.reloc __recon_dramc_pi_basic_api_1_start + 0xe16, R_MIPS16_26, vIO32Write4BMsk
.reloc __recon_dramc_pi_basic_api_1_start + 0xe22, R_MIPS16_26, ucDram_Register_Write
.reloc __recon_dramc_pi_basic_api_1_start + 0xe2e, R_MIPS16_26, ucDram_Register_Write
.reloc __recon_dramc_pi_basic_api_1_start + 0xe40, R_MIPS16_26, vIO32Write4BMsk
.reloc __recon_dramc_pi_basic_api_1_start + 0xe4a, R_MIPS16_26, vIO32Write4BMsk
.reloc __recon_dramc_pi_basic_api_1_start + 0xe56, R_MIPS16_26, vIO32Write4BMsk
.reloc __recon_dramc_pi_basic_api_1_start + 0xe60, R_MIPS16_26, vIO32Write4BMsk
.reloc __recon_dramc_pi_basic_api_1_start + 0xe6a, R_MIPS16_26, vIO32Write4BMsk
.reloc __recon_dramc_pi_basic_api_1_start + 0xe82, R_MIPS16_26, vIO32Write4BMsk
.reloc __recon_dramc_pi_basic_api_1_start + 0xe92, R_MIPS16_26, vIO32Write4BMsk
.reloc __recon_dramc_pi_basic_api_1_start + 0xea2, R_MIPS16_26, vIO32Write4BMsk
.reloc __recon_dramc_pi_basic_api_1_start + 0xeac, R_MIPS16_26, vIO32Write4BMsk
.reloc __recon_dramc_pi_basic_api_1_start + 0xebc, R_MIPS_32, __recon_dramc_pi_basic_api_4_start
.reloc __recon_dramc_pi_basic_api_1_start + 0xf0e, R_MIPS16_26, vIO32Write4BMsk
.reloc __recon_dramc_pi_basic_api_1_start + 0xf1a, R_MIPS16_26, vIO32Write4BMsk
.reloc __recon_dramc_pi_basic_api_1_start + 0xf2a, R_MIPS16_26, vIO32Write4BMsk
.reloc __recon_dramc_pi_basic_api_1_start + 0xf32, R_MIPS16_26, pause_polling
.reloc __recon_dramc_pi_basic_api_1_start + 0xf4e, R_MIPS16_26, u4Dram_Register_Read
.reloc __recon_dramc_pi_basic_api_1_start + 0xf62, R_MIPS16_26, vIO32Write4BMsk
.reloc __recon_dramc_pi_basic_api_1_start + 0xf68, R_MIPS16_26, pause_polling
.reloc __recon_dramc_pi_basic_api_1_start + 0xf72, R_MIPS16_26, vIO32Write4BMsk
.reloc __recon_dramc_pi_basic_api_1_start + 0xf7c, R_MIPS16_26, pause_polling
.reloc __recon_dramc_pi_basic_api_1_start + 0xf98, R_MIPS16_26, u4Dram_Register_Read
.reloc __recon_dramc_pi_basic_api_1_start + 0xfa4, R_MIPS16_26, pause_polling
.reloc __recon_dramc_pi_basic_api_1_start + 0xfac, R_MIPS16_26, u4Dram_Register_Read
.reloc __recon_dramc_pi_basic_api_1_start + 0xfb8, R_MIPS16_26, vIO32Write4BMsk
.reloc __recon_dramc_pi_basic_api_1_start + 0xfee, R_MIPS16_26, ucDram_Register_Write
.reloc __recon_dramc_pi_basic_api_1_start + 0xffc, R_MIPS_32, __recon_dramc_pi_basic_api_4_start
.reloc __recon_dramc_pi_basic_api_1_start + 0x1030, R_MIPS16_26, DramcSetRankEngine2
.reloc __recon_dramc_pi_basic_api_1_start + 0x1038, R_MIPS16_26, u4Dram_Register_Read
.reloc __recon_dramc_pi_basic_api_1_start + 0x1044, R_MIPS16_26, vIO32Write4BMsk
.reloc __recon_dramc_pi_basic_api_1_start + 0x1050, R_MIPS16_26, vIO32Write4BMsk
.reloc __recon_dramc_pi_basic_api_1_start + 0x105a, R_MIPS16_26, vIO32Write4BMsk
.reloc __recon_dramc_pi_basic_api_1_start + 0x10a4, R_MIPS16_26, vIO32Write4BMsk
.reloc __recon_dramc_pi_basic_api_1_start + 0x10b0, R_MIPS16_26, ucDram_Register_Write
.reloc __recon_dramc_pi_basic_api_1_start + 0x10bc, R_MIPS16_26, ucDram_Register_Write
.reloc __recon_dramc_pi_basic_api_1_start + 0x10ce, R_MIPS16_26, vIO32Write4BMsk
.reloc __recon_dramc_pi_basic_api_1_start + 0x10d8, R_MIPS16_26, vIO32Write4BMsk
.reloc __recon_dramc_pi_basic_api_1_start + 0x10e4, R_MIPS16_26, vIO32Write4BMsk
.reloc __recon_dramc_pi_basic_api_1_start + 0x10ee, R_MIPS16_26, vIO32Write4BMsk
.reloc __recon_dramc_pi_basic_api_1_start + 0x10f8, R_MIPS16_26, vIO32Write4BMsk
.reloc __recon_dramc_pi_basic_api_1_start + 0x110e, R_MIPS16_26, vIO32Write4BMsk
.reloc __recon_dramc_pi_basic_api_1_start + 0x111e, R_MIPS16_26, vIO32Write4BMsk
.reloc __recon_dramc_pi_basic_api_1_start + 0x112c, R_MIPS16_26, vIO32Write4BMsk
.reloc __recon_dramc_pi_basic_api_1_start + 0x1136, R_MIPS16_26, vIO32Write4BMsk
.reloc __recon_dramc_pi_basic_api_1_start + 0x1152, R_MIPS16_26, vIO32Write4BMsk
.reloc __recon_dramc_pi_basic_api_1_start + 0x115e, R_MIPS16_26, vIO32Write4BMsk
.reloc __recon_dramc_pi_basic_api_1_start + 0x1170, R_MIPS16_26, vIO32Write4BMsk
.reloc __recon_dramc_pi_basic_api_1_start + 0x1178, R_MIPS16_26, pause_polling
.reloc __recon_dramc_pi_basic_api_1_start + 0x1194, R_MIPS16_26, u4Dram_Register_Read
.reloc __recon_dramc_pi_basic_api_1_start + 0x11a8, R_MIPS16_26, vIO32Write4BMsk
.reloc __recon_dramc_pi_basic_api_1_start + 0x11ae, R_MIPS16_26, pause_polling
.reloc __recon_dramc_pi_basic_api_1_start + 0x11b8, R_MIPS16_26, vIO32Write4BMsk
.reloc __recon_dramc_pi_basic_api_1_start + 0x11c2, R_MIPS16_26, pause_polling
.reloc __recon_dramc_pi_basic_api_1_start + 0x11de, R_MIPS16_26, u4Dram_Register_Read
.reloc __recon_dramc_pi_basic_api_1_start + 0x11ea, R_MIPS16_26, pause_polling
.reloc __recon_dramc_pi_basic_api_1_start + 0x11f2, R_MIPS16_26, u4Dram_Register_Read
.reloc __recon_dramc_pi_basic_api_1_start + 0x11fe, R_MIPS16_26, vIO32Write4BMsk
.reloc __recon_dramc_pi_basic_api_1_start + 0x1206, R_MIPS16_26, ucDram_Register_Write
.reloc __recon_dramc_pi_basic_api_1_start + 0x129a, R_MIPS16_26, DramcEngine2
.reloc __recon_dramc_pi_basic_api_1_start + 0x12c0, R_MIPS16_26, DramcEngine2
.reloc __recon_dramc_pi_basic_api_1_start + 0x12d8, R_MIPS16_26, DramcEngine2
.reloc __recon_dramc_pi_basic_api_1_start + 0x12f4, R_MIPS16_26, DramcEngine2
.reloc __recon_dramc_pi_basic_api_1_start + 0x130e, R_MIPS16_26, DramcEngine2
.reloc __recon_dramc_pi_basic_api_1_start + 0x1328, R_MIPS16_26, DramcEngine2
.reloc __recon_dramc_pi_basic_api_1_start + 0x1342, R_MIPS16_26, DramcEngine2
.reloc __recon_dramc_pi_basic_api_1_start + 0x1358, R_MIPS16_26, DramcEngine2
.reloc __recon_dramc_pi_basic_api_1_start + 0x1370, R_MIPS16_26, vIO32Write4BMsk
.reloc __recon_dramc_pi_basic_api_1_start + 0x137c, R_MIPS16_26, vIO32Write4BMsk
.reloc __recon_dramc_pi_basic_api_1_start + 0x1386, R_MIPS16_26, vIO32Write4BMsk
.reloc __recon_dramc_pi_basic_api_1_start + 0x138e, R_MIPS16_26, prom_puts
.reloc __recon_dramc_pi_basic_api_1_start + 0x1396, R_MIPS16_26, pause_polling
.reloc __recon_dramc_pi_basic_api_1_start + 0x139e, R_MIPS16_26, u4Dram_Register_Read
.reloc __recon_dramc_pi_basic_api_1_start + 0x13ac, R_MIPS16_26, prom_puts
.reloc __recon_dramc_pi_basic_api_1_start + 0x13b2, R_MIPS16_26, prom_print_dec
.reloc __recon_dramc_pi_basic_api_1_start + 0x13ba, R_MIPS16_26, prom_puts
.reloc __recon_dramc_pi_basic_api_1_start + 0x13c2, R_MIPS16_26, prom_print_hex
.reloc __recon_dramc_pi_basic_api_1_start + 0x13ca, R_MIPS16_26, prom_puts
.reloc __recon_dramc_pi_basic_api_1_start + 0x13d4, R_MIPS16_26, vIO32Write4BMsk
.reloc __recon_dramc_pi_basic_api_1_start + 0x13f0, R_MIPS_32, __recon_dramc_pi_basic_api_9_start
.reloc __recon_dramc_pi_basic_api_1_start + 0x13f8, R_MIPS_32, __recon_dramc_pi_basic_api_9_start
.reloc __recon_dramc_pi_basic_api_1_start + 0x13fc, R_MIPS_32, __recon_dramc_pi_basic_api_9_start
.reloc __recon_dramc_pi_basic_api_1_start + 0x1400, R_MIPS_32, __recon_dramc_pi_basic_api_9_start
.reloc __recon_dramc_pi_basic_api_1_start + 0x1412, R_MIPS16_26, vIO32Write4BMsk
.reloc __recon_dramc_pi_basic_api_1_start + 0x1420, R_MIPS16_26, vIO32Write4BMsk
.reloc __recon_dramc_pi_basic_api_1_start + 0x142a, R_MIPS16_26, vIO32Write4BMsk
.reloc __recon_dramc_pi_basic_api_1_start + 0x1434, R_MIPS16_26, vIO32Write4BMsk
.reloc __recon_dramc_pi_basic_api_1_start + 0x143c, R_MIPS16_26, pause_polling
.reloc __recon_dramc_pi_basic_api_1_start + 0x1444, R_MIPS16_26, u4Dram_Register_Read
.reloc __recon_dramc_pi_basic_api_1_start + 0x1454, R_MIPS16_26, vIO32Write4BMsk
.reloc __recon_dramc_pi_basic_api_1_start + 0x147c, R_MIPS16_26, pause_polling
.reloc __recon_dramc_pi_basic_api_1_start + 0x148c, R_MIPS16_26, vIO32Write4BMsk
.reloc __recon_dramc_pi_basic_api_1_start + 0x1492, R_MIPS16_26, pause_polling
.reloc __recon_dramc_pi_basic_api_1_start + 0x149e, R_MIPS16_26, vIO32Write4BMsk
.reloc __recon_dramc_pi_basic_api_1_start + 0x14b0, R_MIPS16_26, vIO32Write4BMsk
.reloc __recon_dramc_pi_basic_api_1_start + 0x14c2, R_MIPS16_26, vIO32Write4BMsk
.reloc __recon_dramc_pi_basic_api_1_start + 0x14d0, R_MIPS16_26, vIO32Write4BMsk
.reloc __recon_dramc_pi_basic_api_1_start + 0x14de, R_MIPS16_26, vIO32Write4BMsk
.reloc __recon_dramc_pi_basic_api_1_start + 0x14e8, R_MIPS16_26, ucDram_Register_Write
.reloc __recon_dramc_pi_basic_api_1_start + 0x14f6, R_MIPS16_26, ucDram_Register_Write
.reloc __recon_dramc_pi_basic_api_1_start + 0x1500, R_MIPS16_26, ucDram_Register_Write
.reloc __recon_dramc_pi_basic_api_1_start + 0x150e, R_MIPS16_26, ucDram_Register_Write
.reloc __recon_dramc_pi_basic_api_1_start + 0x151c, R_MIPS16_26, ucDram_Register_Write
.reloc __recon_dramc_pi_basic_api_1_start + 0x1526, R_MIPS16_26, ucDram_Register_Write
.reloc __recon_dramc_pi_basic_api_1_start + 0x1534, R_MIPS16_26, ucDram_Register_Write
.reloc __recon_dramc_pi_basic_api_1_start + 0x154c, R_MIPS16_26, vIO32Write4BMsk
.reloc __recon_dramc_pi_basic_api_1_start + 0x1562, R_MIPS16_26, vIO32Write4BMsk
.reloc __recon_dramc_pi_basic_api_1_start + 0x156e, R_MIPS16_26, vIO32Write4BMsk
.reloc __recon_dramc_pi_basic_api_1_start + 0x157a, R_MIPS16_26, vIO32Write4BMsk
.reloc __recon_dramc_pi_basic_api_1_start + 0x1584, R_MIPS16_26, ucDram_Register_Write
.reloc __recon_dramc_pi_basic_api_1_start + 0x158e, R_MIPS16_26, ucDram_Register_Write
.reloc __recon_dramc_pi_basic_api_1_start + 0x159a, R_MIPS16_26, vIO32Write4BMsk
.reloc __recon_dramc_pi_basic_api_1_start + 0x15ac, R_MIPS16_26, vIO32Write4BMsk
.reloc __recon_dramc_pi_basic_api_1_start + 0x15be, R_MIPS16_26, vIO32Write4BMsk
.reloc __recon_dramc_pi_basic_api_1_start + 0x15d0, R_MIPS16_26, vIO32Write4BMsk
.reloc __recon_dramc_pi_basic_api_1_start + 0x15de, R_MIPS16_26, vIO32Write4BMsk
.reloc __recon_dramc_pi_basic_api_1_start + 0x15e4, R_MIPS16_26, pause_polling
.reloc __recon_dramc_pi_basic_api_1_start + 0x15f0, R_MIPS16_26, vIO32Write4BMsk
.reloc __recon_dramc_pi_basic_api_1_start + 0x15fc, R_MIPS16_26, vIO32Write4BMsk
.reloc __recon_dramc_pi_basic_api_1_start + 0x160a, R_MIPS16_26, ucDram_Register_Write
.reloc __recon_dramc_pi_basic_api_1_start + 0x1618, R_MIPS16_26, ucDram_Register_Write
.reloc __recon_dramc_pi_basic_api_1_start + 0x162a, R_MIPS16_26, vIO32Write4BMsk
.reloc __recon_dramc_pi_basic_api_1_start + 0x163c, R_MIPS16_26, vIO32Write4BMsk
.reloc __recon_dramc_pi_basic_api_1_start + 0x164e, R_MIPS16_26, vIO32Write4BMsk
.reloc __recon_dramc_pi_basic_api_1_start + 0x165e, R_MIPS16_26, vIO32Write4BMsk
.reloc __recon_dramc_pi_basic_api_1_start + 0x1670, R_MIPS16_26, vIO32Write4BMsk
.reloc __recon_dramc_pi_basic_api_1_start + 0x1682, R_MIPS16_26, vIO32Write4BMsk
.reloc __recon_dramc_pi_basic_api_1_start + 0x1694, R_MIPS16_26, vIO32Write4BMsk
.reloc __recon_dramc_pi_basic_api_1_start + 0x16a0, R_MIPS16_26, vIO32Write4BMsk
.reloc __recon_dramc_pi_basic_api_1_start + 0x16ac, R_MIPS16_26, vIO32Write4BMsk
.reloc __recon_dramc_pi_basic_api_1_start + 0x16b8, R_MIPS16_26, vIO32Write4BMsk
.reloc __recon_dramc_pi_basic_api_1_start + 0x16c4, R_MIPS16_26, vIO32Write4BMsk
.reloc __recon_dramc_pi_basic_api_1_start + 0x16d6, R_MIPS16_26, vIO32Write4BMsk
.reloc __recon_dramc_pi_basic_api_1_start + 0x16e4, R_MIPS16_26, vIO32Write4BMsk
.reloc __recon_dramc_pi_basic_api_1_start + 0x16f2, R_MIPS16_26, ucDram_Register_Write
.reloc __recon_dramc_pi_basic_api_1_start + 0x1700, R_MIPS16_26, vIO32Write4BMsk
.reloc __recon_dramc_pi_basic_api_1_start + 0x1706, R_MIPS16_26, DDRPhyPLLSetting_EN7580
.reloc __recon_dramc_pi_basic_api_1_start + 0x1712, R_MIPS16_26, vIO32Write4BMsk
.reloc __recon_dramc_pi_basic_api_1_start + 0x171e, R_MIPS16_26, vIO32Write4BMsk
.reloc __recon_dramc_pi_basic_api_1_start + 0x1736, R_MIPS16_26, vIO32Write4BMsk
.reloc __recon_dramc_pi_basic_api_1_start + 0x1744, R_MIPS16_26, vIO32Write4BMsk
.reloc __recon_dramc_pi_basic_api_1_start + 0x1752, R_MIPS16_26, vIO32Write4BMsk
.reloc __recon_dramc_pi_basic_api_1_start + 0x1760, R_MIPS16_26, vIO32Write4BMsk
.reloc __recon_dramc_pi_basic_api_1_start + 0x1778, R_MIPS16_26, vIO32Write4BMsk
.reloc __recon_dramc_pi_basic_api_1_start + 0x1786, R_MIPS16_26, vIO32Write4BMsk
.reloc __recon_dramc_pi_basic_api_1_start + 0x1794, R_MIPS16_26, vIO32Write4BMsk
.reloc __recon_dramc_pi_basic_api_1_start + 0x17a2, R_MIPS16_26, vIO32Write4BMsk
.reloc __recon_dramc_pi_basic_api_1_start + 0x17ae, R_MIPS16_26, vIO32Write4BMsk
.reloc __recon_dramc_pi_basic_api_1_start + 0x17ba, R_MIPS16_26, vIO32Write4BMsk
.reloc __recon_dramc_pi_basic_api_1_start + 0x17c6, R_MIPS16_26, vIO32Write4BMsk
.reloc __recon_dramc_pi_basic_api_1_start + 0x17d2, R_MIPS16_26, vIO32Write4BMsk
.reloc __recon_dramc_pi_basic_api_1_start + 0x17e2, R_MIPS16_26, vIO32Write4BMsk
.reloc __recon_dramc_pi_basic_api_1_start + 0x17ee, R_MIPS16_26, vIO32Write4BMsk
.reloc __recon_dramc_pi_basic_api_1_start + 0x17fa, R_MIPS16_26, vIO32Write4BMsk_All
.reloc __recon_dramc_pi_basic_api_1_start + 0x1806, R_MIPS16_26, vIO32Write4BMsk_All
.reloc __recon_dramc_pi_basic_api_1_start + 0x1814, R_MIPS16_26, vIO32Write4BMsk
.reloc __recon_dramc_pi_basic_api_1_start + 0x1822, R_MIPS16_26, vIO32Write4BMsk
.reloc __recon_dramc_pi_basic_api_1_start + 0x183a, R_MIPS16_26, vIO32Write4BMsk
.reloc __recon_dramc_pi_basic_api_1_start + 0x1848, R_MIPS16_26, vIO32Write4BMsk
.reloc __recon_dramc_pi_basic_api_1_start + 0x1860, R_MIPS16_26, vIO32Write4BMsk
.reloc __recon_dramc_pi_basic_api_1_start + 0x186e, R_MIPS16_26, vIO32Write4BMsk
.reloc __recon_dramc_pi_basic_api_1_start + 0x1880, R_MIPS16_26, vIO32Write4BMsk
.reloc __recon_dramc_pi_basic_api_1_start + 0x188e, R_MIPS16_26, vIO32Write4BMsk
.reloc __recon_dramc_pi_basic_api_1_start + 0x18a6, R_MIPS16_26, vIO32Write4BMsk
.reloc __recon_dramc_pi_basic_api_1_start + 0x18b6, R_MIPS16_26, vIO32Write4BMsk
.reloc __recon_dramc_pi_basic_api_1_start + 0x18c2, R_MIPS16_26, vIO32Write4BMsk
.reloc __recon_dramc_pi_basic_api_1_start + 0x18ce, R_MIPS16_26, vIO32Write4BMsk
.reloc __recon_dramc_pi_basic_api_1_start + 0x18da, R_MIPS16_26, vIO32Write4BMsk
.reloc __recon_dramc_pi_basic_api_1_start + 0x18e6, R_MIPS16_26, vIO32Write4BMsk_All
.reloc __recon_dramc_pi_basic_api_1_start + 0x18fa, R_MIPS16_26, vIO32Write4BMsk
.reloc __recon_dramc_pi_basic_api_1_start + 0x190a, R_MIPS16_26, vIO32Write4BMsk
.reloc __recon_dramc_pi_basic_api_1_start + 0x1916, R_MIPS16_26, vIO32Write4BMsk
.reloc __recon_dramc_pi_basic_api_1_start + 0x1922, R_MIPS16_26, vIO32Write4BMsk
.reloc __recon_dramc_pi_basic_api_1_start + 0x192e, R_MIPS16_26, vIO32Write4BMsk
.reloc __recon_dramc_pi_basic_api_1_start + 0x193a, R_MIPS16_26, vIO32Write4BMsk_All
.reloc __recon_dramc_pi_basic_api_1_start + 0x194a, R_MIPS16_26, vIO32Write4BMsk
.reloc __recon_dramc_pi_basic_api_1_start + 0x1956, R_MIPS16_26, vIO32Write4BMsk
.reloc __recon_dramc_pi_basic_api_1_start + 0x1964, R_MIPS16_26, vIO32Write4BMsk
.reloc __recon_dramc_pi_basic_api_1_start + 0x1970, R_MIPS16_26, vIO32Write4BMsk
.reloc __recon_dramc_pi_basic_api_1_start + 0x197c, R_MIPS16_26, vIO32Write4BMsk_All
.reloc __recon_dramc_pi_basic_api_1_start + 0x198a, R_MIPS16_26, vIO32Write4BMsk
.reloc __recon_dramc_pi_basic_api_1_start + 0x199c, R_MIPS16_26, vIO32Write4BMsk
.reloc __recon_dramc_pi_basic_api_1_start + 0x19aa, R_MIPS16_26, vIO32Write4BMsk
.reloc __recon_dramc_pi_basic_api_1_start + 0x19b8, R_MIPS16_26, vIO32Write4BMsk_All
.reloc __recon_dramc_pi_basic_api_1_start + 0x19c4, R_MIPS16_26, vIO32Write4BMsk
.reloc __recon_dramc_pi_basic_api_1_start + 0x19d0, R_MIPS16_26, vIO32Write4BMsk
.reloc __recon_dramc_pi_basic_api_1_start + 0x19dc, R_MIPS16_26, vIO32Write4BMsk
.reloc __recon_dramc_pi_basic_api_1_start + 0x19ea, R_MIPS16_26, vIO32Write4BMsk
.reloc __recon_dramc_pi_basic_api_1_start + 0x19f4, R_MIPS16_26, vIO32Write4BMsk
.reloc __recon_dramc_pi_basic_api_1_start + 0x1a00, R_MIPS16_26, vIO32Write4BMsk
.reloc __recon_dramc_pi_basic_api_1_start + 0x1a12, R_MIPS16_26, vIO32Write4BMsk
.reloc __recon_dramc_pi_basic_api_1_start + 0x1a1e, R_MIPS16_26, vIO32Write4BMsk
.reloc __recon_dramc_pi_basic_api_1_start + 0x1a2a, R_MIPS16_26, vIO32Write4BMsk
.reloc __recon_dramc_pi_basic_api_1_start + 0x1a36, R_MIPS16_26, vIO32Write4BMsk
.reloc __recon_dramc_pi_basic_api_1_start + 0x1a48, R_MIPS16_26, vIO32Write4BMsk
.reloc __recon_dramc_pi_basic_api_1_start + 0x1a54, R_MIPS16_26, vIO32Write4BMsk
.reloc __recon_dramc_pi_basic_api_1_start + 0x1a66, R_MIPS16_26, vIO32Write4BMsk
.reloc __recon_dramc_pi_basic_api_1_start + 0x1a74, R_MIPS16_26, vIO32Write4BMsk
.reloc __recon_dramc_pi_basic_api_1_start + 0x1a82, R_MIPS16_26, vIO32Write4BMsk
.reloc __recon_dramc_pi_basic_api_1_start + 0x1a8e, R_MIPS16_26, vIO32Write4BMsk
.reloc __recon_dramc_pi_basic_api_1_start + 0x1aa0, R_MIPS16_26, vIO32Write4BMsk
.reloc __recon_dramc_pi_basic_api_1_start + 0x1aae, R_MIPS16_26, vIO32Write4BMsk
.reloc __recon_dramc_pi_basic_api_1_start + 0x1abe, R_MIPS16_26, vIO32Write4BMsk
.reloc __recon_dramc_pi_basic_api_1_start + 0x1aca, R_MIPS16_26, vIO32Write4BMsk
.reloc __recon_dramc_pi_basic_api_1_start + 0x1adc, R_MIPS16_26, vIO32Write4BMsk
.reloc __recon_dramc_pi_basic_api_1_start + 0x1ae8, R_MIPS16_26, vIO32Write4BMsk
.reloc __recon_dramc_pi_basic_api_1_start + 0x1af8, R_MIPS16_26, vIO32Write4BMsk
.reloc __recon_dramc_pi_basic_api_1_start + 0x1b04, R_MIPS16_26, vIO32Write4BMsk
.reloc __recon_dramc_pi_basic_api_1_start + 0x1b14, R_MIPS16_26, vIO32Write4BMsk
.reloc __recon_dramc_pi_basic_api_1_start + 0x1b22, R_MIPS16_26, vIO32Write4BMsk
.reloc __recon_dramc_pi_basic_api_1_start + 0x1b30, R_MIPS16_26, vIO32Write4BMsk
.reloc __recon_dramc_pi_basic_api_1_start + 0x1b3c, R_MIPS16_26, vIO32Write4BMsk
.reloc __recon_dramc_pi_basic_api_1_start + 0x1b54, R_MIPS16_26, vIO32Write4BMsk
.reloc __recon_dramc_pi_basic_api_1_start + 0x1b60, R_MIPS16_26, vIO32Write4BMsk
.reloc __recon_dramc_pi_basic_api_1_start + 0x1b70, R_MIPS16_26, vIO32Write4BMsk
.reloc __recon_dramc_pi_basic_api_1_start + 0x1b7c, R_MIPS16_26, vIO32Write4BMsk
.reloc __recon_dramc_pi_basic_api_1_start + 0x1b92, R_MIPS16_26, vIO32Write4BMsk
.reloc __recon_dramc_pi_basic_api_1_start + 0x1b9e, R_MIPS16_26, vIO32Write4BMsk
.reloc __recon_dramc_pi_basic_api_1_start + 0x1bb0, R_MIPS16_26, vIO32Write4BMsk
.reloc __recon_dramc_pi_basic_api_1_start + 0x1bbe, R_MIPS16_26, vIO32Write4BMsk
.reloc __recon_dramc_pi_basic_api_1_start + 0x1bd0, R_MIPS16_26, vIO32Write4BMsk
.reloc __recon_dramc_pi_basic_api_1_start + 0x1bdc, R_MIPS16_26, vIO32Write4BMsk
.reloc __recon_dramc_pi_basic_api_1_start + 0x1bee, R_MIPS16_26, vIO32Write4BMsk
.reloc __recon_dramc_pi_basic_api_1_start + 0x1bfc, R_MIPS16_26, vIO32Write4BMsk
.reloc __recon_dramc_pi_basic_api_1_start + 0x1c0e, R_MIPS16_26, vIO32Write4BMsk
.reloc __recon_dramc_pi_basic_api_1_start + 0x1c1e, R_MIPS16_26, vIO32Write4BMsk
.reloc __recon_dramc_pi_basic_api_1_start + 0x1c2a, R_MIPS16_26, vIO32Write4BMsk
.reloc __recon_dramc_pi_basic_api_1_start + 0x1c38, R_MIPS16_26, vIO32Write4BMsk
.reloc __recon_dramc_pi_basic_api_1_start + 0x1c46, R_MIPS16_26, vIO32Write4BMsk
.reloc __recon_dramc_pi_basic_api_1_start + 0x1c54, R_MIPS16_26, vIO32Write4BMsk
.reloc __recon_dramc_pi_basic_api_1_start + 0x1c64, R_MIPS16_26, vIO32Write4BMsk
.reloc __recon_dramc_pi_basic_api_1_start + 0x1c72, R_MIPS16_26, vIO32Write4BMsk
.reloc __recon_dramc_pi_basic_api_1_start + 0x1c92, R_MIPS16_26, vIO32Write4BMsk_All
.reloc __recon_dramc_pi_basic_api_1_start + 0x1ca4, R_MIPS16_26, vIO32Write4BMsk_All
.reloc __recon_dramc_pi_basic_api_1_start + 0x1cb8, R_MIPS16_26, vIO32Write4BMsk_All
.reloc __recon_dramc_pi_basic_api_1_start + 0x1cc8, R_MIPS16_26, vIO32Write4BMsk_All
.reloc __recon_dramc_pi_basic_api_1_start + 0x1ce2, R_MIPS16_26, vIO32Write4BMsk
.reloc __recon_dramc_pi_basic_api_1_start + 0x1cee, R_MIPS16_26, vIO32Write4BMsk
.reloc __recon_dramc_pi_basic_api_1_start + 0x1cfa, R_MIPS16_26, vIO32Write4BMsk
.reloc __recon_dramc_pi_basic_api_1_start + 0x1d0c, R_MIPS16_26, vIO32Write4BMsk
.reloc __recon_dramc_pi_basic_api_1_start + 0x1d1e, R_MIPS16_26, vIO32Write4BMsk
.reloc __recon_dramc_pi_basic_api_1_start + 0x1d30, R_MIPS16_26, vIO32Write4BMsk
.reloc __recon_dramc_pi_basic_api_1_start + 0x1d44, R_MIPS16_26, vIO32Write4BMsk
.reloc __recon_dramc_pi_basic_api_1_start + 0x1d54, R_MIPS16_26, vIO32Write4BMsk
.reloc __recon_dramc_pi_basic_api_1_start + 0x1d64, R_MIPS16_26, vIO32Write4BMsk
.reloc __recon_dramc_pi_basic_api_1_start + 0x1d70, R_MIPS16_26, vIO32Write4BMsk
.reloc __recon_dramc_pi_basic_api_1_start + 0x1d82, R_MIPS16_26, vIO32Write4BMsk
.reloc __recon_dramc_pi_basic_api_1_start + 0x1d9a, R_MIPS16_26, vIO32Write4BMsk
.reloc __recon_dramc_pi_basic_api_1_start + 0x1dac, R_MIPS16_26, vIO32Write4BMsk
.reloc __recon_dramc_pi_basic_api_1_start + 0x1dbe, R_MIPS16_26, vIO32Write4BMsk
.reloc __recon_dramc_pi_basic_api_1_start + 0x1dd0, R_MIPS16_26, vIO32Write4BMsk
.reloc __recon_dramc_pi_basic_api_1_start + 0x1ddc, R_MIPS16_26, vIO32Write4BMsk
.reloc __recon_dramc_pi_basic_api_1_start + 0x1de8, R_MIPS16_26, vIO32Write4BMsk
.reloc __recon_dramc_pi_basic_api_1_start + 0x1dfa, R_MIPS16_26, vIO32Write4BMsk
.reloc __recon_dramc_pi_basic_api_1_start + 0x1e0c, R_MIPS16_26, vIO32Write4BMsk
.reloc __recon_dramc_pi_basic_api_1_start + 0x1e18, R_MIPS16_26, vIO32Write4BMsk
.reloc __recon_dramc_pi_basic_api_1_start + 0x1e24, R_MIPS16_26, vIO32Write4BMsk
.reloc __recon_dramc_pi_basic_api_1_start + 0x1e32, R_MIPS16_26, vIO32Write4BMsk
.reloc __recon_dramc_pi_basic_api_1_start + 0x1e42, R_MIPS16_26, vIO32Write4BMsk
.reloc __recon_dramc_pi_basic_api_1_start + 0x1e50, R_MIPS16_26, vIO32Write4BMsk
.reloc __recon_dramc_pi_basic_api_1_start + 0x1e5c, R_MIPS16_26, vIO32Write4BMsk
.reloc __recon_dramc_pi_basic_api_1_start + 0x1e68, R_MIPS16_26, vIO32Write4BMsk
.reloc __recon_dramc_pi_basic_api_1_start + 0x1e7a, R_MIPS16_26, vIO32Write4BMsk
.reloc __recon_dramc_pi_basic_api_1_start + 0x1e8c, R_MIPS16_26, vIO32Write4BMsk
.reloc __recon_dramc_pi_basic_api_1_start + 0x1e98, R_MIPS16_26, vIO32Write4BMsk
.reloc __recon_dramc_pi_basic_api_1_start + 0x1ea4, R_MIPS16_26, vIO32Write4BMsk
.reloc __recon_dramc_pi_basic_api_1_start + 0x1eb6, R_MIPS16_26, vIO32Write4BMsk
.reloc __recon_dramc_pi_basic_api_1_start + 0x1ec2, R_MIPS16_26, vIO32Write4BMsk
.reloc __recon_dramc_pi_basic_api_1_start + 0x1edc, R_MIPS16_26, vIO32Write4BMsk
.reloc __recon_dramc_pi_basic_api_1_start + 0x1eea, R_MIPS16_26, vIO32Write4BMsk
.reloc __recon_dramc_pi_basic_api_1_start + 0x1ef8, R_MIPS16_26, vIO32Write4BMsk
.reloc __recon_dramc_pi_basic_api_1_start + 0x1f06, R_MIPS16_26, vIO32Write4BMsk
.reloc __recon_dramc_pi_basic_api_1_start + 0x1f14, R_MIPS16_26, vIO32Write4BMsk
.reloc __recon_dramc_pi_basic_api_1_start + 0x1f22, R_MIPS16_26, vIO32Write4BMsk
.reloc __recon_dramc_pi_basic_api_1_start + 0x1f30, R_MIPS16_26, vIO32Write4BMsk
.reloc __recon_dramc_pi_basic_api_1_start + 0x1f3e, R_MIPS16_26, vIO32Write4BMsk
.reloc __recon_dramc_pi_basic_api_1_start + 0x1f4c, R_MIPS16_26, vIO32Write4BMsk
.reloc __recon_dramc_pi_basic_api_1_start + 0x1f5a, R_MIPS16_26, vIO32Write4BMsk
.reloc __recon_dramc_pi_basic_api_1_start + 0x1f74, R_MIPS16_26, vIO32Write4BMsk
.reloc __recon_dramc_pi_basic_api_1_start + 0x1f82, R_MIPS16_26, vIO32Write4BMsk
.reloc __recon_dramc_pi_basic_api_1_start + 0x1f90, R_MIPS16_26, vIO32Write4BMsk
.reloc __recon_dramc_pi_basic_api_1_start + 0x1f9e, R_MIPS16_26, vIO32Write4BMsk
.reloc __recon_dramc_pi_basic_api_1_start + 0x1fac, R_MIPS16_26, vIO32Write4BMsk
.reloc __recon_dramc_pi_basic_api_1_start + 0x1fba, R_MIPS16_26, vIO32Write4BMsk
.reloc __recon_dramc_pi_basic_api_1_start + 0x1fc8, R_MIPS16_26, vIO32Write4BMsk
.reloc __recon_dramc_pi_basic_api_1_start + 0x1fd6, R_MIPS16_26, vIO32Write4BMsk
.reloc __recon_dramc_pi_basic_api_1_start + 0x1fe4, R_MIPS16_26, vIO32Write4BMsk
.reloc __recon_dramc_pi_basic_api_1_start + 0x1ff2, R_MIPS16_26, vIO32Write4BMsk
.reloc __recon_dramc_pi_basic_api_1_start + 0x2004, R_MIPS16_26, vIO32Write4BMsk
.reloc __recon_dramc_pi_basic_api_1_start + 0x2012, R_MIPS16_26, vIO32Write4BMsk
.reloc __recon_dramc_pi_basic_api_1_start + 0x2020, R_MIPS16_26, vIO32Write4BMsk
.reloc __recon_dramc_pi_basic_api_1_start + 0x202e, R_MIPS16_26, vIO32Write4BMsk
.reloc __recon_dramc_pi_basic_api_1_start + 0x2040, R_MIPS16_26, vIO32Write4BMsk
.reloc __recon_dramc_pi_basic_api_1_start + 0x204e, R_MIPS16_26, vIO32Write4BMsk
.reloc __recon_dramc_pi_basic_api_1_start + 0x205c, R_MIPS16_26, vIO32Write4BMsk
.reloc __recon_dramc_pi_basic_api_1_start + 0x206a, R_MIPS16_26, vIO32Write4BMsk
.reloc __recon_dramc_pi_basic_api_1_start + 0x207c, R_MIPS16_26, vIO32Write4BMsk
.reloc __recon_dramc_pi_basic_api_1_start + 0x208a, R_MIPS16_26, vIO32Write4BMsk
.reloc __recon_dramc_pi_basic_api_1_start + 0x2098, R_MIPS16_26, vIO32Write4BMsk
.reloc __recon_dramc_pi_basic_api_1_start + 0x20a6, R_MIPS16_26, vIO32Write4BMsk
.reloc __recon_dramc_pi_basic_api_1_start + 0x20b4, R_MIPS16_26, vIO32Write4BMsk
.reloc __recon_dramc_pi_basic_api_1_start + 0x20c4, R_MIPS16_26, vIO32Write4BMsk_All
.reloc __recon_dramc_pi_basic_api_1_start + 0x20d0, R_MIPS16_26, vIO32Write4BMsk_All
.reloc __recon_dramc_pi_basic_api_1_start + 0x20dc, R_MIPS16_26, vIO32Write4BMsk_All
.reloc __recon_dramc_pi_basic_api_1_start + 0x20e8, R_MIPS16_26, vIO32Write4BMsk_All
.reloc __recon_dramc_pi_basic_api_1_start + 0x20f6, R_MIPS16_26, vIO32Write4BMsk_All
.reloc __recon_dramc_pi_basic_api_1_start + 0x2102, R_MIPS16_26, vIO32Write4BMsk_All
.reloc __recon_dramc_pi_basic_api_1_start + 0x210e, R_MIPS16_26, vIO32Write4BMsk_All
.reloc __recon_dramc_pi_basic_api_1_start + 0x211a, R_MIPS16_26, vIO32Write4BMsk_All
.reloc __recon_dramc_pi_basic_api_1_start + 0x2126, R_MIPS16_26, vIO32Write4BMsk_All
.reloc __recon_dramc_pi_basic_api_1_start + 0x2134, R_MIPS16_26, vIO32Write4BMsk_All
.reloc __recon_dramc_pi_basic_api_1_start + 0x2140, R_MIPS16_26, vIO32Write4BMsk_All
.reloc __recon_dramc_pi_basic_api_1_start + 0x214c, R_MIPS16_26, vIO32Write4BMsk_All
.reloc __recon_dramc_pi_basic_api_1_start + 0x2158, R_MIPS16_26, vIO32Write4BMsk_All
.reloc __recon_dramc_pi_basic_api_1_start + 0x2164, R_MIPS16_26, vIO32Write4BMsk_All
.reloc __recon_dramc_pi_basic_api_1_start + 0x2172, R_MIPS16_26, vIO32Write4BMsk_All
.reloc __recon_dramc_pi_basic_api_1_start + 0x217e, R_MIPS16_26, vIO32Write4BMsk_All
.reloc __recon_dramc_pi_basic_api_1_start + 0x218a, R_MIPS16_26, vIO32Write4BMsk_All
.reloc __recon_dramc_pi_basic_api_1_start + 0x2196, R_MIPS16_26, vIO32Write4BMsk_All
.reloc __recon_dramc_pi_basic_api_1_start + 0x21a2, R_MIPS16_26, vIO32Write4BMsk_All
.reloc __recon_dramc_pi_basic_api_1_start + 0x21b0, R_MIPS16_26, vIO32Write4BMsk_All
.reloc __recon_dramc_pi_basic_api_1_start + 0x21c2, R_MIPS16_26, vIO32Write4BMsk
.reloc __recon_dramc_pi_basic_api_1_start + 0x21ce, R_MIPS16_26, vIO32Write4BMsk
.reloc __recon_dramc_pi_basic_api_1_start + 0x21da, R_MIPS16_26, vIO32Write4BMsk
.reloc __recon_dramc_pi_basic_api_1_start + 0x21e4, R_MIPS16_26, prom_puts
.reloc __recon_dramc_pi_basic_api_1_start + 0x222c, R_MIPS16_26, prom_puts
.reloc __recon_dramc_pi_basic_api_1_start + 0x2262, R_MIPS16_26, vIO32Write4BMsk
.reloc __recon_dramc_pi_basic_api_1_start + 0x2294, R_MIPS16_26, vIO32Write4BMsk
.reloc __recon_dramc_pi_basic_api_1_start + 0x22ce, R_MIPS16_26, vIO32Write4BMsk
.reloc __recon_dramc_pi_basic_api_1_start + 0x22e4, R_MIPS16_26, vIO32Write4BMsk
.reloc __recon_dramc_pi_basic_api_1_start + 0x230c, R_MIPS16_26, vIO32Write4BMsk
.reloc __recon_dramc_pi_basic_api_1_start + 0x233c, R_MIPS16_26, vIO32Write4BMsk
.reloc __recon_dramc_pi_basic_api_1_start + 0x2376, R_MIPS16_26, vIO32Write4BMsk
.reloc __recon_dramc_pi_basic_api_1_start + 0x2384, R_MIPS16_26, vIO32Write4BMsk
.reloc __recon_dramc_pi_basic_api_1_start + 0x2392, R_MIPS16_26, vIO32Write4BMsk
.reloc __recon_dramc_pi_basic_api_1_start + 0x23a2, R_MIPS16_26, vIO32Write4BMsk
.reloc __recon_dramc_pi_basic_api_1_start + 0x23ac, R_MIPS16_26, pause_polling
.reloc __recon_dramc_pi_basic_api_1_start + 0x23ba, R_MIPS16_26, vIO32Write4BMsk
.reloc __recon_dramc_pi_basic_api_1_start + 0x23cc, R_MIPS16_26, vIO32Write4BMsk
.reloc __recon_dramc_pi_basic_api_1_start + 0x23d8, R_MIPS16_26, vIO32Write4BMsk
.reloc __recon_dramc_pi_basic_api_1_start + 0x23e4, R_MIPS16_26, vIO32Write4BMsk
.reloc __recon_dramc_pi_basic_api_1_start + 0x23f0, R_MIPS16_26, vIO32Write4BMsk
.reloc __recon_dramc_pi_basic_api_1_start + 0x23fe, R_MIPS16_26, vIO32Write4BMsk
.reloc __recon_dramc_pi_basic_api_1_start + 0x240c, R_MIPS16_26, vIO32Write4BMsk
.reloc __recon_dramc_pi_basic_api_1_start + 0x241e, R_MIPS16_26, vIO32Write4BMsk
.reloc __recon_dramc_pi_basic_api_1_start + 0x242a, R_MIPS16_26, vIO32Write4BMsk
.reloc __recon_dramc_pi_basic_api_1_start + 0x243c, R_MIPS16_26, vIO32Write4BMsk
.reloc __recon_dramc_pi_basic_api_1_start + 0x244e, R_MIPS16_26, vIO32Write4BMsk
.reloc __recon_dramc_pi_basic_api_1_start + 0x2460, R_MIPS16_26, vIO32Write4BMsk
.reloc __recon_dramc_pi_basic_api_1_start + 0x2472, R_MIPS16_26, vIO32Write4BMsk
.reloc __recon_dramc_pi_basic_api_1_start + 0x247e, R_MIPS16_26, vIO32Write4BMsk
.reloc __recon_dramc_pi_basic_api_1_start + 0x2488, R_MIPS16_26, pause_polling
.reloc __recon_dramc_pi_basic_api_1_start + 0x2496, R_MIPS16_26, vIO32Write4BMsk
.reloc __recon_dramc_pi_basic_api_1_start + 0x249c, R_MIPS16_26, pause_polling
.reloc __recon_dramc_pi_basic_api_1_start + 0x24ba, R_MIPS16_26, DramcModeRegWrite_PC3
.reloc __recon_dramc_pi_basic_api_1_start + 0x24c0, R_MIPS16_26, pause_polling
.reloc __recon_dramc_pi_basic_api_1_start + 0x24ca, R_MIPS16_26, DramcModeRegWrite_PC3
.reloc __recon_dramc_pi_basic_api_1_start + 0x24d0, R_MIPS16_26, pause_polling
.reloc __recon_dramc_pi_basic_api_1_start + 0x24da, R_MIPS16_26, DramcModeRegWrite_PC3
.reloc __recon_dramc_pi_basic_api_1_start + 0x24e0, R_MIPS16_26, pause_polling
.reloc __recon_dramc_pi_basic_api_1_start + 0x24ec, R_MIPS16_26, DramcModeRegWrite_PC3
.reloc __recon_dramc_pi_basic_api_1_start + 0x24f2, R_MIPS16_26, pause_polling
.reloc __recon_dramc_pi_basic_api_1_start + 0x24fe, R_MIPS16_26, DramcModeRegWrite_PC3
.reloc __recon_dramc_pi_basic_api_1_start + 0x2504, R_MIPS16_26, pause_polling
.reloc __recon_dramc_pi_basic_api_1_start + 0x250e, R_MIPS16_26, DramcModeRegWrite_PC3
.reloc __recon_dramc_pi_basic_api_1_start + 0x2514, R_MIPS16_26, pause_polling
.reloc __recon_dramc_pi_basic_api_1_start + 0x251e, R_MIPS16_26, DramcModeRegWrite_PC3
.reloc __recon_dramc_pi_basic_api_1_start + 0x2524, R_MIPS16_26, pause_polling
.reloc __recon_dramc_pi_basic_api_1_start + 0x2530, R_MIPS16_26, DramcModeRegWrite_PC3
.reloc __recon_dramc_pi_basic_api_1_start + 0x2536, R_MIPS16_26, pause_polling
.reloc __recon_dramc_pi_basic_api_1_start + 0x2542, R_MIPS16_26, DramcModeRegWrite_PC3
.reloc __recon_dramc_pi_basic_api_1_start + 0x2548, R_MIPS16_26, pause_polling
.reloc __recon_dramc_pi_basic_api_1_start + 0x2552, R_MIPS16_26, DramcModeRegWrite_PC3
.reloc __recon_dramc_pi_basic_api_1_start + 0x2558, R_MIPS16_26, pause_polling
.reloc __recon_dramc_pi_basic_api_1_start + 0x2562, R_MIPS16_26, DramcModeRegWrite_PC3
.reloc __recon_dramc_pi_basic_api_1_start + 0x2568, R_MIPS16_26, pause_polling
.reloc __recon_dramc_pi_basic_api_1_start + 0x2574, R_MIPS16_26, DramcModeRegWrite_PC3
.reloc __recon_dramc_pi_basic_api_1_start + 0x257a, R_MIPS16_26, pause_polling
.reloc __recon_dramc_pi_basic_api_1_start + 0x2588, R_MIPS16_26, vIO32Write4BMsk
.reloc __recon_dramc_pi_basic_api_1_start + 0x2598, R_MIPS16_26, vIO32Write4BMsk
.reloc __recon_dramc_pi_basic_api_1_start + 0x25aa, R_MIPS16_26, vIO32Write4BMsk
.reloc __recon_dramc_pi_basic_api_1_start + 0x25b6, R_MIPS16_26, vIO32Write4BMsk
.reloc __recon_dramc_pi_basic_api_1_start + 0x25bc, R_MIPS16_26, pause_polling
.reloc __recon_dramc_pi_basic_api_1_start + 0x25c8, R_MIPS16_26, vIO32Write4BMsk
.reloc __recon_dramc_pi_basic_api_1_start + 0x25d4, R_MIPS16_26, vIO32Write4BMsk
.reloc __recon_dramc_pi_basic_api_1_start + 0x25e0, R_MIPS16_26, vIO32Write4BMsk
.reloc __recon_dramc_pi_basic_api_1_start + 0x25ec, R_MIPS16_26, vIO32Write4BMsk
.reloc __recon_dramc_pi_basic_api_1_start + 0x25f8, R_MIPS16_26, vIO32Write4BMsk
.reloc __recon_dramc_pi_basic_api_1_start + 0x2604, R_MIPS16_26, vIO32Write4BMsk
.reloc __recon_dramc_pi_basic_api_1_start + 0x2612, R_MIPS16_26, vIO32Write4BMsk
.reloc __recon_dramc_pi_basic_api_1_start + 0x261e, R_MIPS16_26, vIO32Write4BMsk
.reloc __recon_dramc_pi_basic_api_1_start + 0x2630, R_MIPS16_26, vIO32Write4BMsk
.reloc __recon_dramc_pi_basic_api_1_start + 0x2642, R_MIPS16_26, vIO32Write4BMsk
.reloc __recon_dramc_pi_basic_api_1_start + 0x2654, R_MIPS16_26, vIO32Write4BMsk
.reloc __recon_dramc_pi_basic_api_1_start + 0x2664, R_MIPS16_26, vIO32Write4BMsk
.reloc __recon_dramc_pi_basic_api_1_start + 0x2670, R_MIPS16_26, vIO32Write4BMsk
.reloc __recon_dramc_pi_basic_api_1_start + 0x2682, R_MIPS16_26, vIO32Write4BMsk
.reloc __recon_dramc_pi_basic_api_1_start + 0x2694, R_MIPS16_26, vIO32Write4BMsk
.reloc __recon_dramc_pi_basic_api_1_start + 0x26a2, R_MIPS16_26, vIO32Write4BMsk
.reloc __recon_dramc_pi_basic_api_1_start + 0x26b2, R_MIPS16_26, vIO32Write4BMsk
.reloc __recon_dramc_pi_basic_api_1_start + 0x26c2, R_MIPS16_26, vIO32Write4BMsk
.reloc __recon_dramc_pi_basic_api_1_start + 0x26d4, R_MIPS16_26, vIO32Write4BMsk
.reloc __recon_dramc_pi_basic_api_1_start + 0x26e2, R_MIPS16_26, vIO32Write4BMsk
.reloc __recon_dramc_pi_basic_api_1_start + 0x26ee, R_MIPS16_26, vIO32Write4BMsk
.reloc __recon_dramc_pi_basic_api_1_start + 0x26fc, R_MIPS16_26, vIO32Write4BMsk
.reloc __recon_dramc_pi_basic_api_1_start + 0x270e, R_MIPS16_26, vIO32Write4BMsk
.reloc __recon_dramc_pi_basic_api_1_start + 0x271c, R_MIPS16_26, vIO32Write4BMsk
.reloc __recon_dramc_pi_basic_api_1_start + 0x2728, R_MIPS16_26, vIO32Write4BMsk
.reloc __recon_dramc_pi_basic_api_1_start + 0x2736, R_MIPS16_26, vIO32Write4BMsk
.reloc __recon_dramc_pi_basic_api_1_start + 0x2740, R_MIPS16_26, vIO32Write4BMsk
.reloc __recon_dramc_pi_basic_api_1_start + 0x274c, R_MIPS16_26, vIO32Write4BMsk
.reloc __recon_dramc_pi_basic_api_1_start + 0x275a, R_MIPS16_26, vIO32Write4BMsk
.reloc __recon_dramc_pi_basic_api_1_start + 0x2778, R_MIPS16_26, vIO32Write4BMsk
.reloc __recon_dramc_pi_basic_api_1_start + 0x2786, R_MIPS16_26, vIO32Write4BMsk
.reloc __recon_dramc_pi_basic_api_1_start + 0x2794, R_MIPS16_26, vIO32Write4BMsk
.reloc __recon_dramc_pi_basic_api_1_start + 0x27a2, R_MIPS16_26, vIO32Write4BMsk
.reloc __recon_dramc_pi_basic_api_1_start + 0x27b4, R_MIPS16_26, vIO32Write4BMsk
.reloc __recon_dramc_pi_basic_api_1_start + 0x27c2, R_MIPS16_26, vIO32Write4BMsk
.reloc __recon_dramc_pi_basic_api_1_start + 0x27d0, R_MIPS16_26, vIO32Write4BMsk
.reloc __recon_dramc_pi_basic_api_1_start + 0x27de, R_MIPS16_26, vIO32Write4BMsk
.reloc __recon_dramc_pi_basic_api_1_start + 0x27ec, R_MIPS16_26, vIO32Write4BMsk
.reloc __recon_dramc_pi_basic_api_1_start + 0x27fe, R_MIPS16_26, vIO32Write4BMsk
.reloc __recon_dramc_pi_basic_api_1_start + 0x280c, R_MIPS16_26, ucDram_Register_Write
.reloc __recon_dramc_pi_basic_api_1_start + 0x281e, R_MIPS16_26, vIO32Write4BMsk
.reloc __recon_dramc_pi_basic_api_1_start + 0x282c, R_MIPS16_26, ucDram_Register_Write
.reloc __recon_dramc_pi_basic_api_1_start + 0x2838, R_MIPS16_26, vIO32Write4BMsk
.reloc __recon_dramc_pi_basic_api_1_start + 0x284a, R_MIPS16_26, vIO32Write4BMsk
.reloc __recon_dramc_pi_basic_api_1_start + 0x2858, R_MIPS16_26, vIO32Write4BMsk
.reloc __recon_dramc_pi_basic_api_1_start + 0x286a, R_MIPS16_26, vIO32Write4BMsk
.reloc __recon_dramc_pi_basic_api_1_start + 0x287c, R_MIPS16_26, vIO32Write4BMsk
.reloc __recon_dramc_pi_basic_api_1_start + 0x288e, R_MIPS16_26, vIO32Write4BMsk_All
.reloc __recon_dramc_pi_basic_api_1_start + 0x28a0, R_MIPS16_26, vIO32Write4BMsk
.reloc __recon_dramc_pi_basic_api_1_start + 0x28b2, R_MIPS16_26, vIO32Write4BMsk
.reloc __recon_dramc_pi_basic_api_1_start + 0x28c4, R_MIPS16_26, vIO32Write4BMsk_All
.reloc __recon_dramc_pi_basic_api_1_start + 0x28d6, R_MIPS16_26, vIO32Write4BMsk
.reloc __recon_dramc_pi_basic_api_1_start + 0x28ee, R_MIPS16_26, vIO32Write4BMsk
.reloc __recon_dramc_pi_basic_api_1_start + 0x2900, R_MIPS16_26, vIO32Write4BMsk
.reloc __recon_dramc_pi_basic_api_1_start + 0x2910, R_MIPS16_26, vIO32Write4BMsk
.reloc __recon_dramc_pi_basic_api_1_start + 0x291e, R_MIPS16_26, vIO32Write4BMsk
.reloc __recon_dramc_pi_basic_api_1_start + 0x292a, R_MIPS16_26, vIO32Write4BMsk
.reloc __recon_dramc_pi_basic_api_1_start + 0x2936, R_MIPS16_26, vIO32Write4BMsk
.reloc __recon_dramc_pi_basic_api_1_start + 0x2944, R_MIPS16_26, vIO32Write4BMsk
.reloc __recon_dramc_pi_basic_api_1_start + 0x2952, R_MIPS16_26, vIO32Write4BMsk
.reloc __recon_dramc_pi_basic_api_1_start + 0x295e, R_MIPS16_26, vIO32Write4BMsk
.reloc __recon_dramc_pi_basic_api_1_start + 0x296a, R_MIPS16_26, vIO32Write4BMsk
.reloc __recon_dramc_pi_basic_api_1_start + 0x2978, R_MIPS16_26, vIO32Write4BMsk
.reloc __recon_dramc_pi_basic_api_1_start + 0x2986, R_MIPS16_26, vIO32Write4BMsk
.reloc __recon_dramc_pi_basic_api_1_start + 0x2994, R_MIPS16_26, vIO32Write4BMsk
.reloc __recon_dramc_pi_basic_api_1_start + 0x29a2, R_MIPS16_26, vIO32Write4BMsk
.reloc __recon_dramc_pi_basic_api_1_start + 0x29b0, R_MIPS16_26, vIO32Write4BMsk
.reloc __recon_dramc_pi_basic_api_1_start + 0x29be, R_MIPS16_26, vIO32Write4BMsk
.reloc __recon_dramc_pi_basic_api_1_start + 0x29cc, R_MIPS16_26, ucDram_Register_Write
.reloc __recon_dramc_pi_basic_api_1_start + 0x29de, R_MIPS16_26, vIO32Write4BMsk
.reloc __recon_dramc_pi_basic_api_1_start + 0x29f0, R_MIPS16_26, vIO32Write4BMsk
.reloc __recon_dramc_pi_basic_api_1_start + 0x2a00, R_MIPS16_26, vIO32Write4BMsk
.reloc __recon_dramc_pi_basic_api_1_start + 0x2a12, R_MIPS16_26, vIO32Write4BMsk
.reloc __recon_dramc_pi_basic_api_1_start + 0x2a24, R_MIPS16_26, vIO32Write4BMsk
.reloc __recon_dramc_pi_basic_api_1_start + 0x2a2e, R_MIPS16_26, ucDram_Register_Write
.reloc __recon_dramc_pi_basic_api_1_start + 0x2a42, R_MIPS16_26, vIO32Write4BMsk
.reloc __recon_dramc_pi_basic_api_1_start + 0x2a52, R_MIPS16_26, vIO32Write4BMsk
.reloc __recon_dramc_pi_basic_api_1_start + 0x2a64, R_MIPS16_26, vIO32Write4BMsk
.reloc __recon_dramc_pi_basic_api_1_start + 0x2a76, R_MIPS16_26, vIO32Write4BMsk
.reloc __recon_dramc_pi_basic_api_1_start + 0x2a88, R_MIPS16_26, vIO32Write4BMsk
.reloc __recon_dramc_pi_basic_api_1_start + 0x2a96, R_MIPS16_26, vIO32Write4BMsk
.reloc __recon_dramc_pi_basic_api_1_start + 0x2aa4, R_MIPS16_26, vIO32Write4BMsk
.reloc __recon_dramc_pi_basic_api_1_start + 0x2ab6, R_MIPS16_26, vIO32Write4BMsk
.reloc __recon_dramc_pi_basic_api_1_start + 0x2ac8, R_MIPS16_26, vIO32Write4BMsk
.reloc __recon_dramc_pi_basic_api_1_start + 0x2ada, R_MIPS16_26, vIO32Write4BMsk
.reloc __recon_dramc_pi_basic_api_1_start + 0x2aec, R_MIPS16_26, vIO32Write4BMsk
.reloc __recon_dramc_pi_basic_api_1_start + 0x2afe, R_MIPS16_26, vIO32Write4BMsk
.reloc __recon_dramc_pi_basic_api_1_start + 0x2b0c, R_MIPS16_26, vIO32Write4BMsk
.reloc __recon_dramc_pi_basic_api_1_start + 0x2b1e, R_MIPS16_26, vIO32Write4BMsk
.reloc __recon_dramc_pi_basic_api_1_start + 0x2b30, R_MIPS16_26, vIO32Write4BMsk
.reloc __recon_dramc_pi_basic_api_1_start + 0x2b42, R_MIPS16_26, vIO32Write4BMsk
.reloc __recon_dramc_pi_basic_api_1_start + 0x2b50, R_MIPS16_26, ucDram_Register_Write
.reloc __recon_dramc_pi_basic_api_1_start + 0x2b5e, R_MIPS16_26, vIO32Write4BMsk
.reloc __recon_dramc_pi_basic_api_1_start + 0x2b6a, R_MIPS16_26, vIO32Write4BMsk
.reloc __recon_dramc_pi_basic_api_1_start + 0x2b78, R_MIPS16_26, vIO32Write4BMsk
.reloc __recon_dramc_pi_basic_api_1_start + 0x2b84, R_MIPS16_26, vIO32Write4BMsk
.reloc __recon_dramc_pi_basic_api_1_start + 0x2b90, R_MIPS16_26, vIO32Write4BMsk
.reloc __recon_dramc_pi_basic_api_1_start + 0x2b9e, R_MIPS16_26, vIO32Write4BMsk
.reloc __recon_dramc_pi_basic_api_1_start + 0x2bb0, R_MIPS16_26, vIO32Write4BMsk
.reloc __recon_dramc_pi_basic_api_1_start + 0x2bbc, R_MIPS16_26, vIO32Write4BMsk
.reloc __recon_dramc_pi_basic_api_1_start + 0x2bc8, R_MIPS16_26, vIO32Write4BMsk
.reloc __recon_dramc_pi_basic_api_1_start + 0x2bda, R_MIPS16_26, vIO32Write4BMsk
.reloc __recon_dramc_pi_basic_api_1_start + 0x2be6, R_MIPS16_26, vIO32Write4BMsk
.reloc __recon_dramc_pi_basic_api_1_start + 0x2c00, R_MIPS16_26, vIO32Write4BMsk
.reloc __recon_dramc_pi_basic_api_1_start + 0x2c0e, R_MIPS16_26, vIO32Write4BMsk
.reloc __recon_dramc_pi_basic_api_1_start + 0x2c1c, R_MIPS16_26, vIO32Write4BMsk
.reloc __recon_dramc_pi_basic_api_1_start + 0x2c2a, R_MIPS16_26, vIO32Write4BMsk
.reloc __recon_dramc_pi_basic_api_1_start + 0x2c38, R_MIPS16_26, vIO32Write4BMsk
.reloc __recon_dramc_pi_basic_api_1_start + 0x2c46, R_MIPS16_26, vIO32Write4BMsk
.reloc __recon_dramc_pi_basic_api_1_start + 0x2c60, R_MIPS16_26, vIO32Write4BMsk
.reloc __recon_dramc_pi_basic_api_1_start + 0x2c6e, R_MIPS16_26, vIO32Write4BMsk
.reloc __recon_dramc_pi_basic_api_1_start + 0x2c7c, R_MIPS16_26, vIO32Write4BMsk
.reloc __recon_dramc_pi_basic_api_1_start + 0x2c8a, R_MIPS16_26, vIO32Write4BMsk
.reloc __recon_dramc_pi_basic_api_1_start + 0x2c98, R_MIPS16_26, vIO32Write4BMsk
.reloc __recon_dramc_pi_basic_api_1_start + 0x2ca6, R_MIPS16_26, vIO32Write4BMsk
.reloc __recon_dramc_pi_basic_api_1_start + 0x2cb8, R_MIPS16_26, vIO32Write4BMsk
.reloc __recon_dramc_pi_basic_api_1_start + 0x2cc6, R_MIPS16_26, vIO32Write4BMsk
.reloc __recon_dramc_pi_basic_api_1_start + 0x2cd4, R_MIPS16_26, vIO32Write4BMsk
.reloc __recon_dramc_pi_basic_api_1_start + 0x2ce2, R_MIPS16_26, vIO32Write4BMsk
.reloc __recon_dramc_pi_basic_api_1_start + 0x2cf4, R_MIPS16_26, vIO32Write4BMsk
.reloc __recon_dramc_pi_basic_api_1_start + 0x2d06, R_MIPS16_26, vIO32Write4BMsk
.reloc __recon_dramc_pi_basic_api_1_start + 0x2d18, R_MIPS16_26, vIO32Write4BMsk
.reloc __recon_dramc_pi_basic_api_1_start + 0x2d2a, R_MIPS16_26, vIO32Write4BMsk
.reloc __recon_dramc_pi_basic_api_1_start + 0x2d38, R_MIPS16_26, vIO32Write4BMsk
.reloc __recon_dramc_pi_basic_api_1_start + 0x2d46, R_MIPS16_26, vIO32Write4BMsk
.reloc __recon_dramc_pi_basic_api_1_start + 0x2d58, R_MIPS16_26, vIO32Write4BMsk
.reloc __recon_dramc_pi_basic_api_1_start + 0x2d66, R_MIPS16_26, vIO32Write4BMsk
.reloc __recon_dramc_pi_basic_api_1_start + 0x2d74, R_MIPS16_26, vIO32Write4BMsk
.reloc __recon_dramc_pi_basic_api_1_start + 0x2d82, R_MIPS16_26, vIO32Write4BMsk
.reloc __recon_dramc_pi_basic_api_1_start + 0x2d90, R_MIPS16_26, vIO32Write4BMsk
.reloc __recon_dramc_pi_basic_api_1_start + 0x2da2, R_MIPS16_26, vIO32Write4BMsk
.reloc __recon_dramc_pi_basic_api_1_start + 0x2db0, R_MIPS16_26, vIO32Write4BMsk
.reloc __recon_dramc_pi_basic_api_1_start + 0x2dbe, R_MIPS16_26, vIO32Write4BMsk
.reloc __recon_dramc_pi_basic_api_1_start + 0x2dcc, R_MIPS16_26, vIO32Write4BMsk
.reloc __recon_dramc_pi_basic_api_1_start + 0x2dda, R_MIPS16_26, vIO32Write4BMsk
.reloc __recon_dramc_pi_basic_api_1_start + 0x2de8, R_MIPS16_26, vIO32Write4BMsk
.reloc __recon_dramc_pi_basic_api_1_start + 0x2df6, R_MIPS16_26, vIO32Write4BMsk
.reloc __recon_dramc_pi_basic_api_1_start + 0x2e04, R_MIPS16_26, vIO32Write4BMsk
.reloc __recon_dramc_pi_basic_api_1_start + 0x2e12, R_MIPS16_26, vIO32Write4BMsk
.reloc __recon_dramc_pi_basic_api_1_start + 0x2e20, R_MIPS16_26, vIO32Write4BMsk
.reloc __recon_dramc_pi_basic_api_1_start + 0x2e2e, R_MIPS16_26, vIO32Write4BMsk
.reloc __recon_dramc_pi_basic_api_1_start + 0x2e3c, R_MIPS16_26, vIO32Write4BMsk
.reloc __recon_dramc_pi_basic_api_1_start + 0x2e4a, R_MIPS16_26, vIO32Write4BMsk
.reloc __recon_dramc_pi_basic_api_1_start + 0x2e58, R_MIPS16_26, vIO32Write4BMsk
.reloc __recon_dramc_pi_basic_api_1_start + 0x2e66, R_MIPS16_26, vIO32Write4BMsk
.reloc __recon_dramc_pi_basic_api_1_start + 0x2e74, R_MIPS16_26, vIO32Write4BMsk
.reloc __recon_dramc_pi_basic_api_1_start + 0x2e82, R_MIPS16_26, vIO32Write4BMsk
.reloc __recon_dramc_pi_basic_api_1_start + 0x2e90, R_MIPS16_26, vIO32Write4BMsk
.reloc __recon_dramc_pi_basic_api_1_start + 0x2e9e, R_MIPS16_26, vIO32Write4BMsk
.reloc __recon_dramc_pi_basic_api_1_start + 0x2eac, R_MIPS16_26, vIO32Write4BMsk
.reloc __recon_dramc_pi_basic_api_1_start + 0x2ebe, R_MIPS16_26, vIO32Write4BMsk
.reloc __recon_dramc_pi_basic_api_1_start + 0x2eca, R_MIPS16_26, vIO32Write4BMsk
.reloc __recon_dramc_pi_basic_api_1_start + 0x2ed6, R_MIPS16_26, vIO32Write4BMsk
.reloc __recon_dramc_pi_basic_api_1_start + 0x2f42, R_MIPS16_26, vIO32Write4BMsk
.reloc __recon_dramc_pi_basic_api_1_start + 0x2f74, R_MIPS16_26, vIO32Write4BMsk
.reloc __recon_dramc_pi_basic_api_1_start + 0x2fae, R_MIPS16_26, vIO32Write4BMsk
.reloc __recon_dramc_pi_basic_api_1_start + 0x2fc4, R_MIPS16_26, vIO32Write4BMsk
.reloc __recon_dramc_pi_basic_api_1_start + 0x2fec, R_MIPS16_26, vIO32Write4BMsk
.reloc __recon_dramc_pi_basic_api_1_start + 0x301c, R_MIPS16_26, vIO32Write4BMsk
.reloc __recon_dramc_pi_basic_api_1_start + 0x3042, R_MIPS16_26, vIO32Write4BMsk
.reloc __recon_dramc_pi_basic_api_1_start + 0x307a, R_MIPS16_26, vIO32Write4BMsk
.reloc __recon_dramc_pi_basic_api_1_start + 0x30d0, R_MIPS16_26, vIO32Write4BMsk
.reloc __recon_dramc_pi_basic_api_1_start + 0x30de, R_MIPS16_26, vIO32Write4BMsk
.reloc __recon_dramc_pi_basic_api_1_start + 0x30ec, R_MIPS16_26, vIO32Write4BMsk
.reloc __recon_dramc_pi_basic_api_1_start + 0x30f6, R_MIPS16_26, pause_polling
.reloc __recon_dramc_pi_basic_api_1_start + 0x3108, R_MIPS16_26, vIO32Write4BMsk
.reloc __recon_dramc_pi_basic_api_1_start + 0x310e, R_MIPS16_26, pause_polling
.reloc __recon_dramc_pi_basic_api_1_start + 0x3120, R_MIPS16_26, vIO32Write4BMsk
.reloc __recon_dramc_pi_basic_api_1_start + 0x3126, R_MIPS16_26, pause_polling
.reloc __recon_dramc_pi_basic_api_1_start + 0x313a, R_MIPS16_26, DramcModeRegWrite_PC4
.reloc __recon_dramc_pi_basic_api_1_start + 0x3146, R_MIPS16_26, DramcModeRegWrite_PC4
.reloc __recon_dramc_pi_basic_api_1_start + 0x3154, R_MIPS16_26, DramcModeRegWrite_PC4
.reloc __recon_dramc_pi_basic_api_1_start + 0x3160, R_MIPS16_26, DramcModeRegWrite_PC4
.reloc __recon_dramc_pi_basic_api_1_start + 0x316e, R_MIPS16_26, DramcModeRegWrite_PC4
.reloc __recon_dramc_pi_basic_api_1_start + 0x317c, R_MIPS16_26, DramcModeRegWrite_PC4
.reloc __recon_dramc_pi_basic_api_1_start + 0x3182, R_MIPS16_26, pause_polling
.reloc __recon_dramc_pi_basic_api_1_start + 0x3190, R_MIPS16_26, DramcModeRegWrite_PC4
.reloc __recon_dramc_pi_basic_api_1_start + 0x3196, R_MIPS16_26, pause_polling
.reloc __recon_dramc_pi_basic_api_1_start + 0x31a4, R_MIPS16_26, DramcModeRegWrite_PC4
.reloc __recon_dramc_pi_basic_api_1_start + 0x31aa, R_MIPS16_26, pause_polling
.reloc __recon_dramc_pi_basic_api_1_start + 0x31b8, R_MIPS16_26, DramcModeRegWrite_PC4
.reloc __recon_dramc_pi_basic_api_1_start + 0x31be, R_MIPS16_26, pause_polling
.reloc __recon_dramc_pi_basic_api_1_start + 0x31d2, R_MIPS16_26, DramcModeRegWrite_PC4
.reloc __recon_dramc_pi_basic_api_1_start + 0x31de, R_MIPS16_26, DramcModeRegWrite_PC4
.reloc __recon_dramc_pi_basic_api_1_start + 0x31ec, R_MIPS16_26, DramcModeRegWrite_PC4
.reloc __recon_dramc_pi_basic_api_1_start + 0x31f8, R_MIPS16_26, DramcModeRegWrite_PC4
.reloc __recon_dramc_pi_basic_api_1_start + 0x3206, R_MIPS16_26, DramcModeRegWrite_PC4
.reloc __recon_dramc_pi_basic_api_1_start + 0x3214, R_MIPS16_26, DramcModeRegWrite_PC4
.reloc __recon_dramc_pi_basic_api_1_start + 0x321a, R_MIPS16_26, pause_polling
.reloc __recon_dramc_pi_basic_api_1_start + 0x3228, R_MIPS16_26, DramcModeRegWrite_PC4
.reloc __recon_dramc_pi_basic_api_1_start + 0x322e, R_MIPS16_26, pause_polling
.reloc __recon_dramc_pi_basic_api_1_start + 0x323c, R_MIPS16_26, DramcModeRegWrite_PC4
.reloc __recon_dramc_pi_basic_api_1_start + 0x3242, R_MIPS16_26, pause_polling
.reloc __recon_dramc_pi_basic_api_1_start + 0x3250, R_MIPS16_26, DramcModeRegWrite_PC4
.reloc __recon_dramc_pi_basic_api_1_start + 0x3256, R_MIPS16_26, pause_polling
.reloc __recon_dramc_pi_basic_api_1_start + 0x3262, R_MIPS16_26, ucDram_Register_Write
.reloc __recon_dramc_pi_basic_api_1_start + 0x326e, R_MIPS16_26, ucDram_Register_Write
.reloc __recon_dramc_pi_basic_api_1_start + 0x3278, R_MIPS16_26, vIO32Write4BMsk
.reloc __recon_dramc_pi_basic_api_1_start + 0x327e, R_MIPS16_26, pause_polling
.reloc __recon_dramc_pi_basic_api_1_start + 0x3288, R_MIPS16_26, vIO32Write4BMsk
.reloc __recon_dramc_pi_basic_api_1_start + 0x328e, R_MIPS16_26, pause_polling
.reloc __recon_dramc_pi_basic_api_1_start + 0x32a0, R_MIPS16_26, vIO32Write4BMsk
.reloc __recon_dramc_pi_basic_api_1_start + 0x32aa, R_MIPS16_26, vIO32Write4BMsk
.reloc __recon_dramc_pi_basic_api_1_start + 0x32b0, R_MIPS16_26, pause_polling
.reloc __recon_dramc_pi_basic_api_1_start + 0x32ba, R_MIPS16_26, vIO32Write4BMsk
.reloc __recon_dramc_pi_basic_api_1_start + 0x32c6, R_MIPS16_26, ucDram_Register_Write
.reloc __recon_dramc_pi_basic_api_1_start + 0x32d0, R_MIPS16_26, vIO32Write4BMsk
.reloc __recon_dramc_pi_basic_api_1_start + 0x32de, R_MIPS16_26, vIO32Write4BMsk
.reloc __recon_dramc_pi_basic_api_1_start + 0x32ea, R_MIPS16_26, vIO32Write4BMsk
.reloc __recon_dramc_pi_basic_api_1_start + 0x32f6, R_MIPS16_26, vIO32Write4BMsk
.reloc __recon_dramc_pi_basic_api_1_start + 0x3308, R_MIPS16_26, vIO32Write4BMsk
.reloc __recon_dramc_pi_basic_api_1_start + 0x3318, R_MIPS16_26, vIO32Write4BMsk
.reloc __recon_dramc_pi_basic_api_1_start + 0x3328, R_MIPS16_26, vIO32Write4BMsk
.reloc __recon_dramc_pi_basic_api_1_start + 0x333a, R_MIPS16_26, vIO32Write4BMsk
.reloc __recon_dramc_pi_basic_api_1_start + 0x334a, R_MIPS16_26, vIO32Write4BMsk
.reloc __recon_dramc_pi_basic_api_1_start + 0x3354, R_MIPS16_26, vIO32Write4BMsk
.reloc __recon_dramc_pi_basic_api_1_start + 0x3364, R_MIPS16_26, vIO32Write4BMsk
.reloc __recon_dramc_pi_basic_api_1_start + 0x3372, R_MIPS16_26, vIO32Write4BMsk
.reloc __recon_dramc_pi_basic_api_1_start + 0x3380, R_MIPS16_26, ucDram_Register_Write
.reloc __recon_dramc_pi_basic_api_1_start + 0x338e, R_MIPS16_26, vIO32Write4BMsk
.reloc __recon_dramc_pi_basic_api_1_start + 0x339c, R_MIPS16_26, vIO32Write4BMsk
.reloc __recon_dramc_pi_basic_api_1_start + 0x33ae, R_MIPS16_26, vIO32Write4BMsk
.reloc __recon_dramc_pi_basic_api_1_start + 0x33b8, R_MIPS16_26, vIO32Write4BMsk
.reloc __recon_dramc_pi_basic_api_1_start + 0x33c6, R_MIPS16_26, vIO32Write4BMsk
.reloc __recon_dramc_pi_basic_api_1_start + 0x33d8, R_MIPS16_26, vIO32Write4BMsk
.reloc __recon_dramc_pi_basic_api_1_start + 0x33e4, R_MIPS16_26, vIO32Write4BMsk
.reloc __recon_dramc_pi_basic_api_1_start + 0x33f4, R_MIPS16_26, ucDram_Register_Write
.reloc __recon_dramc_pi_basic_api_1_start + 0x3400, R_MIPS16_26, vIO32Write4BMsk
.reloc __recon_dramc_pi_basic_api_1_start + 0x340a, R_MIPS16_26, vIO32Write4BMsk
.reloc __recon_dramc_pi_basic_api_1_start + 0x3414, R_MIPS16_26, ucDram_Register_Write
.reloc __recon_dramc_pi_basic_api_1_start + 0x3420, R_MIPS16_26, vIO32Write4BMsk
.reloc __recon_dramc_pi_basic_api_1_start + 0x342c, R_MIPS16_26, vIO32Write4BMsk
.reloc __recon_dramc_pi_basic_api_1_start + 0x343a, R_MIPS16_26, prom_puts
.reloc __recon_dramc_pi_basic_api_1_start + 0x37d0, R_MIPS_32, __recon_dramc_pi_basic_api_9_start
.reloc __recon_dramc_pi_basic_api_1_start + 0x37d4, R_MIPS_32, ACTimingTable
.reloc __recon_dramc_pi_basic_api_1_start + 0x37d8, R_MIPS_32, __recon_dramc_pi_basic_api_9_start
.reloc __recon_dramc_pi_basic_api_1_start + 0x3a08, R_MIPS_32, __recon_dramc_pi_basic_api_9_start
.reloc __recon_dramc_pi_basic_api_1_start + 0x3a20, R_MIPS16_26, vIO32Write4BMsk_All
.reloc __recon_dramc_pi_basic_api_1_start + 0x3a2a, R_MIPS16_26, vIO32Write4BMsk_All
.set nomips16

.section .data,"aw",@progbits
.balign 16
.set __recon_dramc_pi_basic_api_3_start, .

.section .bss,"aw",@nobits
.balign 16
.set __recon_dramc_pi_basic_api_4_start, .
.type uiReg0D0h, @object
uiReg0D0h:
.space 16

.section .rodata.str1.4,"a",@progbits
.balign 4
.set __recon_dramc_pi_basic_api_9_start, .
.byte 0x45, 0x6e, 0x61, 0x62, 0x6c, 0x65, 0x20, 0x53, 0x53, 0x43, 0x0a, 0x00, 0x44, 0x44, 0x52, 0x31
.byte 0x36, 0x30, 0x30, 0x20, 0x50, 0x4c, 0x4c, 0x20, 0x73, 0x65, 0x74, 0x74, 0x69, 0x6e, 0x67, 0x20
.byte 0x69, 0x6e, 0x69, 0x74, 0x0a, 0x00, 0x00, 0x00, 0x44, 0x44, 0x52, 0x31, 0x38, 0x36, 0x36, 0x20
.byte 0x50, 0x4c, 0x4c, 0x20, 0x73, 0x65, 0x74, 0x74, 0x69, 0x6e, 0x67, 0x20, 0x69, 0x6e, 0x69, 0x74
.byte 0x0a, 0x00, 0x00, 0x00, 0x50, 0x4c, 0x4c, 0x20, 0x64, 0x65, 0x66, 0x61, 0x6c, 0x75, 0x74, 0x20
.byte 0x63, 0x61, 0x73, 0x65, 0x2e, 0x0a, 0x00, 0x00, 0x46, 0x56, 0x43, 0x4f, 0x20, 0x00, 0x00, 0x00
.byte 0x4d, 0x48, 0x7a, 0x20, 0x69, 0x73, 0x20, 0x74, 0x6f, 0x6f, 0x20, 0x6c, 0x61, 0x72, 0x67, 0x65
.byte 0x21, 0x20, 0x54, 0x72, 0x79, 0x20, 0x74, 0x6f, 0x20, 0x61, 0x64, 0x6a, 0x75, 0x73, 0x74, 0x2e
.byte 0x2e, 0x2e, 0x0a, 0x00, 0x46, 0x56, 0x43, 0x4f, 0x20, 0x63, 0x61, 0x6e, 0x6e, 0x6f, 0x74, 0x20
.byte 0x61, 0x64, 0x6a, 0x75, 0x73, 0x74, 0x2e, 0x2e, 0x2e, 0x0a, 0x00, 0x00, 0x4d, 0x48, 0x7a, 0x20
.byte 0x69, 0x73, 0x20, 0x74, 0x6f, 0x6f, 0x20, 0x73, 0x6d, 0x61, 0x6c, 0x6c, 0x21, 0x20, 0x54, 0x72
.byte 0x79, 0x20, 0x74, 0x6f, 0x20, 0x61, 0x64, 0x6a, 0x75, 0x73, 0x74, 0x2e, 0x2e, 0x2e, 0x0a, 0x00
.byte 0x50, 0x43, 0x57, 0x20, 0x3d, 0x20, 0x30, 0x78, 0x00, 0x00, 0x00, 0x00, 0x20, 0x69, 0x73, 0x20
.byte 0x74, 0x6f, 0x6f, 0x20, 0x6c, 0x61, 0x72, 0x67, 0x65, 0x21, 0x20, 0x54, 0x72, 0x79, 0x20, 0x74
.byte 0x6f, 0x20, 0x61, 0x64, 0x6a, 0x75, 0x73, 0x74, 0x2e, 0x2e, 0x2e, 0x0a, 0x00, 0x00, 0x00, 0x00
.byte 0x43, 0x61, 0x6e, 0x6e, 0x6f, 0x74, 0x20, 0x61, 0x64, 0x6a, 0x75, 0x73, 0x74, 0x2e, 0x2e, 0x2e
.byte 0x0a, 0x00, 0x00, 0x00, 0x20, 0x69, 0x73, 0x20, 0x74, 0x6f, 0x6f, 0x20, 0x53, 0x6d, 0x61, 0x6c
.byte 0x6c, 0x21, 0x20, 0x54, 0x72, 0x79, 0x20, 0x74, 0x6f, 0x20, 0x61, 0x64, 0x6a, 0x75, 0x73, 0x74
.byte 0x2e, 0x2e, 0x2e, 0x0a, 0x00, 0x00, 0x00, 0x00, 0x46, 0x69, 0x72, 0x65, 0x20, 0x4d, 0x52, 0x57
.byte 0x20, 0x63, 0x6f, 0x6d, 0x6d, 0x61, 0x6e, 0x64, 0x2e, 0x2e, 0x2e, 0x0a, 0x00, 0x00, 0x00, 0x00
.byte 0x4d, 0x6f, 0x64, 0x65, 0x52, 0x65, 0x67, 0x2e, 0x00, 0x00, 0x00, 0x00, 0x2c, 0x20, 0x76, 0x61
.byte 0x6c, 0x75, 0x65, 0x2e, 0x30, 0x78, 0x00, 0x00, 0x20, 0x64, 0x6f, 0x6e, 0x65, 0x0a, 0x00, 0x00
.byte 0x5b, 0x44, 0x72, 0x61, 0x6d, 0x63, 0x5d, 0x20, 0x50, 0x43, 0x44, 0x44, 0x52, 0x33, 0x20, 0x41
.byte 0x43, 0x20, 0x54, 0x69, 0x6d, 0x69, 0x6e, 0x67, 0x20, 0x75, 0x70, 0x64, 0x61, 0x74, 0x65, 0x20
.byte 0x0a, 0x00, 0x00, 0x00, 0x45, 0x72, 0x72, 0x6f, 0x72, 0x3a, 0x20, 0x4e, 0x6f, 0x20, 0x6d, 0x61
.byte 0x74, 0x63, 0x68, 0x20, 0x41, 0x43, 0x54, 0x69, 0x6d, 0x69, 0x6e, 0x67, 0x20, 0x66, 0x6f, 0x75
.byte 0x6e, 0x64, 0x0a, 0x00, 0x4e, 0x6f, 0x74, 0x20, 0x73, 0x75, 0x70, 0x70, 0x6f, 0x72, 0x74, 0x20
.byte 0x74, 0x68, 0x69, 0x73, 0x20, 0x44, 0x44, 0x52, 0x20, 0x74, 0x79, 0x70, 0x65, 0x2e, 0x0a, 0x00

.section .rodata,"a",@progbits
.balign 16
.set __recon_dramc_pi_basic_api_10_start, .
.globl ACTimingTable
.type ACTimingTable, @object
ACTimingTable:
.byte 0x04, 0x00, 0x40, 0x06, 0x00, 0x00, 0x00, 0x00, 0x06, 0x00, 0x04, 0x00, 0x00, 0x00, 0x0b, 0x00
.byte 0x81, 0x00, 0x18, 0x00, 0x00, 0x00, 0x02, 0x00, 0x04, 0x00, 0x0b, 0x00, 0x07, 0x00, 0x02, 0x00
.byte 0x08, 0x00, 0x09, 0x00, 0x0c, 0x00, 0x00, 0x00, 0x97, 0x00, 0xff, 0x00, 0x1e, 0x00, 0x08, 0x00
.byte 0x09, 0x00, 0x01, 0x00, 0x03, 0x00, 0x00, 0x00, 0x00, 0x00, 0x00, 0x00, 0x00, 0x00, 0x01, 0x00
.byte 0x00, 0x00, 0x01, 0x00, 0x00, 0x00, 0x00, 0x00, 0x01, 0x00, 0x00, 0x00, 0x01, 0x00, 0x00, 0x00
.byte 0x01, 0x00, 0x00, 0x00, 0x00, 0x00, 0x00, 0x00, 0x00, 0x00, 0x00, 0x00, 0x00, 0x00, 0x00, 0x00
.byte 0x00, 0x00, 0x08, 0x00, 0x04, 0x00, 0x04, 0x00, 0x0b, 0x00, 0x00, 0x00, 0x01, 0x00, 0x0e, 0x00
.byte 0x00, 0x00, 0x00, 0x00, 0x04, 0x00, 0x4a, 0x07, 0x00, 0x00, 0x00, 0x00, 0x09, 0x00, 0x06, 0x00
.byte 0x00, 0x00, 0x0f, 0x00, 0x81, 0x00, 0x18, 0x00, 0x02, 0x00, 0x04, 0x00, 0x06, 0x00, 0x0f, 0x00
.byte 0x08, 0x00, 0x03, 0x00, 0x09, 0x00, 0x0a, 0x00, 0x0d, 0x00, 0x00, 0x00, 0x60, 0x00, 0xff, 0x00
.byte 0x25, 0x00, 0x08, 0x00, 0x09, 0x00, 0x01, 0x00, 0x03, 0x00, 0x00, 0x00, 0x00, 0x00, 0x00, 0x00
.byte 0x00, 0x00, 0x01, 0x00, 0x00, 0x00, 0x01, 0x00, 0x00, 0x00, 0x00, 0x00, 0x01, 0x00, 0x00, 0x00
.byte 0x01, 0x00, 0x00, 0x00, 0x01, 0x00, 0x00, 0x00, 0x01, 0x00, 0x00, 0x00, 0x00, 0x00, 0x00, 0x00
.byte 0x00, 0x00, 0x00, 0x00, 0x00, 0x00, 0x08, 0x00, 0x04, 0x00, 0x05, 0x00, 0x0b, 0x00, 0x00, 0x00
.byte 0x01, 0x00, 0x0e, 0x00, 0x00, 0x00, 0x00, 0x00, 0x05, 0x00, 0x40, 0x06, 0x00, 0x00, 0x00, 0x00
.byte 0x06, 0x00, 0x05, 0x00, 0x00, 0x00, 0x0b, 0x00, 0x81, 0x00, 0x18, 0x00, 0x00, 0x00, 0x02, 0x00
.byte 0x05, 0x00, 0x0c, 0x00, 0x05, 0x00, 0x02, 0x00, 0x06, 0x00, 0x09, 0x00, 0x0c, 0x00, 0x00, 0x00
.byte 0x97, 0x00, 0xff, 0x00, 0x3e, 0x00, 0x0c, 0x00, 0x10, 0x00, 0x02, 0x00, 0x05, 0x00, 0x02, 0x00
.byte 0x07, 0x00, 0x02, 0x00, 0x00, 0x00, 0x01, 0x00, 0x00, 0x00, 0x01, 0x00, 0x00, 0x00, 0x00, 0x00
.byte 0x01, 0x00, 0x00, 0x00, 0x01, 0x00, 0x01, 0x00, 0x00, 0x00, 0x00, 0x00, 0x00, 0x00, 0x00, 0x00
.byte 0x00, 0x00, 0x01, 0x00, 0x01, 0x00, 0x00, 0x00, 0x00, 0x00, 0x08, 0x00, 0x01, 0x00, 0x04, 0x00
.byte 0x0c, 0x00, 0x00, 0x00, 0x01, 0x00, 0x0f, 0x00, 0x00, 0x00, 0x00, 0x00, 0x05, 0x00, 0x4a, 0x07
.byte 0x00, 0x00, 0x00, 0x00, 0x0e, 0x00, 0x07, 0x00, 0x00, 0x00, 0x0e, 0x00, 0x98, 0x00, 0x18, 0x00
.byte 0x02, 0x00, 0x02, 0x00, 0x07, 0x00, 0x0c, 0x00, 0x0f, 0x00, 0x03, 0x00, 0x0a, 0x00, 0x09, 0x00
.byte 0x0c, 0x00, 0x00, 0x00, 0x97, 0x00, 0xff, 0x00, 0x3e, 0x00, 0x0c, 0x00, 0x10, 0x00, 0x02, 0x00
.byte 0x05, 0x00, 0x02, 0x00, 0x07, 0x00, 0x02, 0x00, 0x00, 0x00, 0x01, 0x00, 0x00, 0x00, 0x01, 0x00
.byte 0x00, 0x00, 0x00, 0x00, 0x01, 0x00, 0x00, 0x00, 0x01, 0x00, 0x01, 0x00, 0x00, 0x00, 0x00, 0x00
.byte 0x00, 0x00, 0x00, 0x00, 0x00, 0x00, 0x01, 0x00, 0x01, 0x00, 0x00, 0x00, 0x00, 0x00, 0x08, 0x00
.byte 0x01, 0x00, 0x04, 0x00, 0x0c, 0x00, 0x00, 0x00, 0x01, 0x00, 0x0f, 0x00, 0x00, 0x00, 0x00, 0x00

